bodyId,type,instance,somaSide
10001,DNp01,DNp01(GF)_R,R
10006,VS,VS_L,L
10010,DNp01,DNp01(GF)_L,L
10012,VS,VS_R,R
10015,HSN,HSN_R,R
10016,HSE,HSE_R,R
10023,HSS,HSS_R,R
10034,HSE,HSE_L,L
10037,VS,VS_R,R
10073,VS,VS_L,L
10106,DNp11,DNp11_R,R
10112,VS,VS_R,R
10117,DNp02,DNp02_R,R
10161,VS,VS_L,L
10181,HSN,HSN_L,L
10197,DNp02,DNp02_L,L
10206,VS,VS_R,R
10228,DNp06,DNp06_L,L
10259,DNp11,DNp11_L,L
10284,VS,VS_R,R
10311,VS,VS_R,R
10403,VS,VS_R,R
10419,HSS,HSS_L,L
10584,DNp06,DNp06_R,R
10752,DNp03,DNp03_L,L
10766,VS,VS_R,R
10801,LPLC4,LPLC4_L,L
10989,DNp03,DNp03_R,R
11137,DNp04,DNp04_R,R
11498,LPLC2,LPLC2_L,L
11551,VS,VS_R,R
11747,LC11,LC11_L,L
12032,LC4,LC4_L,L
12052,LPLC1,LPLC1_L,L
12114,LPLC1,LPLC1_L,L
12190,VS,VS_L,L
12349,LC4,LC4_L,L
12384,LPLC2,LPLC2_L,L
12397,LPLC1,LPLC1_L,L
12574,LPLC4,LPLC4_L,L
12661,LPLC1,LPLC1_L,L
12824,LC4,LC4_L,L
13086,LPLC1,LPLC1_L,L
13110,LPLC1,LPLC1_L,L
13132,LPLC2,LPLC2_L,L
13180,LPLC1,LPLC1_L,L
13487,LC11,LC11_L,L
13635,LC11,LC11_L,L
13726,LPLC2,LPLC2_L,L
13764,LPLC2,LPLC2_L,L
13882,T4a,T4a_L,L
13909,LPLC4,LPLC4_L,L
14030,LPLC2,LPLC2_L,L
14102,LPLC2,LPLC2_L,L
14132,LPLC4,LPLC4_L,L
14164,LC11,LC11_L,L
14326,T5b,T5b_L,L
14465,LPLC2,LPLC2_R,R
14535,LPLC1,LPLC1_L,L
14588,LPLC4,LPLC4_L,L
14689,LPLC1,LPLC1_L,L
14731,LPLC1,LPLC1_L,L
14888,LC4,LC4_L,L
15018,LC4,LC4_L,L
15020,LC11,LC11_L,L
15049,LPLC1,LPLC1_L,L
15058,LPLC1,LPLC1_L,L
15253,LPLC1,LPLC1_L,L
15599,LPLC4,LPLC4_L,L
15664,LPLC4,LPLC4_L,L
15804,LPLC2,LPLC2_L,L
15893,LPLC1,LPLC1_L,L
15935,LPLC4,LPLC4_L,L
15951,LPLC4,LPLC4_L,L
16122,T4c,T4c_L,L
16128,LC4,LC4_R,R
16138,LC4,LC4_R,R
16304,LPLC4,LPLC4_L,L
16310,T4c,T4c_L,L
16377,LPLC1,LPLC1_L,L
16469,LPLC4,LPLC4_R,R
16628,LC4,LC4_R,R
16737,T4a,T4a_L,L
16768,LPLC1,LPLC1_L,L
16809,LC4,LC4_L,L
16917,LC4,LC4_L,L
16971,LC11,LC11_L,L
17054,LC4,LC4_R,R
17059,LPLC2,LPLC2_L,L
17266,LC4,LC4_R,R
17270,LC4,LC4_L,L
17302,LPLC4,LPLC4_R,R
17307,LPLC4,LPLC4_R,R
17340,LC4,LC4_L,L
17364,LC4,LC4_R,R
17476,LC11,LC11_L,L
17478,LC4,LC4_L,L
17544,LPLC2,LPLC2_L,L
17548,LC4,LC4_R,R
17551,LPLC2,LPLC2_R,R
17608,LC4,LC4_L,L
17653,LC4,LC4_L,L
17668,LC4,LC4_R,R
17677,LPLC4,LPLC4_R,R
17734,LPLC1,LPLC1_L,L
17774,LPLC2,LPLC2_L,L
17775,LPLC2,LPLC2_L,L
17831,LPLC4,LPLC4_R,R
17857,LPLC1,LPLC1_L,L
17860,LC4,LC4_R,R
17880,LPLC2,LPLC2_L,L
17926,LC4,LC4_R,R
17987,LC4,LC4_R,R
17990,LPLC2,LPLC2_L,L
17993,LPLC4,LPLC4_L,L
18079,LPLC4,LPLC4_R,R
18127,LC4,LC4_R,R
18145,LPLC4,LPLC4_L,L
18155,LPLC4,LPLC4_L,L
18189,LC4,LC4_R,R
18256,T5b,T5b_L,L
18282,LPLC4,LPLC4_R,R
18314,LPLC4,LPLC4_R,R
18365,LPLC4,LPLC4_L,L
18384,LPLC4,LPLC4_R,R
18396,LC4,LC4_L,L
18432,LC4,LC4_L,L
18477,LPLC1,LPLC1_L,L
18478,LC4,LC4_L,L
18506,LPLC1,LPLC1_L,L
18558,LPLC4,LPLC4_L,L
18605,LPLC4,LPLC4_R,R
18631,LPLC4,LPLC4_R,R
18661,LPLC4,LPLC4_R,R
18672,LPLC2,LPLC2_R,R
18710,LPLC1,LPLC1_R,R
18718,LPLC4,LPLC4_L,L
18742,LPLC1,LPLC1_R,R
18746,LPLC4,LPLC4_R,R
18809,LPLC4,LPLC4_R,R
18895,LPLC4,LPLC4_R,R
18900,LPLC2,LPLC2_L,L
18918,LPLC4,LPLC4_L,L
18929,LPLC2,LPLC2_R,R
18936,LPLC2,LPLC2_L,L
18943,LPLC4,LPLC4_R,R
18970,LPLC4,LPLC4_R,R
18986,LPLC4,LPLC4_L,L
19034,LPLC2,LPLC2_R,R
19050,LPLC4,LPLC4_R,R
19114,LPLC1,LPLC1_R,R
19146,LPLC2,LPLC2_R,R
19153,LC11,LC11_L,L
19202,LPLC4,LPLC4_R,R
19210,LPLC1,LPLC1_R,R
19229,LPLC2,LPLC2_R,R
19249,LPLC2,LPLC2_R,R
19260,LC4,LC4_R,R
19403,LPLC1,LPLC1_R,R
19420,LC4,LC4_R,R
19529,LPLC4,LPLC4_R,R
19543,LC4,LC4_R,R
19549,LPLC2,LPLC2_R,R
19550,LC4,LC4_R,R
19578,LPLC1,LPLC1_L,L
19580,LPLC4,LPLC4_R,R
19588,VS,VS_L,L
19589,LPLC2,LPLC2_R,R
19599,LPLC4,LPLC4_R,R
19608,LPLC2,LPLC2_R,R
19634,LC4,LC4_R,R
19653,LPLC1,LPLC1_R,R
19677,LPLC4,LPLC4_L,L
19685,LPLC1,LPLC1_R,R
19787,LPLC2,LPLC2_L,L
19794,LC4,LC4_R,R
19830,LPLC2,LPLC2_L,L
19842,LPLC2,LPLC2_R,R
19855,LPLC1,LPLC1_L,L
19911,LPLC2,LPLC2_L,L
19954,LC4,LC4_R,R
20016,LC4,LC4_R,R
20031,LPLC1,LPLC1_R,R
20036,LPLC1,LPLC1_R,R
20040,LPLC4,LPLC4_L,L
20047,LPLC2,LPLC2_R,R
20074,LPLC1,LPLC1_L,L
20083,LPLC1,LPLC1_R,R
20103,LPLC2,LPLC2_R,R
20162,LPLC2,LPLC2_R,R
20175,LPLC4,LPLC4_R,R
20176,LC11,LC11_R,R
20182,LPLC2,LPLC2_R,R
20210,LPLC4,LPLC4_R,R
20219,LPLC4,LPLC4_L,L
20240,LPLC2,LPLC2_L,L
20269,LPLC2,LPLC2_R,R
20282,LC4,LC4_R,R
20292,LPLC1,LPLC1_L,L
20329,LPLC2,LPLC2_L,L
20334,LPLC2,LPLC2_R,R
20361,LC11,LC11_L,L
20388,T4c,T4c_L,L
20399,LC4,LC4_R,R
20440,LC4,LC4_L,L
20471,LPLC2,LPLC2_R,R
20481,LPLC4,LPLC4_R,R
20508,LPLC1,LPLC1_R,R
20535,LPLC2,LPLC2_R,R
20542,LC4,LC4_R,R
20572,LC4,LC4_L,L
20584,LPLC2,LPLC2_R,R
20588,LC4,LC4_R,R
20607,T4c,T4c_L,L
20618,LC11,LC11_R,R
20673,LC4,LC4_R,R
20694,LPLC2,LPLC2_R,R
20749,LPLC2,LPLC2_R,R
20758,LPLC1,LPLC1_L,L
20783,LPLC1,LPLC1_R,R
20799,LPLC2,LPLC2_L,L
20801,LPLC4,LPLC4_R,R
20808,LC4,LC4_R,R
20825,T4c,T4c_L,L
20859,LC4,LC4_L,L
20864,LC11,LC11_L,L
20865,LPLC1,LPLC1_R,R
20872,LPLC4,LPLC4_L,L
20914,LPLC4,LPLC4_L,L
20917,LC4,LC4_R,R
20967,LC4,LC4_L,L
20976,LC4,LC4_L,L
21003,LPLC1,LPLC1_L,L
21023,LPLC1,LPLC1_R,R
21029,LC11,LC11_L,L
21045,LPLC2,LPLC2_R,R
21074,LPLC1,LPLC1_R,R
21151,LC4,LC4_R,R
21159,LPLC4,LPLC4_R,R
21164,LPLC4,LPLC4_R,R
21165,LC4,LC4_R,R
21180,LPLC1,LPLC1_R,R
21186,LC11,LC11_R,R
21216,LPLC4,LPLC4_L,L
21218,T4b,T4b_L,L
21220,LPLC1,LPLC1_R,R
21222,LC11,LC11_L,L
21225,LC4,LC4_R,R
21240,LPLC1,LPLC1_R,R
21249,LC11,LC11_R,R
21282,LPLC1,LPLC1_L,L
21287,LC4,LC4_R,R
21295,LC11,LC11_R,R
21299,LPLC2,LPLC2_L,L
21313,LC4,LC4_R,R
21318,LPLC2,LPLC2_R,R
21336,LC4,LC4_R,R
21352,LPLC4,LPLC4_R,R
21361,LPLC2,LPLC2_L,L
21483,LPLC4,LPLC4_R,R
21540,LPLC1,LPLC1_R,R
21562,LPLC2,LPLC2_R,R
21570,LC11,LC11_R,R
21615,T4c,T4c_L,L
21677,LPLC1,LPLC1_R,R
21684,LPLC1,LPLC1_L,L
21703,LPLC2,LPLC2_R,R
21721,LC4,LC4_L,L
21722,LPLC1,LPLC1_R,R
21738,LPLC4,LPLC4_L,L
21769,LPLC2,LPLC2_R,R
21804,LC4,LC4_R,R
21808,LPLC2,LPLC2_R,R
21850,LPLC1,LPLC1_R,R
21862,LPLC2,LPLC2_R,R
21899,LPLC2,LPLC2_R,R
21967,LPLC1,LPLC1_L,L
22003,T4d,T4d_L,L
22017,T4a,T4a_L,L
22028,LPLC4,LPLC4_R,R
22034,LC4,LC4_R,R
22181,LC11,LC11_R,R
22194,LC4,LC4_R,R
22218,LPLC2,LPLC2_R,R
22253,LPLC2,LPLC2_L,L
22260,LPLC1,LPLC1_L,L
22261,LPLC2,LPLC2_R,R
22274,LPLC1,LPLC1_R,R
22286,LC11,LC11_L,L
22299,LC11,LC11_L,L
22324,LPLC1,LPLC1_R,R
22328,LC4,LC4_R,R
22329,LPLC1,LPLC1_L,L
22447,LPLC1,LPLC1_R,R
22449,LPLC1,LPLC1_R,R
22456,LC11,LC11_L,L
22557,LPLC2,LPLC2_L,L
22599,T4c,T4c_L,L
22648,LC11,LC11_R,R
22656,LC11,LC11_R,R
22662,LC11,LC11_R,R
22670,LC11,LC11_R,R
22677,LPLC2,LPLC2_R,R
22772,LC4,LC4_L,L
22790,LPLC1,LPLC1_R,R
22800,LPLC4,LPLC4_L,L
22847,LC4,LC4_R,R
22867,LPLC1,LPLC1_L,L
22883,LPLC4,LPLC4_L,L
22893,LC11,LC11_R,R
22911,LPLC1,LPLC1_R,R
22918,LPLC4,LPLC4_L,L
22922,LC4,LC4_L,L
22966,LC4,LC4_R,R
22974,LC11,LC11_L,L
22975,LC4,LC4_R,R
23014,T4c,T4c_L,L
23030,LPLC1,LPLC1_R,R
23098,LC4,LC4_R,R
23115,LPLC4,LPLC4_R,R
23116,LPLC1,LPLC1_R,R
23149,LC11,LC11_R,R
23202,LC4,LC4_L,L
23226,LC4,LC4_L,L
23237,LPLC4,LPLC4_L,L
23247,LPLC2,LPLC2_L,L
23271,LPLC4,LPLC4_R,R
23333,LPLC1,LPLC1_R,R
23349,LPLC2,LPLC2_L,L
23392,LC4,LC4_R,R
23394,LPLC4,LPLC4_L,L
23471,LC11,LC11_R,R
23497,LPLC2,LPLC2_R,R
23550,LPLC2,LPLC2_L,L
23590,LPLC2,LPLC2_R,R
23664,LPLC4,LPLC4_R,R
23665,LPLC2,LPLC2_L,L
23716,LC11,LC11_R,R
23751,LPLC1,LPLC1_R,R
23781,LC11,LC11_R,R
23792,LC4,LC4_R,R
23878,LPLC2,LPLC2_R,R
23906,LPLC1,LPLC1_R,R
23919,LPLC2,LPLC2_L,L
23929,LC4,LC4_R,R
23938,LPLC1,LPLC1_R,R
23941,LPLC1,LPLC1_R,R
24099,LC11,LC11_L,L
24118,LPLC2,LPLC2_R,R
24128,LPLC4,LPLC4_L,L
24177,LPLC1,LPLC1_R,R
24187,LPLC2,LPLC2_R,R
24222,LPLC1,LPLC1_R,R
24268,LPLC2,LPLC2_R,R
24288,T4c,T4c_L,L
24308,LPLC2,LPLC2_L,L
24338,LC4,LC4_R,R
24401,LPLC2,LPLC2_R,R
24469,LC11,LC11_R,R
24508,LPLC1,LPLC1_R,R
24523,LC4,LC4_L,L
24568,LPLC2,LPLC2_L,L
24605,LPLC2,LPLC2_L,L
24647,LC11,LC11_R,R
24740,T5d,T5d_L,L
24791,LPLC1,LPLC1_L,L
24794,LPLC1,LPLC1_L,L
24800,LPLC2,LPLC2_R,R
24802,LPLC1,LPLC1_R,R
24820,LPLC1,LPLC1_L,L
24840,LPLC2,LPLC2_L,L
24918,LC11,LC11_R,R
24920,LPLC1,LPLC1_R,R
24947,LC11,LC11_R,R
24953,LC11,LC11_R,R
24992,LPLC4,LPLC4_L,L
25027,LPLC2,LPLC2_L,L
25031,LPLC1,LPLC1_L,L
25136,LPLC2,LPLC2_L,L
25169,LPLC1,LPLC1_R,R
25178,LPLC1,LPLC1_R,R
25209,LPLC2,LPLC2_L,L
25238,LC11,LC11_L,L
25253,LPLC2,LPLC2_R,R
25260,LPLC1,LPLC1_L,L
25267,LPLC2,LPLC2_R,R
25272,T4c,T4c_L,L
25286,LPLC2,LPLC2_L,L
25290,LC11,LC11_R,R
25316,LPLC2,LPLC2_R,R
25356,T4b,T4b_L,L
25386,LPLC1,LPLC1_R,R
25401,LC11,LC11_L,L
25421,T4b,T4b_L,L
25435,LPLC1,LPLC1_L,L
25490,LC11,LC11_R,R
25497,LPLC2,LPLC2_R,R
25511,LPLC2,LPLC2_R,R
25524,LPLC2,LPLC2_L,L
25572,LPLC2,LPLC2_L,L
25575,LPLC2,LPLC2_L,L
25584,LC4,LC4_R,R
25624,LPLC1,LPLC1_R,R
25636,LPLC2,LPLC2_R,R
25679,LPLC1,LPLC1_L,L
25840,LPLC4,LPLC4_R,R
25845,T4c,T4c_L,L
25854,LPLC2,LPLC2_L,L
25870,LPLC1,LPLC1_R,R
25902,LC11,LC11_R,R
26033,LPLC1,LPLC1_R,R
26058,LC11,LC11_R,R
26059,LPLC4,LPLC4_R,R
26112,LC4,LC4_R,R
26132,LC11,LC11_R,R
26147,LPLC2,LPLC2_R,R
26163,LPLC4,LPLC4_R,R
26167,LPLC4,LPLC4_R,R
26274,LC11,LC11_R,R
26333,LPLC1,LPLC1_R,R
26334,LC11,LC11_R,R
26365,LPLC1,LPLC1_R,R
26393,LPLC2,LPLC2_R,R
26416,LPLC2,LPLC2_L,L
26513,T4a,T4a_L,L
26518,T5c,T5c_L,L
26528,LPLC2,LPLC2_L,L
26574,LC11,LC11_R,R
26656,LPLC1,LPLC1_L,L
26730,LPLC2,LPLC2_R,R
26880,LPLC1,LPLC1_R,R
26899,LC11,LC11_R,R
26915,LPLC2,LPLC2_R,R
27023,LPLC2,LPLC2_L,L
27124,LC11,LC11_L,L
27165,LC11,LC11_R,R
27355,LPLC2,LPLC2_L,L
27389,T4a,T4a_L,L
27399,LPLC2,LPLC2_L,L
27427,LC11,LC11_R,R
27471,LPLC2,LPLC2_R,R
27540,T4a,T4a_L,L
27566,LPLC2,LPLC2_R,R
27613,LC11,LC11_L,L
27624,LC4,LC4_L,L
27659,LC11,LC11_L,L
27716,LPLC2,LPLC2_L,L
27750,LC4,LC4_L,L
27796,LPLC2,LPLC2_L,L
27829,LC4,LC4_L,L
27882,LPLC4,LPLC4_R,R
27884,LC11,LC11_R,R
28003,LPLC2,LPLC2_R,R
28011,LPLC2,LPLC2_L,L
28033,LPLC1,LPLC1_R,R
28035,LC11,LC11_R,R
28044,LPLC2,LPLC2_R,R
28080,LPLC1,LPLC1_L,L
28140,LPLC4,LPLC4_L,L
28162,LC11,LC11_R,R
28188,LPLC2,LPLC2_L,L
28191,LPLC4,LPLC4_R,R
28199,LC11,LC11_R,R
28208,LC11,LC11_R,R
28228,LPLC4,LPLC4_R,R
28239,LPLC1,LPLC1_L,L
28249,LPLC1,LPLC1_R,R
28403,LC11,LC11_R,R
28420,LC11,LC11_R,R
28422,LC11,LC11_R,R
28457,LC11,LC11_L,L
28586,LPLC1,LPLC1_R,R
28656,LPLC1,LPLC1_L,L
28723,LPLC1,LPLC1_R,R
28741,LPLC2,LPLC2_R,R
28871,LPLC2,LPLC2_R,R
28887,LC11,LC11_L,L
28945,LC4,LC4_R,R
28980,LC4,LC4_L,L
28983,LC11,LC11_L,L
29014,LPLC2,LPLC2_R,R
29061,LC11,LC11_R,R
29183,LPLC2,LPLC2_R,R
29201,T5d,T5d_L,L
29209,LC11,LC11_R,R
29216,LPLC2,LPLC2_R,R
29287,LPLC2,LPLC2_R,R
29319,LPLC2,LPLC2_L,L
29335,LPLC4,LPLC4_R,R
29383,LPLC1,LPLC1_L,L
29386,LPLC4,LPLC4_R,R
29391,LPLC2,LPLC2_R,R
29417,LC4,LC4_L,L
29435,LPLC1,LPLC1_L,L
29453,LC11,LC11_R,R
29469,LC4,LC4_L,L
29480,LC11,LC11_L,L
29514,LC4,LC4_L,L
29518,LC11,LC11_R,R
29529,LPLC1,LPLC1_R,R
29563,LC4,LC4_R,R
29598,LPLC2,LPLC2_R,R
29600,LC11,LC11_R,R
29660,LC11,LC11_R,R
29702,LPLC2,LPLC2_L,L
29753,LPLC2,LPLC2_L,L
29815,LPLC2,LPLC2_L,L
29843,LC11,LC11_L,L
29857,T4b,T4b_L,L
29873,LPLC2,LPLC2_R,R
29904,LC11,LC11_R,R
29937,LPLC1,LPLC1_R,R
29955,LPLC2,LPLC2_L,L
29986,LPLC2,LPLC2_R,R
30041,LPLC2,LPLC2_R,R
30087,LC4,LC4_L,L
30207,LPLC2,LPLC2_R,R
30247,LC11,LC11_R,R
30276,LPLC4,LPLC4_L,L
30286,LPLC1,LPLC1_L,L
30388,LC11,LC11_R,R
30469,LC11,LC11_L,L
30480,LC4,LC4_R,R
30512,LPLC2,LPLC2_L,L
30535,LC11,LC11_R,R
30580,LC11,LC11_R,R
30640,LPLC4,LPLC4_L,L
30734,T4d,T4d_L,L
30803,LC4,LC4_R,R
30814,LPLC1,LPLC1_R,R
30877,LPLC1,LPLC1_L,L
30880,LC11,LC11_L,L
30893,LPLC2,LPLC2_L,L
30895,LPLC2,LPLC2_L,L
30898,LC11,LC11_R,R
30938,LPLC2,LPLC2_R,R
31040,LC11,LC11_R,R
31077,LC11,LC11_R,R
31105,LPLC2,LPLC2_L,L
31116,LC11,LC11_R,R
31132,LPLC1,LPLC1_R,R
31257,LPLC2,LPLC2_R,R
31262,LC4,LC4_R,R
31301,LC4,LC4_L,L
31308,LC4,LC4_L,L
31429,LC4,LC4_L,L
31471,LC11,LC11_R,R
31514,LC11,LC11_R,R
31563,LPLC2,LPLC2_L,L
31592,LPLC1,LPLC1_R,R
31661,LPLC1,LPLC1_L,L
31746,LC11,LC11_L,L
31907,T4d,T4d_L,L
31964,LPLC2,LPLC2_R,R
31988,LPLC2,LPLC2_R,R
32059,LC11,LC11_L,L
32104,LC11,LC11_R,R
32223,LPLC2,LPLC2_L,L
32237,LPLC2,LPLC2_L,L
32290,LPLC1,LPLC1_L,L
32305,LC11,LC11_R,R
32341,LPLC4,LPLC4_R,R
32343,LPLC1,LPLC1_R,R
32372,T5d,T5d_L,L
32507,LPLC2,LPLC2_R,R
32508,LPLC4,LPLC4_R,R
32597,LC4,LC4_L,L
32633,T4b,T4b_L,L
32737,LPLC2,LPLC2_L,L
32754,LC11,LC11_R,R
32764,T4a,T4a_L,L
32839,LC11,LC11_R,R
33085,LPLC4,LPLC4_R,R
33137,LC4,LC4_L,L
33185,LPLC2,LPLC2_R,R
33303,LPLC2,LPLC2_L,L
33357,T4a,T4a_L,L
33396,LPLC2,LPLC2_R,R
33406,LPLC2,LPLC2_L,L
33439,LPLC2,LPLC2_R,R
33539,LPLC4,LPLC4_R,R
33599,LPLC1,LPLC1_L,L
33610,LC11,LC11_L,L
33694,LPLC2,LPLC2_R,R
33897,LPLC1,LPLC1_R,R
33910,LPLC1,LPLC1_L,L
33965,LPLC2,LPLC2_L,L
34051,LPLC2,LPLC2_L,L
34110,LPLC2,LPLC2_R,R
34128,T4b,T4b_L,L
34202,T4d,T4d_L,L
34228,LC11,LC11_R,R
34230,T4a,T4a_L,L
34372,LPLC2,LPLC2_R,R
34407,LPLC2,LPLC2_L,L
34436,T4a,T4a_L,L
34655,LPLC2,LPLC2_L,L
34681,LPLC2,LPLC2_R,R
34694,LC11,LC11_R,R
34810,T5d,T5d_L,L
34845,LC4,LC4_L,L
34943,T5d,T5d_L,L
35240,LC11,LC11_R,R
35262,LC4,LC4_L,L
35294,LPLC2,LPLC2_L,L
35368,T4c,T4c_L,L
35543,LC11,LC11_L,L
35616,LC4,LC4_L,L
35618,LPLC4,LPLC4_R,R
35632,LPLC2,LPLC2_R,R
35680,LPLC2,LPLC2_R,R
35701,T5b,T5b_L,L
35778,T4d,T4d_L,L
35782,LC11,LC11_L,L
35838,LPLC2,LPLC2_R,R
35889,LPLC2,LPLC2_R,R
35904,T5d,T5d_L,L
35938,LC11,LC11_R,R
36377,LPLC1,LPLC1_R,R
36521,T4d,T4d_L,L
36539,LC11,LC11_R,R
36692,LC11,LC11_R,R
36853,T4b,T4b_L,L
36943,LC11,LC11_R,R
37166,T4c,T4c_L,L
37200,LC11,LC11_R,R
37290,LC11,LC11_R,R
37431,LPLC2,LPLC2_R,R
37441,LPLC1,LPLC1_R,R
37482,T5b,T5b_L,L
37587,LC4,LC4_L,L
37613,LPLC2,LPLC2_R,R
37795,T4c,T4c_L,L
37848,LC11,LC11_L,L
37925,LPLC2,LPLC2_R,R
38065,LC4,LC4_R,R
38089,T4b,T4b_L,L
38126,T4c,T4c_L,L
38211,T5b,T5b_L,L
38220,T5c,T5c_R,R
38249,T4c,T4c_L,L
38258,LC11,LC11_L,L
38440,T4d,T4d_L,L
38494,T4b,T4b_L,L
38542,LPLC2,LPLC2_R,R
38841,T4b,T4b_L,L
39151,LPLC1,LPLC1_R,R
39181,T4a,T4a_L,L
39206,LPLC1,LPLC1_R,R
39620,LPLC2,LPLC2_R,R
39769,T5d,T5d_L,L
39859,T4a,T4a_L,L
39894,T4b,T4b_R,R
39993,T4c,T4c_L,L
40423,T5d,T5d_L,L
40511,T4d,T4d_L,L
40696,T5b,T5b_L,L
40811,LPLC2,LPLC2_L,L
40822,T4d,T4d_L,L
40823,LC11,LC11_L,L
40841,LPLC2,LPLC2_L,L
41097,LPLC2,LPLC2_L,L
41419,T4b,T4b_L,L
41562,LC11,LC11_R,R
41839,LPLC4,LPLC4_R,R
41850,LC11,LC11_L,L
41942,LC11,LC11_L,L
42136,T4a,T4a_L,L
42517,LPLC1,LPLC1_R,R
42773,T5c,T5c_L,L
42778,T5b,T5b_L,L
43046,T5b,T5b_L,L
43060,T4c,T4c_L,L
43109,T4a,T4a_L,L
43236,T4a,T4a_L,L
43240,LC11,LC11_R,R
43401,T4c,T4c_L,L
43435,T4d,T4d_L,L
43452,T4c,T4c_L,L
43541,T4b,T4b_L,L
43674,T5b,T5b_L,L
43822,T4c,T4c_L,L
43914,T4b,T4b_L,L
43983,T4d,T4d_L,L
44889,T4a,T4a_L,L
44988,T4c,T4c_L,L
45009,LC11,LC11_R,R
45495,T5c,T5c_L,L
45509,T4a,T4a_L,L
45600,T5b,T5b_L,L
45676,T4b,T4b_L,L
45737,T4d,T4d_L,L
45817,LC11,LC11_R,R
45923,T4d,T4d_L,L
46162,T5c,T5c_L,L
46342,T5a,T5a_L,L
46485,T4c,T4c_L,L
46585,T4d,T4d_L,L
46708,T5b,T5b_L,L
46863,T5a,T5a_L,L
46952,T5c,T5c_L,L
46982,T4c,T4c_L,L
47149,T5c,T5c_L,L
47218,T5d,T5d_L,L
47466,T4a,T4a_L,L
47645,T5a,T5a_L,L
47786,T4d,T4d_L,L
47918,T4c,T4c_L,L
48370,T4c,T4c_L,L
48728,T4a,T4a_L,L
48804,T5c,T5c_L,L
48955,T4d,T4d_L,L
49119,T4d,T4d_L,L
49126,T4c,T4c_L,L
49129,T4b,T4b_L,L
49386,T4c,T4c_L,L
49411,T4d,T4d_L,L
50167,T4b,T4b_L,L
50287,LPLC2,LPLC2_R,R
50503,T5c,T5c_L,L
50749,T4c,T4c_L,L
50770,T4c,T4c_L,L
50878,T4b,T4b_L,L
51014,T4d,T4d_L,L
51084,T4c,T4c_L,L
51198,T5d,T5d_L,L
51310,T4a,T4a_L,L
51412,T4a,T4a_L,L
51940,T4a,T4a_L,L
51968,T4b,T4b_L,L
52020,T4a,T4a_L,L
52297,LC11,LC11_L,L
52315,T5d,T5d_L,L
52501,T4a,T4a_L,L
52652,LPLC4,LPLC4_L,L
52689,LC11,LC11_L,L
52840,T4a,T4a_L,L
53112,T4a,T4a_L,L
53277,T4c,T4c_L,L
53304,T4b,T4b_L,L
53395,T4c,T4c_L,L
53558,T4d,T4d_L,L
53699,T4b,T4b_L,L
53717,T4a,T4a_L,L
53852,T5b,T5b_L,L
53928,T4a,T4a_L,L
54043,T4a,T4a_L,L
54084,T4d,T4d_L,L
54321,T4c,T4c_L,L
54395,T4b,T4b_L,L
54430,T5d,T5d_L,L
54669,T4c,T4c_L,L
54753,T4a,T4a_L,L
54763,T5b,T5b_L,L
55053,T4d,T4d_L,L
55627,LPLC2,LPLC2_R,R
55643,T4b,T4b_L,L
55698,T4c,T4c_L,L
55714,T4c,T4c_L,L
55824,T5b,T5b_L,L
55918,T4b,T4b_L,L
56168,T5d,T5d_L,L
56252,LC11,LC11_L,L
56326,T5d,T5d_L,L
56486,T4b,T4b_L,L
56569,T5a,T5a_L,L
56714,T4b,T4b_L,L
56768,T4c,T4c_L,L
56996,T4d,T4d_L,L
57045,T4a,T4a_L,L
57198,T4a,T4a_L,L
57284,T4b,T4b_L,L
57399,LC11,LC11_L,L
57618,T4a,T4a_L,L
57623,T4b,T4b_L,L
57845,T4c,T4c_L,L
58066,T4b,T4b_L,L
58135,T4c,T4c_L,L
58171,T5b,T5b_L,L
58273,T5c,T5c_R,R
58360,T5a,T5a_L,L
58457,T4d,T4d_L,L
58533,T5b,T5b_L,L
58569,T4a,T4a_L,L
58714,T4b,T4b_L,L
58749,T5a,T5a_L,L
58755,T5a,T5a_L,L
58940,T5c,T5c_L,L
59066,T4a,T4a_L,L
59072,T4d,T4d_L,L
59112,T4c,T4c_L,L
59165,T5b,T5b_L,L
59181,T5d,T5d_L,L
59202,T5b,T5b_L,L
59225,T4d,T4d_L,L
59240,T5d,T5d_L,L
59255,T5a,T5a_L,L
59327,T4d,T4d_L,L
59354,T4a,T4a_L,L
59456,T4b,T4b_L,L
59457,T4b,T4b_L,L
59549,T5d,T5d_L,L
59609,T4b,T4b_L,L
59627,T5a,T5a_L,L
59654,T5a,T5a_L,L
59768,T4b,T4b_L,L
59793,T5a,T5a_L,L
59812,T4d,T4d_L,L
59951,T4d,T4d_L,L
59987,T4b,T4b_L,L
60250,T4a,T4a_L,L
60460,T4a,T4a_L,L
60485,T4c,T4c_L,L
60631,T4b,T4b_L,L
60693,T4d,T4d_L,L
60821,T4b,T4b_L,L
60839,T5c,T5c_R,R
60840,T4b,T4b_L,L
60842,T5d,T5d_L,L
60880,T4a,T4a_L,L
60926,T4d,T4d_L,L
60947,T4a,T4a_L,L
61007,T4a,T4a_L,L
61267,T4a,T4a_L,L
61318,T4c,T4c_L,L
61342,T4a,T4a_L,L
61383,T4d,T4d_L,L
61503,T5c,T5c_L,L
61565,T4c,T4c_L,L
61586,T5b,T5b_L,L
61597,T4a,T4a_L,L
61644,T4a,T4a_L,L
61678,T5c,T5c_L,L
61726,T4a,T4a_L,L
61736,T4d,T4d_L,L
61827,T4a,T4a_L,L
61833,T4b,T4b_L,L
61925,T5a,T5a_L,L
61994,T4c,T4c_L,L
62019,T4c,T4c_L,L
62060,T5b,T5b_L,L
62122,T4d,T4d_L,L
62251,T5b,T5b_L,L
62317,T4a,T4a_L,L
62454,T5c,T5c_L,L
62535,T4b,T4b_L,L
62543,T4c,T4c_L,L
62566,T4d,T4d_L,L
62578,T4a,T4a_L,L
62684,T4d,T4d_L,L
62734,T5b,T5b_L,L
62735,T4d,T4d_L,L
62747,T4a,T4a_L,L
62915,T4c,T4c_L,L
62942,T4b,T4b_L,L
62968,T5d,T5d_L,L
62970,T4c,T4c_L,L
63031,T4b,T4b_L,L
63071,T5b,T5b_L,L
63096,T4d,T4d_L,L
63211,T4c,T4c_L,L
63371,T4c,T4c_L,L
63393,T5a,T5a_L,L
63409,T5c,T5c_L,L
63479,T4b,T4b_L,L
63480,T4b,T4b_L,L
63532,T4a,T4a_L,L
63644,T4a,T4a_L,L
63653,T4b,T4b_L,L
63757,T5c,T5c_L,L
63796,T4a,T4a_L,L
63842,T4c,T4c_L,L
63988,T4d,T4d_L,L
64021,T4a,T4a_L,L
64085,T4c,T4c_L,L
64110,T4c,T4c_L,L
64143,T4d,T4d_L,L
64169,T4d,T4d_L,L
64314,T4a,T4a_L,L
64516,T4a,T4a_L,L
64550,T4b,T4b_L,L
64583,T4c,T4c_L,L
64629,T4c,T4c_L,L
64630,T4a,T4a_L,L
64692,T4d,T4d_L,L
64751,T5a,T5a_L,L
64796,T4b,T4b_L,L
64823,LC11,LC11_L,L
64979,T4b,T4b_L,L
65051,T4b,T4b_L,L
65072,T4b,T4b_L,L
65135,T4a,T4a_L,L
65178,T5b,T5b_L,L
65211,T4b,T4b_L,L
65257,T5c,T5c_L,L
65259,T4d,T4d_L,L
65271,T4a,T4a_L,L
65302,T4c,T4c_L,L
65320,T4d,T4d_L,L
65399,T4a,T4a_R,R
65547,T4b,T4b_L,L
65553,T4a,T4a_L,L
65557,T4c,T4c_L,L
65617,T4b,T4b_L,L
65652,T5a,T5a_L,L
65677,T5b,T5b_L,L
65763,T4d,T4d_L,L
65823,T4c,T4c_L,L
65841,T5d,T5d_L,L
65844,T4c,T4c_L,L
65883,T4d,T4d_L,L
65954,T4a,T4a_L,L
66002,T4d,T4d_L,L
66042,T4d,T4d_L,L
66110,T4a,T4a_L,L
66213,T5c,T5c_L,L
66240,T5c,T5c_L,L
66254,T5b,T5b_L,L
66266,T4d,T4d_L,L
66324,T5d,T5d_L,L
66351,T4d,T4d_L,L
66369,T5c,T5c_L,L
66433,T4c,T4c_L,L
66438,T4c,T4c_L,L
66469,T4a,T4a_L,L
66557,T4d,T4d_L,L
66582,T5c,T5c_L,L
66700,T4c,T4c_L,L
66918,T4d,T4d_L,L
67017,T4d,T4d_L,L
67092,T4d,T4d_L,L
67183,T5d,T5d_L,L
67238,T5d,T5d_L,L
67276,T5a,T5a_L,L
67309,T4b,T4b_L,L
67412,T4d,T4d_L,L
67445,T5d,T5d_L,L
67472,T5c,T5c_L,L
67495,T4b,T4b_L,L
67537,T5d,T5d_L,L
67694,T4b,T4b_L,L
67795,T4d,T4d_L,L
67814,T4d,T4d_L,L
67902,T4b,T4b_L,L
68013,T4b,T4b_L,L
68021,T4d,T4d_L,L
68058,T4a,T4a_L,L
68059,T5a,T5a_L,L
68078,T4a,T4a_L,L
68153,T5b,T5b_L,L
68229,T5d,T5d_L,L
68314,T4a,T4a_L,L
68397,T5b,T5b_L,L
68426,T5a,T5a_L,L
68455,T5b,T5b_L,L
68503,T4b,T4b_L,L
68652,T5c,T5c_L,L
68699,T4c,T4c_L,L
68769,T4a,T4a_L,L
68848,T4a,T4a_L,L
68875,T5a,T5a_L,L
68960,T4b,T4b_L,L
68970,T5a,T5a_L,L
69057,T5c,T5c_L,L
69157,T4b,T4b_L,L
69257,T4c,T4c_L,L
69346,T4b,T4b_L,L
69388,T4d,T4d_L,L
69432,T4c,T4c_L,L
69450,T5b,T5b_L,L
69549,T4b,T4b_L,L
69638,T4a,T4a_L,L
69678,T4b,T4b_L,L
69725,T4d,T4d_L,L
69748,T4d,T4d_L,L
69773,T5b,T5b_L,L
69886,T5d,T5d_L,L
69935,T5d,T5d_L,L
70082,T4c,T4c_L,L
70121,T4d,T4d_L,L
70210,T4d,T4d_L,L
70228,T4c,T4c_L,L
70232,T4b,T4b_L,L
70265,T4d,T4d_L,L
70299,T4d,T4d_L,L
70349,T4a,T4a_L,L
70471,T5c,T5c_L,L
70512,T5d,T5d_L,L
70603,T4b,T4b_L,L
70633,T4a,T4a_L,L
70734,T4d,T4d_L,L
70857,T4c,T4c_L,L
70970,T4a,T4a_L,L
70983,T4b,T4b_L,L
71093,T4a,T4a_L,L
71101,T4d,T4d_L,L
71107,T4c,T4c_L,L
71174,T5a,T5a_R,R
71268,T4b,T4b_L,L
71274,T4c,T4c_L,L
71318,T5d,T5d_L,L
71377,T4c,T4c_L,L
71407,T4a,T4a_L,L
71430,T4b,T4b_L,L
71432,T5c,T5c_L,L
71447,T4c,T4c_R,R
71481,T5b,T5b_L,L
71533,T4b,T4b_L,L
71557,T5c,T5c_L,L
71571,T4d,T4d_L,L
71590,T5b,T5b_L,L
71607,T5a,T5a_L,L
71647,T4c,T4c_L,L
71753,T5c,T5c_L,L
71767,T4a,T4a_L,L
71787,T5d,T5d_L,L
71834,T4a,T4a_L,L
71847,T4b,T4b_L,L
71939,T4d,T4d_L,L
72128,T4c,T4c_L,L
72263,T4d,T4d_L,L
72328,T4a,T4a_L,L
72333,T4c,T4c_L,L
72377,T5a,T5a_R,R
72442,T4a,T4a_L,L
72528,T5d,T5d_L,L
72549,T4b,T4b_L,L
72576,T4a,T4a_L,L
72588,T4b,T4b_L,L
72624,T4c,T4c_L,L
72730,T4c,T4c_L,L
72806,T4b,T4b_L,L
72850,T4b,T4b_L,L
72984,T4c,T4c_L,L
73094,T5d,T5d_L,L
73115,T4a,T4a_L,L
73199,T5a,T5a_L,L
73265,T5d,T5d_L,L
73325,T4d,T4d_L,L
73359,T5a,T5a_L,L
73407,T4c,T4c_L,L
73454,T5b,T5b_L,L
73579,T4b,T4b_L,L
73589,T5b,T5b_L,L
73627,T5a,T5a_L,L
73631,T5a,T5a_L,L
73781,T4b,T4b_L,L
73837,T4c,T4c_L,L
73848,T4b,T4b_L,L
73912,T5d,T5d_L,L
73938,T5b,T5b_L,L
73952,T4d,T4d_L,L
73962,T5a,T5a_L,L
74020,T4d,T4d_L,L
74109,T4c,T4c_L,L
74161,T4d,T4d_L,L
74198,T4b,T4b_L,L
74273,T4b,T4b_L,L
74315,T5a,T5a_L,L
74331,T4d,T4d_L,L
74357,T5a,T5a_L,L
74426,T4c,T4c_L,L
74469,T4a,T4a_L,L
74479,T5d,T5d_L,L
74492,T4d,T4d_L,L
74705,T5a,T5a_L,L
74823,T4d,T4d_L,L
74875,T5a,T5a_L,L
74882,T5c,T5c_L,L
74906,T4d,T4d_L,L
74939,T5c,T5c_L,L
74994,T4a,T4a_R,R
75013,T4c,T4c_L,L
75104,T4d,T4d_L,L
75189,T4a,T4a_L,L
75202,T5c,T5c_L,L
75203,T4c,T4c_L,L
75248,T4b,T4b_L,L
75403,T5a,T5a_L,L
75430,T4c,T4c_L,L
75510,T4a,T4a_R,R
75659,T5c,T5c_L,L
75851,T4d,T4d_L,L
75994,T5d,T5d_L,L
76081,T4d,T4d_L,L
76083,T4b,T4b_L,L
76140,T5a,T5a_R,R
76205,T5b,T5b_L,L
76208,T4a,T4a_L,L
76273,T4d,T4d_L,L
76318,T5d,T5d_L,L
76471,T4b,T4b_L,L
76521,T4a,T4a_L,L
76568,T4b,T4b_L,L
76597,T4c,T4c_L,L
76618,T5a,T5a_L,L
76639,T4a,T4a_L,L
76652,T4a,T4a_L,L
76664,T4b,T4b_L,L
76666,T5d,T5d_L,L
76716,T4a,T4a_R,R
76737,T5c,T5c_L,L
76788,T4b,T4b_R,R
76795,T5b,T5b_L,L
76832,T4c,T4c_L,L
76914,T4b,T4b_L,L
76927,T5d,T5d_L,L
76959,T4d,T4d_L,L
76994,T5a,T5a_R,R
77038,T4c,T4c_L,L
77180,T4c,T4c_L,L
77235,T4c,T4c_L,L
77291,T4b,T4b_R,R
77305,T4a,T4a_L,L
77334,T4d,T4d_L,L
77361,T4a,T4a_R,R
77387,T5b,T5b_L,L
77393,T4c,T4c_L,L
77395,T4b,T4b_R,R
77417,T5b,T5b_L,L
77484,T4d,T4d_R,R
77527,T4a,T4a_R,R
77532,T5a,T5a_L,L
77550,T5a,T5a_L,L
77557,T4b,T4b_R,R
77610,T4b,T4b_L,L
77614,LC4,LC4_L,L
77617,T5a,T5a_L,L
77652,T4c,T4c_L,L
77672,T5a,T5a_L,L
77744,T5b,T5b_L,L
77803,T4b,T4b_L,L
77851,T5b,T5b_L,L
77995,T5d,T5d_L,L
78071,T4a,T4a_L,L
78086,T4c,T4c_R,R
78264,T4b,T4b_L,L
78280,T4d,T4d_L,L
78317,T4a,T4a_R,R
78368,T4c,T4c_L,L
78477,T4a,T4a_R,R
78511,T4a,T4a_L,L
78530,T5a,T5a_L,L
78556,T5a,T5a_R,R
78610,T5a,T5a_L,L
78622,T4a,T4a_L,L
78657,T4b,T4b_L,L
78699,T4b,T4b_L,L
78719,T5b,T5b_L,L
78739,T4b,T4b_R,R
78896,T4a,T4a_L,L
78940,T4a,T4a_R,R
79163,T4c,T4c_L,L
79188,T4a,T4a_L,L
79253,T4a,T4a_R,R
79259,T4b,T4b_R,R
79271,T4a,T4a_R,R
79297,T4a,T4a_R,R
79314,T4b,T4b_R,R
79325,T5a,T5a_R,R
79338,T4a,T4a_L,L
79343,T4c,T4c_L,L
79394,T5c,T5c_L,L
79400,T4a,T4a_L,L
79408,T4d,T4d_L,L
79413,T4b,T4b_R,R
79425,T5a,T5a_L,L
79449,T4b,T4b_R,R
79491,T5a,T5a_L,L
79521,T5d,T5d_L,L
79526,T5d,T5d_L,L
79621,T5a,T5a_L,L
79630,T4d,T4d_L,L
79704,T4d,T4d_R,R
79708,T4a,T4a_L,L
79765,T4b,T4b_L,L
79796,T4b,T4b_R,R
79868,T4a,T4a_L,L
79875,T4c,T4c_R,R
79900,T4d,T4d_L,L
79905,T4b,T4b_L,L
79909,T5b,T5b_L,L
79995,T5a,T5a_L,L
80033,T4a,T4a_R,R
80088,T4d,T4d_L,L
80197,T4a,T4a_R,R
80282,T4d,T4d_R,R
80307,T4b,T4b_R,R
80362,T5a,T5a_L,L
80374,T5b,T5b_R,R
80420,T4b,T4b_L,L
80444,T5d,T5d_L,L
80457,T4b,T4b_L,L
80460,T4d,T4d_L,L
80483,T4c,T4c_R,R
80564,T4c,T4c_R,R
80582,T4a,T4a_R,R
80670,T4a,T4a_R,R
80699,T4a,T4a_R,R
80777,T4a,T4a_R,R
80800,T5c,T5c_L,L
80812,T4a,T4a_R,R
80823,T4d,T4d_L,L
80829,T5a,T5a_L,L
80850,T4a,T4a_L,L
80906,T4c,T4c_R,R
80913,T4a,T4a_R,R
81015,T4a,T4a_R,R
81017,T4b,T4b_L,L
81023,T4d,T4d_L,L
81036,T4b,T4b_L,L
81112,LC4,LC4_L,L
81119,T5d,T5d_L,L
81358,T5b,T5b_L,L
81370,T4a,T4a_R,R
81378,T4b,T4b_R,R
81401,T4b,T4b_R,R
81412,T4a,T4a_L,L
81454,T5c,T5c_L,L
81457,T4a,T4a_L,L
81486,T4b,T4b_R,R
81491,T5b,T5b_R,R
81516,T4b,T4b_L,L
81549,T5d,T5d_L,L
81582,T4a,T4a_R,R
81623,T4a,T4a_R,R
81632,T4d,T4d_L,L
81665,T5a,T5a_L,L
81721,T5b,T5b_R,R
81726,T4a,T4a_L,L
81774,T5b,T5b_L,L
81798,T5d,T5d_L,L
81830,T5a,T5a_L,L
81859,T5a,T5a_R,R
81876,T4b,T4b_L,L
81897,T5a,T5a_R,R
81977,T5a,T5a_L,L
82022,T5a,T5a_R,R
82035,T5b,T5b_L,L
82042,T4b,T4b_R,R
82072,T5d,T5d_R,R
82082,T4a,T4a_R,R
82099,T4b,T4b_R,R
82194,T5c,T5c_R,R
82299,T4c,T4c_R,R
82313,T4a,T4a_R,R
82326,T4b,T4b_L,L
82343,T4c,T4c_L,L
82346,T5a,T5a_R,R
82383,T5d,T5d_L,L
82391,T4a,T4a_R,R
82409,T5a,T5a_R,R
82425,T4b,T4b_R,R
82462,T4c,T4c_L,L
82491,T4d,T4d_L,L
82496,T5b,T5b_L,L
82536,T4d,T4d_R,R
82549,T4b,T4b_R,R
82576,T4b,T4b_R,R
82674,T4a,T4a_R,R
82705,T4b,T4b_R,R
82730,T4a,T4a_R,R
82751,T4b,T4b_L,L
82816,LPLC1,LPLC1_L,L
82833,T4a,T4a_R,R
82902,T4c,T4c_L,L
82903,T4a,T4a_L,L
82919,T5d,T5d_L,L
82963,T4a,T4a_R,R
82986,T4c,T4c_L,L
82999,T5c,T5c_L,L
83004,T4b,T4b_R,R
83009,T4b,T4b_R,R
83039,T4a,T4a_L,L
83042,T4b,T4b_R,R
83051,T4b,T4b_L,L
83067,T4b,T4b_R,R
83083,T4c,T4c_L,L
83092,T5c,T5c_L,L
83125,T4b,T4b_R,R
83134,T5c,T5c_L,L
83167,T5b,T5b_R,R
83174,T5a,T5a_R,R
83175,T5b,T5b_R,R
83191,T4a,T4a_R,R
83201,T4b,T4b_R,R
83204,T4d,T4d_R,R
83258,T4c,T4c_L,L
83296,T4c,T4c_L,L
83302,T4d,T4d_R,R
83339,T5a,T5a_L,L
83347,T5d,T5d_L,L
83382,T4a,T4a_L,L
83438,T4a,T4a_R,R
83465,T4a,T4a_R,R
83515,T5b,T5b_L,L
83533,T4c,T4c_L,L
83534,T5a,T5a_R,R
83550,T5a,T5a_L,L
83574,T5a,T5a_L,L
83577,T4b,T4b_L,L
83582,T4c,T4c_R,R
83583,T4d,T4d_R,R
83594,T4a,T4a_R,R
83596,T4a,T4a_L,L
83613,T4b,T4b_R,R
83677,T4c,T4c_R,R
83689,T4a,T4a_R,R
83693,T5a,T5a_R,R
83713,T5b,T5b_R,R
83717,T4b,T4b_L,L
83788,T4b,T4b_R,R
83801,T5a,T5a_L,L
83847,T5a,T5a_R,R
83849,T5a,T5a_R,R
83908,T4b,T4b_L,L
83916,T4d,T4d_L,L
83917,T4c,T4c_R,R
83926,T5a,T5a_R,R
83946,T4d,T4d_R,R
83979,T4a,T4a_R,R
84008,T4c,T4c_R,R
84012,T5a,T5a_R,R
84050,T5a,T5a_R,R
84052,T5b,T5b_R,R
84063,T4b,T4b_R,R
84086,T5a,T5a_R,R
84105,T5b,T5b_R,R
84112,T5a,T5a_R,R
84134,T5a,T5a_R,R
84140,T5c,T5c_L,L
84208,T5d,T5d_L,L
84229,T5a,T5a_R,R
84264,T4a,T4a_R,R
84267,T4c,T4c_R,R
84292,T4d,T4d_R,R
84328,T4a,T4a_R,R
84366,T4b,T4b_R,R
84398,T5c,T5c_L,L
84412,T5c,T5c_L,L
84467,T4a,T4a_L,L
84483,T4b,T4b_R,R
84490,T4a,T4a_R,R
84497,T5a,T5a_L,L
84530,T5d,T5d_R,R
84566,T5b,T5b_L,L
84582,T5b,T5b_R,R
84629,T4b,T4b_L,L
84631,T4c,T4c_R,R
84666,T4b,T4b_L,L
84714,T4b,T4b_L,L
84721,T5a,T5a_L,L
84762,T5d,T5d_R,R
84776,T5b,T5b_R,R
84788,T4a,T4a_R,R
84798,T4b,T4b_L,L
84804,T5a,T5a_L,L
84861,T5c,T5c_R,R
84890,T5b,T5b_R,R
84943,T4b,T4b_L,L
84950,T4c,T4c_L,L
84980,T4b,T4b_R,R
85007,T4c,T4c_R,R
85021,T4a,T4a_L,L
85024,T5a,T5a_R,R
85074,T4a,T4a_R,R
85077,T4c,T4c_R,R
85092,T4b,T4b_R,R
85122,T4a,T4a_L,L
85126,T4a,T4a_R,R
85152,T4c,T4c_R,R
85154,T5d,T5d_R,R
85170,T4c,T4c_R,R
85173,T5a,T5a_R,R
85205,T5a,T5a_R,R
85229,T4c,T4c_R,R
85311,T4a,T4a_L,L
85317,T4b,T4b_L,L
85335,T5d,T5d_L,L
85364,T4a,T4a_L,L
85378,T4a,T4a_R,R
85429,T4d,T4d_R,R
85430,T5b,T5b_L,L
85449,T4d,T4d_L,L
85486,T4d,T4d_R,R
85487,T4d,T4d_L,L
85498,T4b,T4b_L,L
85524,T4b,T4b_L,L
85536,T4a,T4a_R,R
85539,T5d,T5d_R,R
85556,T4b,T4b_L,L
85559,T5c,T5c_L,L
85579,T4a,T4a_L,L
85583,T4b,T4b_L,L
85598,T4b,T4b_R,R
85599,T5a,T5a_L,L
85657,T4a,T4a_R,R
85708,T4a,T4a_R,R
85716,T4c,T4c_R,R
85724,T5a,T5a_L,L
85731,T4d,T4d_R,R
85741,T4a,T4a_R,R
85778,T4b,T4b_R,R
85866,T4b,T4b_R,R
85872,T4b,T4b_L,L
85888,T5b,T5b_L,L
85895,T4c,T4c_R,R
85910,T5d,T5d_L,L
85924,T4a,T4a_R,R
85927,T4d,T4d_R,R
85934,T5b,T5b_R,R
85938,T4a,T4a_R,R
85979,T4b,T4b_R,R
86053,T4d,T4d_L,L
86055,T5a,T5a_L,L
86080,T5a,T5a_L,L
86131,T4a,T4a_L,L
86141,T4b,T4b_R,R
86159,T4c,T4c_R,R
86175,T4a,T4a_R,R
86194,T5a,T5a_L,L
86199,T4b,T4b_L,L
86201,T5b,T5b_L,L
86280,T4c,T4c_L,L
86284,T4a,T4a_R,R
86325,T4d,T4d_L,L
86360,T5d,T5d_R,R
86374,T4b,T4b_L,L
86390,T5b,T5b_R,R
86416,T4a,T4a_R,R
86421,T4d,T4d_L,L
86445,T5b,T5b_R,R
86462,T4a,T4a_L,L
86465,T4a,T4a_L,L
86473,T4d,T4d_L,L
86488,T5a,T5a_R,R
86504,T4b,T4b_R,R
86514,T4b,T4b_L,L
86524,T5a,T5a_L,L
86558,T4b,T4b_R,R
86578,T4c,T4c_R,R
86591,T5a,T5a_R,R
86597,T4d,T4d_L,L
86635,T4c,T4c_R,R
86645,T5b,T5b_R,R
86686,T4c,T4c_R,R
86689,T4c,T4c_L,L
86692,T5b,T5b_L,L
86696,T4d,T4d_R,R
86697,T5a,T5a_R,R
86703,T4b,T4b_R,R
86709,T4a,T4a_L,L
86771,T5c,T5c_L,L
86775,T4a,T4a_R,R
86778,T4a,T4a_R,R
86792,T5c,T5c_L,L
86807,T4a,T4a_R,R
86860,T4b,T4b_R,R
86870,T5d,T5d_R,R
86893,T4b,T4b_R,R
86907,T4a,T4a_R,R
86926,T4a,T4a_L,L
86927,T4a,T4a_L,L
86932,T4b,T4b_R,R
86992,T4b,T4b_R,R
87008,T5b,T5b_R,R
87014,T4b,T4b_R,R
87018,T4a,T4a_L,L
87066,T5a,T5a_R,R
87079,T5a,T5a_L,L
87089,T4b,T4b_L,L
87098,T4b,T4b_R,R
87106,T4a,T4a_R,R
87135,T4a,T4a_L,L
87203,T4a,T4a_R,R
87206,T5d,T5d_L,L
87241,T5c,T5c_R,R
87244,T4a,T4a_L,L
87289,T4a,T4a_R,R
87291,T5a,T5a_L,L
87315,T4c,T4c_R,R
87326,T4c,T4c_R,R
87340,T4a,T4a_L,L
87347,T5a,T5a_R,R
87358,T4a,T4a_R,R
87392,T5d,T5d_R,R
87406,T5b,T5b_R,R
87411,T5d,T5d_L,L
87412,T4c,T4c_R,R
87417,T5a,T5a_R,R
87424,T4d,T4d_R,R
87428,T5a,T5a_R,R
87429,T4b,T4b_R,R
87436,T4d,T4d_L,L
87465,T4b,T4b_L,L
87479,T4b,T4b_R,R
87486,T4b,T4b_R,R
87498,T4a,T4a_L,L
87529,T5a,T5a_L,L
87565,T4a,T4a_R,R
87566,T4a,T4a_R,R
87614,T5d,T5d_R,R
87646,T4a,T4a_R,R
87656,T5d,T5d_R,R
87675,T4a,T4a_R,R
87690,T4d,T4d_L,L
87695,T5a,T5a_L,L
87699,T5a,T5a_R,R
87714,T4b,T4b_L,L
87723,T5c,T5c_L,L
87763,T4a,T4a_R,R
87808,T4a,T4a_R,R
87809,T4a,T4a_L,L
87810,T4a,T4a_R,R
87814,T4b,T4b_R,R
87820,T4d,T4d_L,L
87822,T5b,T5b_R,R
87845,T4a,T4a_R,R
87851,T4c,T4c_L,L
87872,T4c,T4c_L,L
87873,T4b,T4b_R,R
87895,T5b,T5b_L,L
87896,T4a,T4a_R,R
87897,T5a,T5a_R,R
87903,T4b,T4b_R,R
87936,T4a,T4a_R,R
87937,T4d,T4d_R,R
87939,T4b,T4b_R,R
87942,T5b,T5b_L,L
87943,T5a,T5a_R,R
87951,T5a,T5a_L,L
87960,T4d,T4d_R,R
88005,T4d,T4d_R,R
88018,T5a,T5a_R,R
88022,T5c,T5c_L,L
88039,T4c,T4c_R,R
88063,T5b,T5b_R,R
88064,T4a,T4a_R,R
88067,T5b,T5b_R,R
88084,T4b,T4b_R,R
88095,T4d,T4d_R,R
88114,T5b,T5b_L,L
88127,T4b,T4b_R,R
88137,T4b,T4b_L,L
88140,T4c,T4c_R,R
88142,T4b,T4b_L,L
88151,T4c,T4c_L,L
88152,T4c,T4c_R,R
88165,T4a,T4a_R,R
88167,T4b,T4b_R,R
88172,T5a,T5a_L,L
88179,T4b,T4b_R,R
88229,T4b,T4b_R,R
88265,T5b,T5b_R,R
88266,T4b,T4b_R,R
88281,T4b,T4b_R,R
88331,T5a,T5a_R,R
88353,T4b,T4b_R,R
88362,T4a,T4a_L,L
88364,T4a,T4a_L,L
88371,T5b,T5b_R,R
88377,T4d,T4d_R,R
88398,T4a,T4a_R,R
88406,T4b,T4b_R,R
88415,T4a,T4a_R,R
88416,T5c,T5c_R,R
88438,T4b,T4b_L,L
88469,T4a,T4a_L,L
88471,T5d,T5d_L,L
88488,T4a,T4a_R,R
88489,T4a,T4a_L,L
88491,T4a,T4a_R,R
88509,T5d,T5d_L,L
88540,T5b,T5b_R,R
88546,T4d,T4d_L,L
88575,T4b,T4b_R,R
88604,T4b,T4b_R,R
88617,T4a,T4a_R,R
88625,T4c,T4c_R,R
88642,T4a,T4a_R,R
88663,T4c,T4c_L,L
88688,T4a,T4a_R,R
88698,T4a,T4a_R,R
88714,T5a,T5a_L,L
88722,T4c,T4c_R,R
88725,T4b,T4b_R,R
88726,T4b,T4b_R,R
88749,T5b,T5b_R,R
88761,T5a,T5a_L,L
88777,T5d,T5d_R,R
88793,T4b,T4b_L,L
88794,T4a,T4a_L,L
88796,T5c,T5c_L,L
88807,T5d,T5d_L,L
88815,T4d,T4d_R,R
88816,T4c,T4c_R,R
88825,T4b,T4b_R,R
88840,T4a,T4a_R,R
88857,T4a,T4a_L,L
88875,T4a,T4a_L,L
88885,T4b,T4b_R,R
88886,T5a,T5a_L,L
88888,T5b,T5b_R,R
88898,T4a,T4a_R,R
88906,T4b,T4b_L,L
88922,T4c,T4c_R,R
88933,T4a,T4a_R,R
88939,T4c,T4c_L,L
88992,T4c,T4c_R,R
89005,T5a,T5a_R,R
89016,T5b,T5b_R,R
89020,T4a,T4a_R,R
89025,T4a,T4a_R,R
89032,T4b,T4b_R,R
89051,T4a,T4a_L,L
89078,T5b,T5b_R,R
89092,T4c,T4c_R,R
89099,T4a,T4a_R,R
89102,T4d,T4d_R,R
89125,T5b,T5b_R,R
89136,T5a,T5a_R,R
89139,T4c,T4c_R,R
89142,T4b,T4b_R,R
89160,T4b,T4b_L,L
89184,T4b,T4b_L,L
89188,T4a,T4a_R,R
89200,T4a,T4a_R,R
89213,T4d,T4d_L,L
89219,T5c,T5c_L,L
89223,T4d,T4d_R,R
89244,T5d,T5d_R,R
89252,T4b,T4b_R,R
89262,T4d,T4d_R,R
89282,T4a,T4a_R,R
89290,T4d,T4d_R,R
89320,T4d,T4d_L,L
89329,T4d,T4d_L,L
89339,T5a,T5a_R,R
89368,T4c,T4c_R,R
89383,T5a,T5a_R,R
89390,T5a,T5a_L,L
89398,T5b,T5b_L,L
89409,T4a,T4a_R,R
89415,T5c,T5c_L,L
89416,T4c,T4c_R,R
89421,T5b,T5b_R,R
89434,T4c,T4c_R,R
89452,T4c,T4c_L,L
89455,T5c,T5c_R,R
89458,T4b,T4b_R,R
89460,T4b,T4b_R,R
89483,T4a,T4a_R,R
89485,T4a,T4a_R,R
89517,T4c,T4c_L,L
89534,T4c,T4c_L,L
89537,T4c,T4c_L,L
89541,T5b,T5b_R,R
89550,T4a,T4a_L,L
89560,T4c,T4c_R,R
89585,T4c,T4c_L,L
89593,T4a,T4a_L,L
89598,T4b,T4b_R,R
89610,T4b,T4b_L,L
89613,T4a,T4a_L,L
89614,T4a,T4a_R,R
89679,T5c,T5c_L,L
89681,T5a,T5a_L,L
89684,T4b,T4b_L,L
89740,T4a,T4a_R,R
89756,T5b,T5b_L,L
89764,T4b,T4b_R,R
89771,T4b,T4b_L,L
89784,T4b,T4b_R,R
89813,T4d,T4d_R,R
89816,T5b,T5b_R,R
89824,T5b,T5b_R,R
89825,T4a,T4a_R,R
89846,T4b,T4b_L,L
89847,T4a,T4a_L,L
89852,T5b,T5b_R,R
89855,T4c,T4c_R,R
89860,T5a,T5a_L,L
89864,T4b,T4b_R,R
89866,T4b,T4b_R,R
89867,T4b,T4b_L,L
89881,T4a,T4a_R,R
89888,T5c,T5c_R,R
89895,T4b,T4b_L,L
89899,T5b,T5b_R,R
89901,T4c,T4c_R,R
89914,T4b,T4b_L,L
89934,T4d,T4d_R,R
89947,T5a,T5a_R,R
89951,T4a,T4a_L,L
89967,T4a,T4a_L,L
89971,T4a,T4a_R,R
89981,T4b,T4b_L,L
90010,T5a,T5a_R,R
90018,T5b,T5b_R,R
90027,T4c,T4c_R,R
90036,T4c,T4c_R,R
90048,T4b,T4b_L,L
90049,T4c,T4c_R,R
90052,T4a,T4a_R,R
90058,T4a,T4a_R,R
90077,T4c,T4c_R,R
90097,T4c,T4c_R,R
90111,T4b,T4b_R,R
90112,T4c,T4c_R,R
90121,T4b,T4b_R,R
90135,T4c,T4c_R,R
90145,T4a,T4a_R,R
90171,T4c,T4c_R,R
90183,T5a,T5a_R,R
90185,T5d,T5d_R,R
90204,T5c,T5c_L,L
90206,T4b,T4b_R,R
90211,T4b,T4b_L,L
90219,T4a,T4a_R,R
90259,T4d,T4d_R,R
90268,T5d,T5d_R,R
90271,T5c,T5c_L,L
90278,T4a,T4a_R,R
90311,T4a,T4a_R,R
90325,T4b,T4b_R,R
90332,T4c,T4c_R,R
90354,T5d,T5d_R,R
90369,T4b,T4b_L,L
90371,T4d,T4d_R,R
90374,T5a,T5a_L,L
90378,T5b,T5b_R,R
90394,T4a,T4a_R,R
90401,T4d,T4d_R,R
90415,T4a,T4a_L,L
90419,T4b,T4b_R,R
90423,T4b,T4b_R,R
90424,T5b,T5b_L,L
90451,T5a,T5a_L,L
90453,T4b,T4b_L,L
90463,T5b,T5b_L,L
90465,T4a,T4a_R,R
90467,T4d,T4d_R,R
90469,T4a,T4a_L,L
90474,T4b,T4b_R,R
90484,T4a,T4a_L,L
90493,T4b,T4b_R,R
90504,T5b,T5b_R,R
90510,T4c,T4c_R,R
90520,T4a,T4a_R,R
90533,T4c,T4c_R,R
90539,T5d,T5d_R,R
90544,T4b,T4b_R,R
90547,T4a,T4a_L,L
90550,T4c,T4c_L,L
90558,T4d,T4d_R,R
90566,T4d,T4d_R,R
90567,T4b,T4b_R,R
90571,T5a,T5a_R,R
90582,T5a,T5a_L,L
90594,T5a,T5a_L,L
90610,T4a,T4a_L,L
90615,T4a,T4a_L,L
90636,T4b,T4b_L,L
90643,T5b,T5b_R,R
90645,T4b,T4b_R,R
90655,T4a,T4a_R,R
90657,T4a,T4a_R,R
90677,T4a,T4a_R,R
90682,T4d,T4d_L,L
90703,T5a,T5a_R,R
90729,T5c,T5c_L,L
90730,T4c,T4c_L,L
90731,T4b,T4b_R,R
90744,T4b,T4b_R,R
90760,T4b,T4b_R,R
90763,T5a,T5a_R,R
90780,T4a,T4a_L,L
90795,T5b,T5b_R,R
90796,T4d,T4d_R,R
90803,T4c,T4c_L,L
90837,T4a,T4a_L,L
90842,T4c,T4c_R,R
90844,T4d,T4d_R,R
90845,T4a,T4a_L,L
90873,T4a,T4a_R,R
90888,T4b,T4b_R,R
90900,T4a,T4a_R,R
90906,T5c,T5c_L,L
90952,T4c,T4c_R,R
90975,T5c,T5c_R,R
90977,T5b,T5b_R,R
90992,T4d,T4d_R,R
90993,T4a,T4a_L,L
90999,T4a,T4a_L,L
91000,T4c,T4c_L,L
91002,T5c,T5c_R,R
91038,T5d,T5d_R,R
91048,T4b,T4b_R,R
91051,T4a,T4a_L,L
91053,T4c,T4c_L,L
91057,T4c,T4c_R,R
91067,T4b,T4b_L,L
91076,T4a,T4a_R,R
91082,T4d,T4d_L,L
91095,T5a,T5a_R,R
91115,T5d,T5d_L,L
91120,T4d,T4d_L,L
91137,T5b,T5b_L,L
91170,T5b,T5b_R,R
91172,T5a,T5a_R,R
91179,T4a,T4a_R,R
91206,T4a,T4a_L,L
91213,T4c,T4c_L,L
91214,T4d,T4d_L,L
91215,T5a,T5a_L,L
91222,T4d,T4d_R,R
91228,T4a,T4a_L,L
91243,T4d,T4d_L,L
91245,T4b,T4b_L,L
91248,T5a,T5a_R,R
91249,T5c,T5c_R,R
91259,T5b,T5b_L,L
91265,T5a,T5a_R,R
91283,T4c,T4c_R,R
91288,T4c,T4c_R,R
91294,T4a,T4a_L,L
91296,T5b,T5b_R,R
91299,T4b,T4b_R,R
91303,T4b,T4b_R,R
91306,T5a,T5a_R,R
91313,T4a,T4a_R,R
91320,T5d,T5d_L,L
91325,T4a,T4a_R,R
91326,T5d,T5d_R,R
91345,T4c,T4c_R,R
91350,T4b,T4b_R,R
91366,T4b,T4b_R,R
91388,T4c,T4c_R,R
91404,T5a,T5a_L,L
91405,T4a,T4a_L,L
91410,T4d,T4d_R,R
91433,T5b,T5b_R,R
91434,T4b,T4b_R,R
91444,T4c,T4c_R,R
91455,T4c,T4c_L,L
91469,T4c,T4c_R,R
91476,T4d,T4d_R,R
91484,T5b,T5b_R,R
91505,T4c,T4c_R,R
91510,T4c,T4c_R,R
91511,T5a,T5a_L,L
91514,T4a,T4a_L,L
91522,T4a,T4a_R,R
91527,T5a,T5a_R,R
91554,T5c,T5c_R,R
91555,T5a,T5a_R,R
91556,T5d,T5d_R,R
91560,T5b,T5b_L,L
91564,T4a,T4a_R,R
91577,T5b,T5b_R,R
91596,T4b,T4b_R,R
91597,T4d,T4d_R,R
91601,T5d,T5d_R,R
91612,T5a,T5a_R,R
91616,LPLC4,LPLC4_L,L
91629,T4a,T4a_R,R
91631,T5b,T5b_R,R
91647,T4c,T4c_L,L
91660,T5d,T5d_R,R
91669,T4b,T4b_L,L
91674,T4a,T4a_R,R
91682,T4b,T4b_R,R
91683,T4b,T4b_L,L
91684,T5c,T5c_L,L
91725,T4b,T4b_R,R
91741,T4d,T4d_R,R
91742,T5b,T5b_R,R
91743,T5b,T5b_R,R
91748,T4a,T4a_R,R
91785,T4d,T4d_L,L
91790,T4c,T4c_R,R
91793,T4b,T4b_L,L
91804,T4d,T4d_R,R
91806,T4a,T4a_R,R
91814,T5c,T5c_R,R
91818,T4a,T4a_L,L
91834,T4a,T4a_R,R
91842,T5b,T5b_L,L
91847,T5d,T5d_R,R
91857,T4b,T4b_R,R
91902,T4c,T4c_L,L
91913,T4b,T4b_R,R
91914,T4a,T4a_R,R
91917,T4a,T4a_L,L
91924,T5a,T5a_L,L
91934,T4a,T4a_R,R
91936,T4c,T4c_L,L
91950,T5b,T5b_R,R
91955,T4d,T4d_R,R
91972,T4b,T4b_R,R
91978,T4b,T4b_L,L
91987,T4c,T4c_R,R
91994,T5b,T5b_R,R
91997,T5d,T5d_R,R
92005,T4a,T4a_L,L
92006,T4a,T4a_R,R
92046,T4d,T4d_R,R
92047,T4c,T4c_R,R
92054,T4b,T4b_R,R
92055,T4c,T4c_R,R
92069,T5d,T5d_R,R
92082,T4b,T4b_R,R
92087,T5c,T5c_R,R
92091,T5a,T5a_R,R
92092,T4a,T4a_L,L
92096,T4b,T4b_L,L
92098,T5b,T5b_L,L
92099,T5d,T5d_R,R
92110,T5d,T5d_R,R
92113,T5c,T5c_L,L
92114,T4c,T4c_R,R
92128,T4a,T4a_R,R
92129,T4d,T4d_L,L
92141,T4a,T4a_R,R
92143,T5a,T5a_R,R
92146,T4a,T4a_R,R
92171,T4b,T4b_R,R
92181,T4a,T4a_R,R
92196,T4a,T4a_L,L
92218,T5a,T5a_R,R
92220,T4b,T4b_L,L
92228,T4b,T4b_R,R
92229,T4c,T4c_R,R
92240,T5a,T5a_L,L
92251,T4b,T4b_R,R
92254,T4b,T4b_R,R
92266,T4d,T4d_R,R
92276,T5a,T5a_R,R
92281,T4c,T4c_R,R
92282,T4a,T4a_R,R
92310,T5c,T5c_R,R
92314,T4b,T4b_L,L
92317,T5a,T5a_L,L
92321,T5a,T5a_R,R
92328,T4b,T4b_R,R
92339,T4b,T4b_R,R
92340,T4b,T4b_L,L
92346,T4a,T4a_R,R
92350,T5c,T5c_L,L
92361,T5a,T5a_R,R
92367,T4a,T4a_L,L
92370,T4c,T4c_L,L
92380,T4a,T4a_R,R
92381,T4c,T4c_L,L
92395,T4a,T4a_R,R
92408,T4c,T4c_L,L
92415,T4a,T4a_R,R
92431,T4a,T4a_R,R
92447,T4a,T4a_L,L
92450,T4b,T4b_L,L
92467,T4a,T4a_R,R
92472,T4c,T4c_R,R
92480,T5b,T5b_L,L
92498,T4c,T4c_L,L
92505,T5c,T5c_R,R
92542,T5d,T5d_R,R
92552,T4a,T4a_R,R
92560,T5b,T5b_L,L
92587,T4a,T4a_L,L
92593,T4d,T4d_R,R
92602,T5a,T5a_R,R
92604,T5d,T5d_R,R
92605,T5c,T5c_R,R
92609,T4a,T4a_R,R
92620,T5a,T5a_L,L
92624,T5b,T5b_L,L
92625,LPLC4,LPLC4_L,L
92640,T4d,T4d_R,R
92644,T4d,T4d_R,R
92649,T4a,T4a_L,L
92656,T5a,T5a_R,R
92667,T4b,T4b_L,L
92669,T5a,T5a_R,R
92670,T4b,T4b_L,L
92674,T4c,T4c_L,L
92680,T4c,T4c_R,R
92682,T4a,T4a_R,R
92684,T4c,T4c_R,R
92706,T4a,T4a_R,R
92715,T4d,T4d_R,R
92719,T4a,T4a_R,R
92728,T5d,T5d_R,R
92738,T5a,T5a_R,R
92740,T5c,T5c_R,R
92749,T5d,T5d_R,R
92754,T4c,T4c_R,R
92763,T5d,T5d_R,R
92765,T5b,T5b_R,R
92823,T4d,T4d_R,R
92832,T5c,T5c_R,R
92839,T4b,T4b_R,R
92842,T4a,T4a_R,R
92852,T4c,T4c_L,L
92862,T4b,T4b_R,R
92863,T4b,T4b_L,L
92864,T4b,T4b_R,R
92865,T5c,T5c_R,R
92881,T4c,T4c_L,L
92906,T5d,T5d_R,R
92911,T4c,T4c_R,R
92916,T5b,T5b_L,L
92926,T5b,T5b_L,L
92931,T4b,T4b_L,L
92939,T4b,T4b_R,R
92940,T5d,T5d_R,R
92943,T4d,T4d_R,R
92950,T5c,T5c_R,R
92955,T4a,T4a_L,L
92957,T4d,T4d_R,R
92968,T4a,T4a_L,L
92976,T4d,T4d_R,R
92996,T4a,T4a_R,R
93005,T4a,T4a_L,L
93009,T4b,T4b_R,R
93012,T5a,T5a_R,R
93018,T4a,T4a_R,R
93021,T4a,T4a_R,R
93025,T4b,T4b_R,R
93031,T5b,T5b_R,R
93037,T5a,T5a_L,L
93042,T5b,T5b_R,R
93045,T4b,T4b_R,R
93058,T4d,T4d_R,R
93069,T4b,T4b_L,L
93093,T4d,T4d_L,L
93115,T5a,T5a_R,R
93133,T5a,T5a_L,L
93142,T4a,T4a_R,R
93153,T5b,T5b_R,R
93162,T5a,T5a_R,R
93166,T4c,T4c_R,R
93172,T5d,T5d_L,L
93173,T5a,T5a_R,R
93177,T4d,T4d_R,R
93179,T4b,T4b_L,L
93189,T5a,T5a_L,L
93203,T4b,T4b_R,R
93210,T5c,T5c_R,R
93215,T5c,T5c_R,R
93222,T4d,T4d_L,L
93224,T4a,T4a_R,R
93238,T5d,T5d_L,L
93242,T4a,T4a_L,L
93248,T5c,T5c_R,R
93256,T4d,T4d_L,L
93280,T4c,T4c_L,L
93283,T4b,T4b_R,R
93292,T5b,T5b_R,R
93302,T4b,T4b_R,R
93311,T5b,T5b_R,R
93313,T4a,T4a_R,R
93324,T5a,T5a_L,L
93334,T4b,T4b_R,R
93335,T4c,T4c_L,L
93360,T4b,T4b_R,R
93364,T4c,T4c_R,R
93366,T5c,T5c_R,R
93387,T5a,T5a_R,R
93390,T4a,T4a_R,R
93391,T4d,T4d_L,L
93407,T4d,T4d_R,R
93419,T4b,T4b_R,R
93421,T4c,T4c_L,L
93437,T4c,T4c_R,R
93438,T4a,T4a_L,L
93444,T5a,T5a_R,R
93454,T4d,T4d_R,R
93455,T4d,T4d_R,R
93461,T5d,T5d_R,R
93479,T4d,T4d_R,R
93480,T5a,T5a_R,R
93482,T4d,T4d_R,R
93487,T4c,T4c_R,R
93506,T4d,T4d_R,R
93508,T5d,T5d_L,L
93509,T4b,T4b_R,R
93516,T5d,T5d_L,L
93527,T4a,T4a_R,R
93551,T4d,T4d_R,R
93559,T4d,T4d_R,R
93560,T5b,T5b_L,L
93564,T4d,T4d_R,R
93566,T4a,T4a_R,R
93574,T4d,T4d_L,L
93578,T4a,T4a_L,L
93588,T4b,T4b_R,R
93600,T4a,T4a_R,R
93604,T4a,T4a_R,R
93614,T4c,T4c_R,R
93617,T4b,T4b_L,L
93618,T5b,T5b_R,R
93622,T4c,T4c_R,R
93657,T4c,T4c_R,R
93662,T5a,T5a_R,R
93664,T4a,T4a_L,L
93666,T4b,T4b_L,L
93667,T4c,T4c_R,R
93672,T4c,T4c_L,L
93673,T4a,T4a_R,R
93679,T4d,T4d_R,R
93685,T4c,T4c_R,R
93688,T4a,T4a_R,R
93691,T5d,T5d_R,R
93693,T4a,T4a_R,R
93695,T5a,T5a_L,L
93712,T5b,T5b_R,R
93721,T5d,T5d_L,L
93734,T5d,T5d_L,L
93737,T4b,T4b_R,R
93750,T4c,T4c_R,R
93751,T4b,T4b_R,R
93787,T4b,T4b_R,R
93802,T5a,T5a_R,R
93811,T4b,T4b_L,L
93819,T4a,T4a_L,L
93828,T4a,T4a_L,L
93855,T5a,T5a_R,R
93861,T5c,T5c_R,R
93865,T4c,T4c_R,R
93877,T4c,T4c_R,R
93878,T5b,T5b_R,R
93879,T4b,T4b_R,R
93898,T5d,T5d_L,L
93900,T5b,T5b_L,L
93914,T5b,T5b_R,R
93921,T5b,T5b_L,L
93927,T4a,T4a_R,R
93929,T5b,T5b_R,R
93932,T4a,T4a_L,L
93933,T5b,T5b_L,L
93934,T5a,T5a_L,L
93935,T4a,T4a_R,R
93941,T4b,T4b_R,R
93943,T5a,T5a_R,R
93944,T5b,T5b_L,L
93947,T4a,T4a_R,R
93956,T5a,T5a_R,R
93957,T4b,T4b_R,R
93960,T4c,T4c_R,R
93962,T5b,T5b_R,R
93969,T4b,T4b_L,L
93972,T4a,T4a_R,R
93977,T4c,T4c_R,R
93984,T4b,T4b_R,R
93985,T4c,T4c_R,R
93986,T5c,T5c_R,R
93995,T4b,T4b_L,L
94003,T4c,T4c_L,L
94012,T4b,T4b_R,R
94023,T5b,T5b_R,R
94039,T5d,T5d_R,R
94057,T4a,T4a_L,L
94058,T4b,T4b_R,R
94069,T5b,T5b_L,L
94071,T4a,T4a_R,R
94075,T5b,T5b_L,L
94081,T4c,T4c_R,R
94089,T4d,T4d_R,R
94123,T4d,T4d_L,L
94144,T5b,T5b_R,R
94147,T4a,T4a_R,R
94151,T5c,T5c_R,R
94153,T4d,T4d_R,R
94156,T5b,T5b_R,R
94157,T4b,T4b_L,L
94168,T4a,T4a_L,L
94174,T5b,T5b_L,L
94179,T4a,T4a_R,R
94180,T5d,T5d_R,R
94183,T4b,T4b_L,L
94192,T4b,T4b_L,L
94202,T5c,T5c_R,R
94205,T5b,T5b_L,L
94206,T5d,T5d_L,L
94214,T5a,T5a_L,L
94224,T4b,T4b_R,R
94234,T4c,T4c_L,L
94252,T4c,T4c_L,L
94271,T4a,T4a_L,L
94272,T5c,T5c_L,L
94275,T4c,T4c_R,R
94277,T5d,T5d_R,R
94282,T4c,T4c_R,R
94283,T4d,T4d_R,R
94287,T4d,T4d_R,R
94289,T4d,T4d_R,R
94294,T4b,T4b_L,L
94299,T5a,T5a_L,L
94305,T4a,T4a_R,R
94323,T4b,T4b_L,L
94328,T5d,T5d_L,L
94329,T4c,T4c_R,R
94341,T5a,T5a_R,R
94342,T5a,T5a_L,L
94356,T4c,T4c_R,R
94368,T4a,T4a_R,R
94373,T5a,T5a_L,L
94400,T4c,T4c_L,L
94409,T4b,T4b_L,L
94432,T4c,T4c_R,R
94442,T4a,T4a_R,R
94455,T5c,T5c_L,L
94468,T4c,T4c_R,R
94469,T5b,T5b_L,L
94471,T4a,T4a_R,R
94482,T4d,T4d_R,R
94485,T5c,T5c_R,R
94486,T4b,T4b_L,L
94488,T5d,T5d_R,R
94508,T5c,T5c_R,R
94512,T4a,T4a_L,L
94519,T5a,T5a_L,L
94535,T4d,T4d_R,R
94536,T5b,T5b_R,R
94546,T4b,T4b_R,R
94548,T5a,T5a_L,L
94549,T4b,T4b_R,R
94564,T5c,T5c_R,R
94567,T4c,T4c_R,R
94573,T4c,T4c_R,R
94574,T4c,T4c_R,R
94581,T4b,T4b_L,L
94596,T4b,T4b_R,R
94598,T5a,T5a_R,R
94599,T4a,T4a_R,R
94616,T5a,T5a_R,R
94624,T4a,T4a_R,R
94632,T5d,T5d_R,R
94647,T4b,T4b_R,R
94657,T5b,T5b_R,R
94660,T4b,T4b_L,L
94661,T4d,T4d_R,R
94666,T4d,T4d_L,L
94668,T4d,T4d_R,R
94669,T5d,T5d_R,R
94680,T5a,T5a_L,L
94684,T4a,T4a_R,R
94686,T4c,T4c_L,L
94690,T4b,T4b_L,L
94703,T4c,T4c_R,R
94711,T4d,T4d_L,L
94737,T5b,T5b_R,R
94743,T4d,T4d_R,R
94751,T4a,T4a_L,L
94755,T4a,T4a_R,R
94763,T5c,T5c_R,R
94764,T5d,T5d_L,L
94796,T4c,T4c_R,R
94800,T4d,T4d_L,L
94810,T4c,T4c_L,L
94813,T4b,T4b_R,R
94818,T4d,T4d_L,L
94819,T5b,T5b_R,R
94823,T5b,T5b_L,L
94833,T5d,T5d_L,L
94834,T5b,T5b_R,R
94841,T4c,T4c_L,L
94842,T5b,T5b_R,R
94847,T5d,T5d_R,R
94850,T5c,T5c_R,R
94855,T4c,T4c_L,L
94858,T4d,T4d_L,L
94859,T4c,T4c_L,L
94865,T4a,T4a_R,R
94866,T4d,T4d_R,R
94871,T4a,T4a_L,L
94886,T4d,T4d_R,R
94893,T4c,T4c_R,R
94934,T4b,T4b_R,R
94948,T4c,T4c_R,R
94950,T4d,T4d_L,L
94953,T4d,T4d_R,R
94959,T4a,T4a_R,R
94965,T5b,T5b_L,L
94967,T4a,T4a_L,L
94973,T4c,T4c_R,R
94978,T5c,T5c_R,R
94983,T4c,T4c_R,R
94987,T5c,T5c_R,R
94991,T5a,T5a_R,R
94996,T5a,T5a_R,R
95001,T4c,T4c_R,R
95005,T4a,T4a_R,R
95007,T4a,T4a_R,R
95017,T4c,T4c_R,R
95018,T5a,T5a_L,L
95020,T5c,T5c_R,R
95021,T4d,T4d_L,L
95024,T5a,T5a_L,L
95034,T5d,T5d_R,R
95036,T4c,T4c_R,R
95047,T5a,T5a_L,L
95051,T4d,T4d_R,R
95053,T5a,T5a_R,R
95064,T4a,T4a_L,L
95067,T5a,T5a_L,L
95073,T4a,T4a_R,R
95074,T4a,T4a_R,R
95087,T4c,T4c_L,L
95103,T5b,T5b_R,R
95107,T5c,T5c_R,R
95108,T5c,T5c_R,R
95130,T5c,T5c_L,L
95142,T4a,T4a_R,R
95146,T5b,T5b_L,L
95155,T5b,T5b_R,R
95162,T4c,T4c_L,L
95182,T4d,T4d_R,R
95195,T5c,T5c_L,L
95210,T4d,T4d_R,R
95216,T4c,T4c_L,L
95218,T5a,T5a_L,L
95227,T4a,T4a_R,R
95231,T5a,T5a_L,L
95235,T4d,T4d_R,R
95239,T4a,T4a_R,R
95241,LPLC2,LPLC2_L,L
95242,T4d,T4d_R,R
95263,T4c,T4c_L,L
95274,T4c,T4c_L,L
95276,T4b,T4b_L,L
95287,T4a,T4a_R,R
95304,T4a,T4a_L,L
95313,T5d,T5d_R,R
95335,T4a,T4a_R,R
95339,T5a,T5a_R,R
95345,T4d,T4d_R,R
95356,T4a,T4a_R,R
95357,T4d,T4d_R,R
95362,T5c,T5c_R,R
95364,T4d,T4d_R,R
95370,T4d,T4d_R,R
95372,T5a,T5a_L,L
95376,T5b,T5b_L,L
95378,T4d,T4d_L,L
95390,T5b,T5b_R,R
95392,T4b,T4b_L,L
95394,T4b,T4b_L,L
95402,T4c,T4c_R,R
95407,T4d,T4d_L,L
95409,T4b,T4b_R,R
95410,T5d,T5d_L,L
95434,T4b,T4b_L,L
95435,T4d,T4d_R,R
95445,T4a,T4a_L,L
95446,T4b,T4b_R,R
95451,T4a,T4a_L,L
95453,T4a,T4a_R,R
95454,T4a,T4a_R,R
95455,T4a,T4a_L,L
95458,T4d,T4d_R,R
95479,T4d,T4d_R,R
95488,T4d,T4d_R,R
95489,T4b,T4b_L,L
95498,T4b,T4b_R,R
95499,T4b,T4b_R,R
95504,T5c,T5c_R,R
95507,T5b,T5b_R,R
95513,T4c,T4c_L,L
95528,T4d,T4d_R,R
95532,T4a,T4a_R,R
95534,T4d,T4d_R,R
95539,T5b,T5b_R,R
95541,T4b,T4b_R,R
95551,T5a,T5a_R,R
95554,T4b,T4b_R,R
95556,T5d,T5d_R,R
95558,T5d,T5d_R,R
95563,T5b,T5b_L,L
95582,T4d,T4d_L,L
95593,T4d,T4d_R,R
95595,T4a,T4a_L,L
95600,T5a,T5a_L,L
95608,T5d,T5d_L,L
95610,T4d,T4d_R,R
95612,T5a,T5a_L,L
95616,T4a,T4a_L,L
95629,T4c,T4c_R,R
95630,T4a,T4a_L,L
95637,T5b,T5b_L,L
95662,T5b,T5b_R,R
95663,T4c,T4c_L,L
95677,T4c,T4c_R,R
95681,T4a,T4a_R,R
95700,T5b,T5b_R,R
95702,T5a,T5a_L,L
95710,T5c,T5c_R,R
95717,T4c,T4c_R,R
95730,T5b,T5b_L,L
95736,T4c,T4c_R,R
95739,T5d,T5d_R,R
95747,T5b,T5b_R,R
95766,T4a,T4a_L,L
95786,T5b,T5b_L,L
95791,T5a,T5a_L,L
95797,T4a,T4a_L,L
95805,T4a,T4a_L,L
95822,T4b,T4b_R,R
95824,T4a,T4a_R,R
95830,T5d,T5d_L,L
95845,T5a,T5a_R,R
95849,T5b,T5b_R,R
95851,T5d,T5d_R,R
95854,T4a,T4a_L,L
95866,T4b,T4b_R,R
95872,T4a,T4a_L,L
95883,T4a,T4a_R,R
95885,T5b,T5b_L,L
95892,T4a,T4a_L,L
95893,T5d,T5d_L,L
95895,T4c,T4c_L,L
95909,T5a,T5a_R,R
95915,T4a,T4a_L,L
95921,T4c,T4c_R,R
95925,T4b,T4b_R,R
95926,T4a,T4a_R,R
95928,T4c,T4c_R,R
95940,T4c,T4c_R,R
95942,T4d,T4d_L,L
95943,T5d,T5d_L,L
95950,T4a,T4a_R,R
95972,T4d,T4d_R,R
95976,T5c,T5c_L,L
95982,T4d,T4d_R,R
95985,T4c,T4c_R,R
95986,T4d,T4d_L,L
95988,T5a,T5a_R,R
95990,T4a,T4a_R,R
95995,T4d,T4d_R,R
95999,T4b,T4b_L,L
96003,T4d,T4d_R,R
96010,T4d,T4d_L,L
96015,T4c,T4c_R,R
96023,T5b,T5b_L,L
96035,T4d,T4d_R,R
96044,T5b,T5b_R,R
96051,T5b,T5b_R,R
96062,T4b,T4b_R,R
96081,T4a,T4a_R,R
96090,T4c,T4c_R,R
96094,T4b,T4b_L,L
96095,T4a,T4a_L,L
96096,T5d,T5d_R,R
96107,T4d,T4d_R,R
96126,T4b,T4b_R,R
96128,T4c,T4c_L,L
96130,T5a,T5a_R,R
96134,T4b,T4b_R,R
96151,T4c,T4c_R,R
96154,T5b,T5b_R,R
96155,T4d,T4d_R,R
96158,T5b,T5b_R,R
96163,T4b,T4b_R,R
96172,T4a,T4a_L,L
96183,T5a,T5a_L,L
96188,T5c,T5c_L,L
96195,T4c,T4c_L,L
96199,T4a,T4a_R,R
96201,T4b,T4b_L,L
96211,T4d,T4d_R,R
96212,T5c,T5c_R,R
96214,T5b,T5b_R,R
96218,T4c,T4c_L,L
96219,T4b,T4b_R,R
96221,T5a,T5a_R,R
96226,T4b,T4b_L,L
96230,T4b,T4b_R,R
96253,LPLC4,LPLC4_L,L
96260,T4d,T4d_R,R
96262,T4c,T4c_R,R
96276,T5a,T5a_L,L
96286,T5c,T5c_R,R
96295,T4b,T4b_R,R
96297,T4a,T4a_R,R
96300,T5d,T5d_R,R
96307,T4a,T4a_R,R
96323,T4a,T4a_L,L
96328,T5c,T5c_R,R
96330,T5a,T5a_R,R
96333,T4c,T4c_L,L
96334,T5c,T5c_L,L
96359,T4d,T4d_L,L
96361,T4c,T4c_L,L
96365,T4a,T4a_R,R
96373,T4c,T4c_R,R
96375,T5a,T5a_R,R
96381,T5a,T5a_R,R
96387,T5c,T5c_R,R
96394,T4b,T4b_R,R
96415,T5c,T5c_R,R
96417,T5c,T5c_R,R
96424,T4b,T4b_R,R
96432,T5b,T5b_R,R
96434,T4d,T4d_R,R
96440,T5a,T5a_R,R
96442,T4d,T4d_L,L
96460,T4a,T4a_R,R
96467,T4d,T4d_L,L
96470,T4d,T4d_R,R
96472,T5b,T5b_L,L
96474,T5c,T5c_L,L
96476,T5a,T5a_R,R
96480,T4b,T4b_L,L
96501,T5d,T5d_L,L
96506,T4c,T4c_L,L
96518,T4b,T4b_L,L
96521,T4b,T4b_L,L
96522,T4d,T4d_R,R
96523,T5a,T5a_L,L
96530,T4d,T4d_L,L
96534,T4c,T4c_R,R
96544,T4c,T4c_L,L
96550,T5a,T5a_R,R
96556,T5a,T5a_R,R
96575,T5a,T5a_L,L
96576,T4c,T4c_R,R
96580,T5a,T5a_R,R
96581,T4a,T4a_L,L
96587,T4a,T4a_R,R
96606,T5b,T5b_R,R
96621,T5d,T5d_L,L
96632,T5a,T5a_R,R
96638,T4c,T4c_R,R
96651,T4a,T4a_L,L
96657,T4c,T4c_R,R
96661,T5b,T5b_R,R
96671,T4c,T4c_R,R
96676,T4b,T4b_R,R
96678,T4b,T4b_L,L
96679,T4b,T4b_L,L
96703,T5b,T5b_L,L
96707,T5d,T5d_L,L
96712,T4a,T4a_L,L
96718,T4d,T4d_L,L
96719,T5c,T5c_L,L
96722,T5a,T5a_R,R
96728,T4c,T4c_R,R
96740,T4b,T4b_L,L
96741,T5d,T5d_L,L
96744,T5d,T5d_R,R
96748,T5d,T5d_L,L
96749,T4b,T4b_L,L
96761,T5d,T5d_R,R
96773,T5a,T5a_L,L
96774,T4c,T4c_R,R
96784,T4b,T4b_R,R
96787,T4d,T4d_R,R
96788,T5c,T5c_L,L
96790,T5a,T5a_R,R
96802,T5c,T5c_L,L
96803,T5a,T5a_L,L
96812,T4a,T4a_R,R
96822,T5b,T5b_L,L
96830,T4b,T4b_R,R
96835,T4b,T4b_R,R
96836,T5c,T5c_R,R
96840,T5b,T5b_L,L
96841,T4a,T4a_R,R
96846,T4d,T4d_R,R
96852,T4a,T4a_R,R
96854,T5d,T5d_L,L
96856,T4a,T4a_L,L
96866,T5a,T5a_L,L
96879,T5b,T5b_R,R
96883,T5d,T5d_L,L
96884,T4c,T4c_R,R
96890,T4a,T4a_L,L
96899,T5b,T5b_R,R
96907,T4b,T4b_L,L
96908,T5c,T5c_L,L
96912,T5c,T5c_R,R
96921,T5b,T5b_R,R
96922,T5d,T5d_R,R
96924,T4d,T4d_R,R
96931,T4b,T4b_R,R
96937,T4a,T4a_L,L
96945,T5a,T5a_R,R
96948,T4b,T4b_L,L
96954,T4a,T4a_L,L
96957,T4d,T4d_L,L
96959,T4a,T4a_R,R
96975,T5c,T5c_R,R
96982,T4b,T4b_L,L
96989,T4d,T4d_R,R
96995,T5a,T5a_R,R
97002,T5b,T5b_L,L
97004,T4c,T4c_R,R
97010,T4a,T4a_L,L
97011,T4b,T4b_R,R
97012,T4a,T4a_R,R
97013,T5a,T5a_R,R
97015,T4a,T4a_R,R
97016,T5b,T5b_L,L
97019,T5a,T5a_L,L
97023,T5d,T5d_R,R
97028,T4c,T4c_R,R
97030,T4b,T4b_R,R
97031,T4c,T4c_R,R
97048,T5b,T5b_R,R
97049,T5a,T5a_R,R
97060,T5a,T5a_L,L
97069,T4a,T4a_L,L
97077,T5b,T5b_L,L
97079,T4c,T4c_R,R
97080,T5c,T5c_R,R
97088,T4b,T4b_L,L
97091,T4b,T4b_R,R
97094,T4c,T4c_L,L
97100,T5d,T5d_R,R
97102,T4b,T4b_R,R
97105,T4d,T4d_R,R
97116,T4d,T4d_R,R
97126,T5a,T5a_L,L
97128,T5a,T5a_L,L
97134,T4c,T4c_L,L
97140,T4a,T4a_L,L
97141,T4a,T4a_R,R
97145,T4c,T4c_R,R
97147,T5a,T5a_L,L
97158,T5a,T5a_L,L
97160,T5a,T5a_L,L
97161,T4a,T4a_R,R
97163,T5c,T5c_R,R
97171,T4d,T4d_R,R
97184,T4d,T4d_R,R
97186,T4a,T4a_R,R
97187,T4d,T4d_R,R
97189,T4c,T4c_L,L
97193,T4a,T4a_R,R
97196,T4d,T4d_L,L
97212,T5d,T5d_L,L
97215,T4d,T4d_L,L
97223,T4b,T4b_R,R
97231,T4a,T4a_R,R
97249,T4d,T4d_R,R
97256,T4c,T4c_R,R
97268,T4b,T4b_R,R
97272,T4a,T4a_L,L
97281,T5a,T5a_L,L
97284,T5a,T5a_R,R
97288,T4c,T4c_R,R
97292,T4a,T4a_L,L
97306,T4a,T4a_R,R
97312,T5b,T5b_L,L
97313,T4c,T4c_R,R
97314,T5a,T5a_L,L
97315,T4a,T4a_R,R
97318,T4d,T4d_R,R
97320,T4b,T4b_R,R
97323,T4d,T4d_L,L
97326,T4c,T4c_R,R
97352,T5b,T5b_L,L
97362,T5a,T5a_R,R
97371,T4a,T4a_L,L
97383,T4a,T4a_L,L
97385,T5b,T5b_R,R
97386,T5b,T5b_R,R
97394,T5a,T5a_L,L
97415,T4d,T4d_R,R
97417,T5c,T5c_L,L
97418,T5c,T5c_R,R
97420,T4a,T4a_R,R
97429,T5a,T5a_R,R
97434,T5a,T5a_L,L
97435,T5a,T5a_R,R
97444,T4a,T4a_L,L
97449,T5d,T5d_R,R
97452,T4a,T4a_L,L
97453,T4a,T4a_R,R
97455,T4c,T4c_R,R
97460,T4d,T4d_R,R
97475,T5b,T5b_R,R
97476,T5d,T5d_R,R
97477,T5b,T5b_L,L
97478,T5c,T5c_R,R
97480,T4c,T4c_R,R
97482,T5b,T5b_L,L
97484,T4b,T4b_L,L
97498,T4a,T4a_L,L
97515,T4c,T4c_L,L
97526,T4d,T4d_L,L
97528,T4a,T4a_R,R
97529,T4b,T4b_R,R
97534,T5a,T5a_R,R
97536,T4c,T4c_L,L
97543,T5d,T5d_L,L
97544,T5a,T5a_R,R
97545,T4c,T4c_R,R
97557,T4d,T4d_L,L
97559,T4d,T4d_R,R
97562,T5c,T5c_L,L
97580,T4b,T4b_R,R
97588,T5a,T5a_R,R
97589,T4c,T4c_L,L
97595,T4d,T4d_R,R
97600,T4a,T4a_L,L
97611,T5b,T5b_L,L
97617,T5a,T5a_R,R
97622,T4c,T4c_L,L
97623,T5c,T5c_L,L
97627,T5b,T5b_L,L
97630,T5c,T5c_R,R
97643,T5a,T5a_L,L
97645,T5a,T5a_R,R
97646,T4a,T4a_R,R
97647,T5b,T5b_R,R
97649,T5b,T5b_R,R
97656,T5a,T5a_L,L
97664,T5d,T5d_R,R
97669,T4c,T4c_L,L
97670,T4d,T4d_L,L
97675,T4c,T4c_R,R
97676,T4d,T4d_L,L
97677,T4c,T4c_R,R
97686,T5a,T5a_R,R
97687,T4b,T4b_L,L
97695,T5d,T5d_R,R
97721,T4c,T4c_L,L
97724,T5a,T5a_R,R
97726,T4c,T4c_R,R
97730,T4a,T4a_L,L
97732,T5a,T5a_R,R
97745,T4c,T4c_L,L
97751,T5a,T5a_L,L
97762,T5b,T5b_R,R
97769,T4a,T4a_R,R
97775,T4d,T4d_L,L
97778,T4c,T4c_L,L
97780,T5c,T5c_R,R
97784,T4c,T4c_R,R
97792,T4b,T4b_R,R
97809,T4d,T4d_R,R
97818,T5b,T5b_R,R
97828,T5a,T5a_R,R
97832,T4b,T4b_L,L
97833,T5b,T5b_R,R
97835,T4a,T4a_R,R
97845,T4a,T4a_L,L
97850,T5a,T5a_L,L
97852,T4b,T4b_L,L
97853,T4c,T4c_R,R
97859,T5d,T5d_L,L
97860,T5c,T5c_L,L
97866,T4d,T4d_R,R
97872,T4d,T4d_R,R
97876,T4b,T4b_L,L
97877,T4d,T4d_R,R
97878,T4b,T4b_R,R
97880,T4b,T4b_L,L
97883,T5b,T5b_R,R
97885,T4a,T4a_R,R
97891,T5c,T5c_R,R
97899,T4a,T4a_R,R
97910,T4c,T4c_L,L
97923,T4c,T4c_R,R
97931,T5b,T5b_R,R
97937,T5a,T5a_L,L
97940,T4a,T4a_R,R
97942,T4d,T4d_L,L
97956,T5d,T5d_L,L
97970,T5a,T5a_R,R
97971,T4d,T4d_L,L
97978,T4a,T4a_L,L
97981,T4a,T4a_R,R
97983,T5c,T5c_R,R
97987,T5b,T5b_R,R
97994,T5b,T5b_L,L
98000,T4b,T4b_R,R
98003,T4d,T4d_R,R
98007,T4b,T4b_R,R
98010,T4a,T4a_R,R
98025,T5d,T5d_L,L
98026,T4b,T4b_R,R
98027,T4a,T4a_R,R
98030,T5b,T5b_R,R
98037,T4b,T4b_R,R
98039,T4d,T4d_R,R
98042,T5b,T5b_R,R
98060,T4c,T4c_L,L
98061,T4b,T4b_R,R
98064,T5a,T5a_L,L
98065,T5a,T5a_L,L
98072,T4b,T4b_R,R
98075,T5a,T5a_R,R
98087,T5c,T5c_L,L
98093,T4c,T4c_R,R
98095,T4a,T4a_R,R
98097,T4c,T4c_R,R
98098,T4a,T4a_L,L
98099,T4b,T4b_R,R
98115,T5a,T5a_R,R
98118,T4c,T4c_R,R
98125,T4c,T4c_L,L
98128,T5b,T5b_R,R
98137,T4d,T4d_R,R
98139,T4d,T4d_R,R
98161,T5c,T5c_L,L
98162,T4b,T4b_L,L
98167,T5a,T5a_L,L
98169,T4b,T4b_L,L
98175,T4c,T4c_R,R
98177,T4d,T4d_R,R
98183,T4b,T4b_R,R
98193,T5b,T5b_R,R
98194,T4d,T4d_R,R
98204,T4c,T4c_L,L
98209,T5b,T5b_R,R
98222,T4d,T4d_R,R
98226,T4b,T4b_R,R
98235,T5c,T5c_R,R
98238,T4b,T4b_R,R
98239,T4b,T4b_R,R
98242,T4b,T4b_R,R
98244,T5c,T5c_R,R
98245,T4c,T4c_R,R
98246,T4d,T4d_R,R
98284,T4a,T4a_L,L
98286,T4a,T4a_R,R
98292,T5b,T5b_L,L
98298,T4c,T4c_L,L
98300,T4a,T4a_R,R
98301,T5d,T5d_L,L
98310,T4a,T4a_L,L
98312,T4a,T4a_R,R
98325,T4d,T4d_R,R
98327,T4a,T4a_L,L
98341,T5c,T5c_R,R
98343,T4a,T4a_L,L
98344,T4c,T4c_L,L
98349,T4a,T4a_R,R
98354,T4a,T4a_R,R
98360,T4c,T4c_R,R
98361,T4a,T4a_R,R
98365,T5d,T5d_R,R
98371,T5b,T5b_L,L
98375,T4d,T4d_R,R
98381,T4d,T4d_R,R
98384,T5a,T5a_R,R
98389,T5b,T5b_R,R
98393,T4a,T4a_R,R
98398,T4c,T4c_R,R
98404,T4d,T4d_R,R
98409,T4c,T4c_R,R
98413,T4a,T4a_L,L
98417,T4d,T4d_R,R
98424,T5c,T5c_R,R
98425,T5c,T5c_R,R
98427,T4d,T4d_R,R
98431,T4d,T4d_R,R
98436,T5c,T5c_R,R
98439,T4a,T4a_R,R
98440,T5a,T5a_L,L
98444,T5c,T5c_L,L
98448,T4b,T4b_R,R
98450,T4c,T4c_R,R
98461,T5c,T5c_R,R
98467,T4d,T4d_R,R
98473,T5c,T5c_R,R
98497,T4c,T4c_L,L
98501,T5a,T5a_R,R
98504,T4c,T4c_R,R
98506,T4a,T4a_L,L
98508,T5b,T5b_L,L
98515,T5a,T5a_L,L
98517,T4a,T4a_L,L
98531,T5c,T5c_R,R
98546,T5d,T5d_R,R
98549,T4a,T4a_R,R
98557,T4c,T4c_L,L
98560,T4b,T4b_R,R
98564,T5d,T5d_L,L
98567,T5d,T5d_L,L
98568,T4b,T4b_L,L
98570,T4d,T4d_L,L
98573,T4d,T4d_R,R
98575,T4a,T4a_R,R
98579,T5b,T5b_R,R
98586,T5d,T5d_R,R
98598,T4c,T4c_R,R
98600,T4a,T4a_L,L
98601,T4b,T4b_L,L
98604,T5a,T5a_R,R
98605,T4b,T4b_L,L
98613,T5b,T5b_L,L
98618,T4a,T4a_L,L
98621,T5d,T5d_R,R
98623,T5c,T5c_R,R
98625,T4a,T4a_R,R
98630,T5a,T5a_R,R
98639,T5c,T5c_L,L
98649,T5b,T5b_R,R
98654,T4d,T4d_R,R
98667,T4a,T4a_R,R
98668,T4a,T4a_R,R
98669,T5d,T5d_R,R
98670,T4a,T4a_L,L
98679,T5d,T5d_R,R
98682,T5c,T5c_R,R
98687,T4c,T4c_R,R
98692,T4a,T4a_R,R
98709,T4b,T4b_L,L
98716,T4b,T4b_L,L
98724,T4c,T4c_L,L
98728,T5a,T5a_R,R
98738,T5a,T5a_R,R
98745,T4c,T4c_L,L
98748,T4c,T4c_R,R
98751,T4a,T4a_R,R
98755,T4d,T4d_L,L
98756,T4b,T4b_R,R
98758,T5d,T5d_L,L
98763,T5c,T5c_L,L
98772,T4c,T4c_L,L
98783,T4b,T4b_L,L
98788,T4d,T4d_R,R
98795,T4a,T4a_R,R
98803,T5a,T5a_R,R
98804,T5a,T5a_L,L
98805,T5d,T5d_R,R
98817,T4a,T4a_R,R
98822,T5b,T5b_L,L
98823,T5c,T5c_L,L
98828,T4a,T4a_L,L
98829,T5d,T5d_L,L
98837,T4c,T4c_R,R
98842,T5a,T5a_L,L
98845,T5a,T5a_L,L
98846,T4c,T4c_R,R
98850,T4c,T4c_L,L
98858,T5a,T5a_R,R
98867,T4a,T4a_L,L
98876,T5b,T5b_L,L
98877,T4d,T4d_R,R
98886,T4d,T4d_R,R
98887,T4b,T4b_R,R
98890,T4c,T4c_R,R
98909,T5b,T5b_L,L
98911,T4b,T4b_R,R
98917,T5d,T5d_L,L
98919,T4c,T4c_L,L
98920,T4c,T4c_L,L
98925,T4c,T4c_R,R
98937,T4a,T4a_R,R
98938,T4a,T4a_R,R
98939,T5a,T5a_R,R
98945,T5d,T5d_L,L
98950,T5d,T5d_L,L
98957,T5c,T5c_R,R
98973,T4d,T4d_L,L
98974,T5d,T5d_L,L
98980,T5b,T5b_R,R
98981,T4a,T4a_L,L
98983,T4b,T4b_R,R
98984,T5a,T5a_L,L
98985,T4c,T4c_R,R
98986,T5d,T5d_L,L
98989,T4c,T4c_L,L
98995,T4d,T4d_R,R
99011,T4c,T4c_R,R
99020,T5c,T5c_R,R
99036,T5c,T5c_L,L
99040,T5b,T5b_L,L
99053,T4d,T4d_R,R
99055,T4b,T4b_R,R
99057,T5a,T5a_L,L
99061,T5d,T5d_R,R
99066,T4c,T4c_L,L
99074,T4b,T4b_R,R
99075,T4c,T4c_R,R
99081,T5d,T5d_R,R
99094,T5c,T5c_L,L
99128,T4a,T4a_L,L
99131,T4c,T4c_R,R
99135,T4c,T4c_R,R
99137,T4c,T4c_R,R
99138,T5d,T5d_R,R
99142,T5d,T5d_R,R
99143,T4d,T4d_R,R
99146,T4c,T4c_R,R
99157,T4a,T4a_R,R
99159,T5b,T5b_R,R
99163,T4a,T4a_R,R
99166,T4c,T4c_R,R
99167,T5a,T5a_L,L
99177,T4b,T4b_R,R
99182,T4c,T4c_L,L
99183,T5d,T5d_L,L
99187,T4a,T4a_L,L
99188,T5d,T5d_L,L
99204,T5a,T5a_R,R
99209,T4a,T4a_L,L
99213,T5c,T5c_R,R
99216,T5c,T5c_L,L
99226,T5b,T5b_L,L
99227,T5a,T5a_L,L
99228,T4d,T4d_L,L
99236,T5d,T5d_R,R
99241,T4a,T4a_L,L
99242,T5c,T5c_L,L
99246,T4b,T4b_R,R
99247,T5b,T5b_L,L
99251,T4a,T4a_R,R
99256,T4b,T4b_L,L
99258,T4c,T4c_R,R
99269,T5d,T5d_R,R
99270,T5c,T5c_R,R
99272,T4c,T4c_L,L
99274,T5a,T5a_L,L
99279,T4c,T4c_R,R
99288,T5a,T5a_L,L
99292,T4a,T4a_R,R
99296,T4c,T4c_L,L
99302,T5a,T5a_L,L
99304,T5b,T5b_R,R
99310,T4a,T4a_R,R
99316,T4b,T4b_R,R
99318,T5d,T5d_L,L
99322,T5b,T5b_L,L
99325,T4d,T4d_L,L
99338,T5d,T5d_L,L
99342,T4b,T4b_L,L
99343,T5d,T5d_R,R
99347,T4a,T4a_L,L
99348,T4c,T4c_R,R
99356,T5b,T5b_L,L
99358,T4c,T4c_R,R
99359,T5d,T5d_R,R
99361,T4b,T4b_L,L
99368,T5d,T5d_R,R
99371,T5a,T5a_R,R
99375,T5d,T5d_R,R
99377,T4d,T4d_R,R
99387,T4a,T4a_R,R
99395,T5a,T5a_L,L
99397,T4d,T4d_L,L
99405,T5d,T5d_L,L
99409,T4a,T4a_R,R
99412,T5d,T5d_L,L
99414,T5d,T5d_R,R
99423,T4d,T4d_R,R
99426,T4d,T4d_R,R
99435,T5c,T5c_R,R
99438,T5c,T5c_R,R
99439,T4a,T4a_L,L
99444,T5c,T5c_R,R
99448,T4b,T4b_R,R
99449,T5b,T5b_L,L
99458,T4c,T4c_L,L
99466,T4a,T4a_R,R
99467,T5b,T5b_R,R
99478,T5b,T5b_L,L
99479,T5b,T5b_L,L
99487,T5b,T5b_L,L
99489,T4b,T4b_L,L
99490,T5a,T5a_L,L
99492,T4a,T4a_R,R
99498,T4a,T4a_R,R
99500,T5d,T5d_R,R
99501,T4b,T4b_L,L
99512,T5b,T5b_R,R
99515,T4a,T4a_L,L
99516,T5d,T5d_R,R
99519,T4a,T4a_R,R
99530,T5c,T5c_L,L
99532,T5b,T5b_R,R
99533,T5d,T5d_R,R
99535,T4b,T4b_L,L
99537,T4d,T4d_R,R
99561,T4b,T4b_R,R
99562,T5a,T5a_R,R
99564,T5a,T5a_L,L
99572,T4a,T4a_R,R
99575,T5a,T5a_L,L
99582,T4d,T4d_R,R
99594,T5a,T5a_L,L
99602,T4a,T4a_L,L
99609,T4a,T4a_R,R
99614,T4c,T4c_R,R
99615,T4d,T4d_R,R
99621,T5d,T5d_R,R
99623,T5c,T5c_L,L
99627,T4d,T4d_R,R
99628,T4b,T4b_R,R
99629,T5b,T5b_L,L
99636,T4d,T4d_R,R
99652,T5c,T5c_R,R
99655,T4d,T4d_R,R
99661,T5d,T5d_R,R
99663,T4c,T4c_R,R
99666,T5d,T5d_R,R
99669,T5c,T5c_R,R
99670,T4c,T4c_R,R
99671,T4c,T4c_R,R
99672,T4a,T4a_R,R
99674,T4d,T4d_L,L
99685,T5b,T5b_L,L
99692,T5c,T5c_L,L
99698,T4b,T4b_L,L
99705,T4a,T4a_L,L
99707,T4c,T4c_L,L
99708,T4a,T4a_R,R
99714,T4a,T4a_L,L
99721,T4c,T4c_L,L
99727,T4c,T4c_L,L
99731,T4c,T4c_R,R
99732,T5c,T5c_R,R
99736,T4d,T4d_R,R
99742,T5c,T5c_R,R
99747,T4d,T4d_R,R
99748,T4b,T4b_R,R
99750,T4b,T4b_L,L
99756,T5b,T5b_R,R
99774,T4d,T4d_R,R
99777,T4d,T4d_L,L
99779,T4a,T4a_L,L
99780,T4b,T4b_L,L
99786,T5d,T5d_R,R
99789,T4d,T4d_R,R
99792,T4c,T4c_L,L
99813,T5a,T5a_R,R
99814,T5d,T5d_R,R
99826,T5a,T5a_L,L
99834,T5b,T5b_R,R
99837,T4a,T4a_R,R
99841,T5a,T5a_L,L
99850,T4a,T4a_R,R
99853,T4a,T4a_R,R
99863,T4d,T4d_R,R
99869,T4d,T4d_R,R
99870,T4d,T4d_R,R
99876,T5a,T5a_L,L
99881,T4c,T4c_L,L
99888,T4d,T4d_L,L
99891,T5a,T5a_L,L
99893,T4b,T4b_R,R
99897,T5d,T5d_R,R
99901,T5c,T5c_L,L
99907,T4a,T4a_L,L
99918,T4d,T4d_L,L
99921,T5c,T5c_L,L
99922,T4c,T4c_R,R
99927,T5c,T5c_R,R
99931,T5a,T5a_L,L
99934,T5d,T5d_R,R
99939,T5c,T5c_R,R
99941,T4d,T4d_L,L
99944,T5b,T5b_L,L
99950,T4c,T4c_R,R
99954,T5b,T5b_L,L
99957,T4d,T4d_L,L
99964,T4c,T4c_L,L
99966,T4d,T4d_L,L
99975,T4c,T4c_R,R
99976,T4b,T4b_L,L
99980,T4c,T4c_R,R
99982,T4d,T4d_R,R
99991,T4a,T4a_R,R
99999,T5a,T5a_L,L
100004,T4b,T4b_R,R
100011,T5b,T5b_L,L
100014,T4d,T4d_R,R
100018,T4a,T4a_R,R
100021,T5d,T5d_R,R
100027,T5d,T5d_L,L
100032,T4c,T4c_R,R
100033,T4c,T4c_R,R
100036,T5c,T5c_L,L
100037,T4a,T4a_R,R
100042,T5a,T5a_R,R
100046,T4b,T4b_R,R
100050,T4a,T4a_R,R
100052,T5c,T5c_R,R
100053,T4a,T4a_R,R
100055,T5b,T5b_L,L
100073,T4c,T4c_R,R
100075,T4c,T4c_R,R
100087,T4b,T4b_R,R
100103,LPLC2,LPLC2_L,L
100105,T4a,T4a_R,R
100108,T4c,T4c_R,R
100118,T5a,T5a_L,L
100122,T4d,T4d_R,R
100127,T5c,T5c_R,R
100131,T4d,T4d_L,L
100138,T4c,T4c_L,L
100142,T5a,T5a_L,L
100146,T5c,T5c_R,R
100147,T4a,T4a_L,L
100148,T4d,T4d_L,L
100152,T4c,T4c_L,L
100158,T4a,T4a_R,R
100165,T4b,T4b_R,R
100175,T5a,T5a_R,R
100177,T4a,T4a_R,R
100178,T5b,T5b_L,L
100180,T4a,T4a_R,R
100183,T4d,T4d_L,L
100190,T4c,T4c_R,R
100192,T4a,T4a_L,L
100201,T4c,T4c_L,L
100206,T4c,T4c_R,R
100211,T5a,T5a_R,R
100215,T4c,T4c_R,R
100219,T5d,T5d_L,L
100226,T4a,T4a_R,R
100232,T5c,T5c_R,R
100238,T4b,T4b_L,L
100247,T4c,T4c_R,R
100248,T5c,T5c_L,L
100250,T4a,T4a_R,R
100257,T4b,T4b_R,R
100261,T4c,T4c_R,R
100265,T4c,T4c_R,R
100266,T4b,T4b_L,L
100270,T5a,T5a_L,L
100273,T4a,T4a_L,L
100274,T4a,T4a_R,R
100279,T4c,T4c_R,R
100280,T5a,T5a_R,R
100282,T4a,T4a_R,R
100283,T5d,T5d_L,L
100288,T5d,T5d_R,R
100297,T5b,T5b_L,L
100299,T5a,T5a_R,R
100300,T4b,T4b_L,L
100301,T4a,T4a_R,R
100302,T4c,T4c_R,R
100305,T5a,T5a_L,L
100310,T4d,T4d_R,R
100319,T4b,T4b_R,R
100320,T5a,T5a_L,L
100323,T4c,T4c_R,R
100337,T4c,T4c_L,L
100345,T4c,T4c_R,R
100347,T5c,T5c_L,L
100357,T5b,T5b_R,R
100358,T5b,T5b_L,L
100361,T4b,T4b_R,R
100365,T4a,T4a_L,L
100388,T5a,T5a_R,R
100395,T4d,T4d_L,L
100406,T4b,T4b_R,R
100409,T5d,T5d_R,R
100416,T4a,T4a_L,L
100422,T4d,T4d_R,R
100428,T4d,T4d_R,R
100430,T4c,T4c_R,R
100446,T5a,T5a_R,R
100461,T4c,T4c_R,R
100472,T5b,T5b_R,R
100474,T4c,T4c_L,L
100481,T5a,T5a_R,R
100482,T4d,T4d_R,R
100485,LC4,LC4_L,L
100486,T5a,T5a_L,L
100488,T4c,T4c_R,R
100492,T5a,T5a_R,R
100494,T4d,T4d_L,L
100495,T5b,T5b_L,L
100501,T4b,T4b_R,R
100518,T5a,T5a_R,R
100536,T4a,T4a_L,L
100546,T5d,T5d_L,L
100554,T5a,T5a_R,R
100559,T5b,T5b_L,L
100560,T4a,T4a_R,R
100562,T5a,T5a_R,R
100564,T5a,T5a_R,R
100566,T5c,T5c_L,L
100567,T4d,T4d_R,R
100574,T5d,T5d_L,L
100595,T5a,T5a_L,L
100597,T4a,T4a_L,L
100598,T5c,T5c_R,R
100602,T4b,T4b_R,R
100606,T5d,T5d_R,R
100618,T4b,T4b_R,R
100620,T5b,T5b_R,R
100621,T4c,T4c_R,R
100624,T4d,T4d_L,L
100631,T4d,T4d_L,L
100633,T4a,T4a_R,R
100644,T5c,T5c_R,R
100662,T5c,T5c_R,R
100667,T5c,T5c_L,L
100673,T4b,T4b_R,R
100680,T4d,T4d_R,R
100686,T4b,T4b_L,L
100691,T5a,T5a_R,R
100695,T5b,T5b_R,R
100698,T5a,T5a_R,R
100714,T4a,T4a_L,L
100726,T4d,T4d_R,R
100729,T4b,T4b_R,R
100731,T5c,T5c_R,R
100734,T5d,T5d_L,L
100746,T4a,T4a_R,R
100750,T4c,T4c_R,R
100763,T5b,T5b_R,R
100767,T5d,T5d_R,R
100768,T5c,T5c_L,L
100769,T4d,T4d_R,R
100774,T4a,T4a_R,R
100785,T4b,T4b_R,R
100787,T4b,T4b_R,R
100790,T4a,T4a_L,L
100791,T5d,T5d_L,L
100799,T4c,T4c_R,R
100807,T5d,T5d_L,L
100811,T4d,T4d_L,L
100827,T4c,T4c_R,R
100832,T5c,T5c_L,L
100838,T4c,T4c_R,R
100839,T5c,T5c_L,L
100840,T4b,T4b_L,L
100845,T4d,T4d_L,L
100846,T4b,T4b_L,L
100848,T5b,T5b_R,R
100850,T5a,T5a_R,R
100855,T4a,T4a_R,R
100856,T4a,T4a_R,R
100865,T4c,T4c_R,R
100867,T4b,T4b_R,R
100869,T4d,T4d_L,L
100874,T4a,T4a_R,R
100884,T4a,T4a_R,R
100888,T5b,T5b_R,R
100891,T5a,T5a_L,L
100897,T4c,T4c_R,R
100900,T5d,T5d_L,L
100903,T4d,T4d_L,L
100907,T4a,T4a_L,L
100908,T4c,T4c_L,L
100912,T4d,T4d_R,R
100922,T5d,T5d_L,L
100923,T5c,T5c_R,R
100924,T4b,T4b_R,R
100939,T5c,T5c_R,R
100946,T4c,T4c_R,R
100951,T5d,T5d_L,L
100952,T4a,T4a_L,L
100953,T4c,T4c_L,L
100955,T4d,T4d_R,R
100956,T4d,T4d_R,R
100959,T5b,T5b_R,R
100961,T5a,T5a_L,L
100962,T5c,T5c_L,L
100981,T4d,T4d_R,R
100984,T4c,T4c_L,L
100991,T5a,T5a_R,R
100996,T4b,T4b_R,R
101005,T4d,T4d_R,R
101006,T4b,T4b_R,R
101016,T4c,T4c_R,R
101017,T5b,T5b_L,L
101027,T4d,T4d_L,L
101028,T5b,T5b_L,L
101033,T4d,T4d_R,R
101043,T4c,T4c_R,R
101045,T5a,T5a_R,R
101053,T4b,T4b_R,R
101058,T5b,T5b_L,L
101062,T5d,T5d_L,L
101067,T4a,T4a_R,R
101072,T4b,T4b_R,R
101078,T5d,T5d_R,R
101080,T4d,T4d_L,L
101081,T4c,T4c_R,R
101085,T4c,T4c_L,L
101086,T4a,T4a_L,L
101095,T5c,T5c_R,R
101097,T4a,T4a_L,L
101102,T4c,T4c_L,L
101104,T5a,T5a_L,L
101107,T5b,T5b_L,L
101115,T4a,T4a_R,R
101123,T4c,T4c_R,R
101134,T4c,T4c_R,R
101140,T4c,T4c_L,L
101150,T5c,T5c_L,L
101153,T4d,T4d_L,L
101154,T5b,T5b_R,R
101157,T5b,T5b_R,R
101161,T4d,T4d_R,R
101181,T4d,T4d_L,L
101191,T4b,T4b_R,R
101202,T4a,T4a_L,L
101206,T5d,T5d_R,R
101214,T5b,T5b_L,L
101215,T4c,T4c_R,R
101226,T4a,T4a_R,R
101228,T4a,T4a_R,R
101230,T4a,T4a_R,R
101235,T4a,T4a_R,R
101242,T5d,T5d_R,R
101244,T4b,T4b_R,R
101245,T4a,T4a_R,R
101248,T4a,T4a_R,R
101253,T5b,T5b_R,R
101255,T5d,T5d_L,L
101256,T4c,T4c_L,L
101266,T5b,T5b_R,R
101269,T5a,T5a_L,L
101277,T4b,T4b_R,R
101281,T4d,T4d_L,L
101284,T5a,T5a_L,L
101288,T4d,T4d_L,L
101294,T5b,T5b_L,L
101298,T5a,T5a_R,R
101302,T4d,T4d_R,R
101319,T4b,T4b_L,L
101329,T4c,T4c_L,L
101330,T4b,T4b_R,R
101347,T4a,T4a_R,R
101350,T5b,T5b_L,L
101352,T4b,T4b_L,L
101358,T4a,T4a_R,R
101361,T5d,T5d_R,R
101370,T5a,T5a_L,L
101371,T4b,T4b_L,L
101375,T4b,T4b_L,L
101377,T5a,T5a_R,R
101379,T4d,T4d_R,R
101380,T4d,T4d_R,R
101382,T4c,T4c_R,R
101383,T4b,T4b_R,R
101400,T4a,T4a_L,L
101403,T4a,T4a_R,R
101408,T5a,T5a_L,L
101412,T4a,T4a_L,L
101415,T4a,T4a_L,L
101419,T4d,T4d_L,L
101420,T4c,T4c_L,L
101424,T4a,T4a_R,R
101441,T4a,T4a_R,R
101442,T4d,T4d_R,R
101451,T4d,T4d_R,R
101463,T4d,T4d_R,R
101467,T5b,T5b_L,L
101480,T4c,T4c_R,R
101485,T4c,T4c_R,R
101486,T4b,T4b_L,L
101499,T4a,T4a_L,L
101501,T4c,T4c_L,L
101503,T5a,T5a_L,L
101519,T4d,T4d_L,L
101523,T5a,T5a_L,L
101535,T5b,T5b_R,R
101546,T5a,T5a_R,R
101555,T4b,T4b_L,L
101556,T4c,T4c_L,L
101557,T4a,T4a_R,R
101563,T5c,T5c_L,L
101566,T5a,T5a_R,R
101579,T4b,T4b_L,L
101589,T4a,T4a_R,R
101599,T5c,T5c_R,R
101605,T4a,T4a_R,R
101620,T4b,T4b_R,R
101621,T4d,T4d_R,R
101627,T4c,T4c_L,L
101635,T5c,T5c_L,L
101638,T5b,T5b_L,L
101645,T4a,T4a_R,R
101655,T4a,T4a_R,R
101666,T4c,T4c_L,L
101667,T5b,T5b_R,R
101674,T5a,T5a_L,L
101676,T5d,T5d_R,R
101684,T5b,T5b_R,R
101685,T4b,T4b_R,R
101686,T5b,T5b_L,L
101702,T5c,T5c_R,R
101703,T4a,T4a_L,L
101707,T4c,T4c_R,R
101708,T5b,T5b_R,R
101709,T4d,T4d_R,R
101718,T5c,T5c_L,L
101720,T4b,T4b_R,R
101721,T4d,T4d_R,R
101722,T5a,T5a_R,R
101728,T4b,T4b_R,R
101732,T4c,T4c_R,R
101734,T4a,T4a_R,R
101742,T4c,T4c_R,R
101756,T4b,T4b_R,R
101758,T4d,T4d_R,R
101760,T5b,T5b_L,L
101764,T5c,T5c_L,L
101770,T4b,T4b_R,R
101776,T5d,T5d_R,R
101779,T5d,T5d_R,R
101780,T5a,T5a_R,R
101784,T5a,T5a_L,L
101788,T4b,T4b_R,R
101793,T5c,T5c_R,R
101795,T5c,T5c_R,R
101805,T4a,T4a_R,R
101807,T4c,T4c_R,R
101845,T4c,T4c_L,L
101848,T5d,T5d_R,R
101854,T4a,T4a_L,L
101857,T5b,T5b_R,R
101862,T5c,T5c_R,R
101865,T4a,T4a_R,R
101871,T5b,T5b_L,L
101873,T4b,T4b_R,R
101878,T4a,T4a_R,R
101885,T4a,T4a_R,R
101886,T4a,T4a_R,R
101890,T5b,T5b_R,R
101891,T5b,T5b_L,L
101903,T4a,T4a_R,R
101908,T4c,T4c_R,R
101912,T5c,T5c_L,L
101921,T5b,T5b_L,L
101924,T5b,T5b_L,L
101927,T5b,T5b_R,R
101930,T4d,T4d_L,L
101935,T5a,T5a_L,L
101943,T4d,T4d_L,L
101945,T4b,T4b_R,R
101958,T5c,T5c_L,L
101960,T4d,T4d_R,R
101965,T4a,T4a_R,R
101966,T4b,T4b_L,L
101970,T5a,T5a_R,R
101972,T5d,T5d_L,L
101984,T4b,T4b_L,L
101991,T4c,T4c_L,L
101994,T4a,T4a_R,R
101998,T4d,T4d_R,R
102003,T4d,T4d_L,L
102008,T4c,T4c_R,R
102016,T4a,T4a_R,R
102019,T5c,T5c_R,R
102024,T4b,T4b_R,R
102025,T5b,T5b_L,L
102026,T5d,T5d_L,L
102031,T4c,T4c_R,R
102038,T5a,T5a_L,L
102045,T4a,T4a_R,R
102046,T4c,T4c_L,L
102053,T5a,T5a_L,L
102067,T4c,T4c_R,R
102072,T5a,T5a_R,R
102074,T5b,T5b_R,R
102077,T5d,T5d_L,L
102078,T4b,T4b_L,L
102086,T4a,T4a_L,L
102088,T5c,T5c_L,L
102099,T5d,T5d_L,L
102100,T5b,T5b_R,R
102105,T4b,T4b_R,R
102112,T4c,T4c_R,R
102113,T4b,T4b_R,R
102115,T5b,T5b_L,L
102118,T4a,T4a_R,R
102119,T4b,T4b_R,R
102120,T4d,T4d_R,R
102128,T5a,T5a_R,R
102134,T4c,T4c_R,R
102138,T4a,T4a_R,R
102140,T5b,T5b_R,R
102141,T4b,T4b_L,L
102147,T4c,T4c_R,R
102149,T4a,T4a_L,L
102151,T5c,T5c_R,R
102152,T5a,T5a_L,L
102153,T4c,T4c_R,R
102154,T4c,T4c_L,L
102170,T4b,T4b_R,R
102173,T5b,T5b_L,L
102187,T5d,T5d_R,R
102190,T4a,T4a_L,L
102195,T5b,T5b_R,R
102206,T5c,T5c_R,R
102211,T5b,T5b_L,L
102214,T5d,T5d_L,L
102215,T4d,T4d_L,L
102220,T4a,T4a_R,R
102223,T5c,T5c_L,L
102226,T4b,T4b_L,L
102229,T4d,T4d_R,R
102232,T5a,T5a_R,R
102233,T5a,T5a_R,R
102240,T4c,T4c_R,R
102247,T4b,T4b_R,R
102252,T4d,T4d_L,L
102254,T4c,T4c_L,L
102257,T4a,T4a_R,R
102260,T4a,T4a_L,L
102268,T5b,T5b_R,R
102272,T4b,T4b_R,R
102274,T4b,T4b_R,R
102278,T5a,T5a_R,R
102289,T4c,T4c_L,L
102295,T4d,T4d_R,R
102298,T4c,T4c_R,R
102303,T5d,T5d_L,L
102304,T5c,T5c_L,L
102312,T5a,T5a_R,R
102314,T5a,T5a_R,R
102327,T4c,T4c_R,R
102329,T4d,T4d_R,R
102331,T4c,T4c_L,L
102338,T5c,T5c_R,R
102348,T5b,T5b_L,L
102360,T5a,T5a_L,L
102365,T5d,T5d_L,L
102367,T5d,T5d_L,L
102370,T4c,T4c_R,R
102374,T4c,T4c_R,R
102388,T4d,T4d_R,R
102393,T5a,T5a_L,L
102397,T4c,T4c_L,L
102398,T4c,T4c_L,L
102399,T4d,T4d_L,L
102409,T4c,T4c_R,R
102418,T4d,T4d_R,R
102424,T4d,T4d_R,R
102425,T4b,T4b_R,R
102428,T5d,T5d_R,R
102430,T4a,T4a_L,L
102435,T5b,T5b_R,R
102448,T4d,T4d_R,R
102462,T4c,T4c_R,R
102467,T4a,T4a_L,L
102479,T4c,T4c_R,R
102481,T4a,T4a_R,R
102485,T4c,T4c_L,L
102486,T4a,T4a_R,R
102488,T4d,T4d_L,L
102489,T5c,T5c_L,L
102491,T5a,T5a_L,L
102495,T4b,T4b_R,R
102496,T5b,T5b_L,L
102498,T5b,T5b_R,R
102499,T5d,T5d_R,R
102500,T5b,T5b_L,L
102502,T4c,T4c_R,R
102503,T4d,T4d_L,L
102506,T5a,T5a_R,R
102511,T4d,T4d_R,R
102514,T4a,T4a_R,R
102518,T4a,T4a_L,L
102519,T4a,T4a_R,R
102520,T5b,T5b_L,L
102524,T4c,T4c_R,R
102538,T4b,T4b_R,R
102539,T4b,T4b_L,L
102540,T4b,T4b_R,R
102544,T4d,T4d_R,R
102555,T4d,T4d_R,R
102560,T4a,T4a_L,L
102561,T4b,T4b_R,R
102562,T4a,T4a_L,L
102564,T4a,T4a_R,R
102571,T5a,T5a_L,L
102572,T4c,T4c_R,R
102578,T4a,T4a_R,R
102579,T4b,T4b_R,R
102584,T4c,T4c_R,R
102585,T4d,T4d_R,R
102588,T5b,T5b_R,R
102592,T5d,T5d_L,L
102593,T4c,T4c_L,L
102595,T4d,T4d_R,R
102605,T5c,T5c_R,R
102609,T4d,T4d_L,L
102618,T4d,T4d_R,R
102627,T4b,T4b_L,L
102631,T4c,T4c_L,L
102633,T5b,T5b_L,L
102636,T5c,T5c_L,L
102638,T4b,T4b_L,L
102643,T4b,T4b_R,R
102644,T5b,T5b_L,L
102649,T4d,T4d_R,R
102675,T5a,T5a_L,L
102676,T4d,T4d_R,R
102680,T4c,T4c_L,L
102688,T4b,T4b_R,R
102690,T5c,T5c_L,L
102693,T5a,T5a_R,R
102696,T5b,T5b_L,L
102700,T4a,T4a_R,R
102703,T4a,T4a_R,R
102707,T5b,T5b_R,R
102714,T5b,T5b_R,R
102715,T5b,T5b_R,R
102726,T5d,T5d_R,R
102732,T4b,T4b_L,L
102740,T4d,T4d_R,R
102741,T4c,T4c_R,R
102742,T4d,T4d_R,R
102745,T5a,T5a_R,R
102761,T4d,T4d_L,L
102765,T4d,T4d_R,R
102766,T4a,T4a_L,L
102768,T4d,T4d_L,L
102769,T5d,T5d_R,R
102770,T4a,T4a_R,R
102774,T5b,T5b_R,R
102777,T5b,T5b_L,L
102778,T5a,T5a_L,L
102783,T4c,T4c_R,R
102791,T4c,T4c_R,R
102792,T5d,T5d_L,L
102799,T4c,T4c_R,R
102801,T4b,T4b_R,R
102804,T4a,T4a_R,R
102809,T4c,T4c_R,R
102814,T4b,T4b_R,R
102817,T5a,T5a_R,R
102823,T4b,T4b_L,L
102827,T5a,T5a_L,L
102829,T5a,T5a_R,R
102833,T5b,T5b_R,R
102845,T4b,T4b_R,R
102848,T5a,T5a_L,L
102850,T5c,T5c_R,R
102852,T5b,T5b_R,R
102854,T4b,T4b_L,L
102855,T4c,T4c_R,R
102861,T5d,T5d_L,L
102869,T5a,T5a_L,L
102873,T5a,T5a_R,R
102877,T4d,T4d_R,R
102896,T5b,T5b_R,R
102905,T4d,T4d_R,R
102907,T4a,T4a_R,R
102908,T5c,T5c_R,R
102909,T4c,T4c_R,R
102910,T4b,T4b_R,R
102911,T4b,T4b_R,R
102912,T4d,T4d_L,L
102921,T5d,T5d_L,L
102924,T5b,T5b_R,R
102955,T4b,T4b_R,R
102973,T5d,T5d_L,L
102975,T4b,T4b_R,R
102977,T4d,T4d_R,R
102982,T5b,T5b_L,L
102987,T4a,T4a_R,R
102989,T4d,T4d_L,L
102991,T4c,T4c_R,R
102993,T5a,T5a_L,L
102999,T5a,T5a_R,R
103006,T4b,T4b_L,L
103019,T4b,T4b_L,L
103022,T4a,T4a_R,R
103024,T5b,T5b_R,R
103025,T4a,T4a_R,R
103026,T5d,T5d_L,L
103027,T5d,T5d_R,R
103033,T4a,T4a_R,R
103038,T5c,T5c_R,R
103044,T4a,T4a_R,R
103045,T4b,T4b_R,R
103047,T5c,T5c_L,L
103073,T4a,T4a_R,R
103074,T4c,T4c_L,L
103078,T4d,T4d_R,R
103081,T4a,T4a_L,L
103082,T4c,T4c_L,L
103083,T5a,T5a_L,L
103085,T5d,T5d_R,R
103087,T4c,T4c_L,L
103089,T5d,T5d_L,L
103090,T5a,T5a_L,L
103095,T4d,T4d_L,L
103108,T4b,T4b_R,R
103116,T4d,T4d_L,L
103117,T5d,T5d_L,L
103125,T4c,T4c_R,R
103128,T5c,T5c_R,R
103129,T5d,T5d_L,L
103133,T5d,T5d_L,L
103135,T5a,T5a_R,R
103139,T5d,T5d_R,R
103140,T4a,T4a_R,R
103141,T4c,T4c_R,R
103146,T4d,T4d_L,L
103147,T4b,T4b_R,R
103148,T4a,T4a_R,R
103152,T4a,T4a_R,R
103160,T4a,T4a_R,R
103164,T5a,T5a_L,L
103168,T4d,T4d_R,R
103169,T4b,T4b_L,L
103172,T4c,T4c_R,R
103175,T4c,T4c_L,L
103176,T5c,T5c_L,L
103178,T5d,T5d_R,R
103193,T5b,T5b_R,R
103195,T4a,T4a_R,R
103197,T5a,T5a_L,L
103207,T4c,T4c_R,R
103210,T4b,T4b_R,R
103211,T4a,T4a_R,R
103220,T5b,T5b_R,R
103226,T4d,T4d_R,R
103230,T4a,T4a_L,L
103232,T5b,T5b_L,L
103233,T4d,T4d_L,L
103236,T5a,T5a_R,R
103238,T5d,T5d_L,L
103242,T4b,T4b_L,L
103248,T5c,T5c_L,L
103250,T4d,T4d_L,L
103259,T5c,T5c_L,L
103260,T5c,T5c_R,R
103264,LC11,LC11_L,L
103265,T4d,T4d_R,R
103268,T5a,T5a_R,R
103271,T4c,T4c_R,R
103273,T5c,T5c_R,R
103275,T4c,T4c_L,L
103284,T5a,T5a_R,R
103286,T4d,T4d_R,R
103288,T5a,T5a_R,R
103294,T5b,T5b_R,R
103297,T4d,T4d_L,L
103302,T4c,T4c_R,R
103310,T4b,T4b_L,L
103314,T4b,T4b_R,R
103317,T4b,T4b_L,L
103318,T5c,T5c_R,R
103324,T5a,T5a_R,R
103343,T4b,T4b_R,R
103344,T4b,T4b_R,R
103345,T5a,T5a_L,L
103346,T4a,T4a_R,R
103351,T4a,T4a_R,R
103358,T5d,T5d_R,R
103363,T4b,T4b_L,L
103366,T5d,T5d_R,R
103367,T4c,T4c_R,R
103372,T5c,T5c_R,R
103376,T4d,T4d_R,R
103383,T4c,T4c_R,R
103392,T4c,T4c_L,L
103396,T4d,T4d_L,L
103399,T4b,T4b_L,L
103407,T4d,T4d_L,L
103417,T5c,T5c_L,L
103425,T4a,T4a_R,R
103431,T5d,T5d_L,L
103439,T4a,T4a_L,L
103440,T4d,T4d_R,R
103450,T5a,T5a_L,L
103459,T5c,T5c_R,R
103460,T4c,T4c_R,R
103461,T5c,T5c_L,L
103471,T5c,T5c_L,L
103479,T4c,T4c_R,R
103486,T5b,T5b_L,L
103489,T5a,T5a_L,L
103490,T5a,T5a_R,R
103493,T5a,T5a_R,R
103499,T5c,T5c_L,L
103503,T5a,T5a_R,R
103511,T4a,T4a_L,L
103515,T4b,T4b_L,L
103518,T5c,T5c_R,R
103527,T4c,T4c_R,R
103530,T5a,T5a_R,R
103534,T4d,T4d_L,L
103557,T4a,T4a_R,R
103558,T4b,T4b_L,L
103567,T4d,T4d_R,R
103570,T4d,T4d_R,R
103571,T4d,T4d_R,R
103572,T5d,T5d_L,L
103579,T4c,T4c_R,R
103586,T5b,T5b_R,R
103593,T4d,T4d_R,R
103594,T4b,T4b_L,L
103601,T4b,T4b_L,L
103607,T5d,T5d_R,R
103610,T5b,T5b_R,R
103612,T4a,T4a_R,R
103618,T4d,T4d_R,R
103622,T5d,T5d_R,R
103636,T4c,T4c_R,R
103639,T4d,T4d_R,R
103641,T4a,T4a_L,L
103642,T5d,T5d_R,R
103645,T4c,T4c_R,R
103648,T5d,T5d_R,R
103654,T4b,T4b_R,R
103657,T4b,T4b_R,R
103660,T5d,T5d_L,L
103674,T4d,T4d_L,L
103677,T4b,T4b_R,R
103685,T5a,T5a_L,L
103692,T4b,T4b_L,L
103694,T4c,T4c_L,L
103697,T4b,T4b_L,L
103713,T4a,T4a_R,R
103717,T4c,T4c_R,R
103722,T4c,T4c_R,R
103723,T5a,T5a_R,R
103725,T4a,T4a_R,R
103737,T5b,T5b_L,L
103743,T5c,T5c_R,R
103760,T4a,T4a_R,R
103764,T5b,T5b_L,L
103765,T4d,T4d_R,R
103772,T4b,T4b_R,R
103775,T5d,T5d_L,L
103778,T4d,T4d_L,L
103780,T4c,T4c_R,R
103782,T4a,T4a_L,L
103788,T4c,T4c_L,L
103797,T5b,T5b_L,L
103811,T4a,T4a_R,R
103812,T4b,T4b_R,R
103818,T4b,T4b_L,L
103819,T4a,T4a_L,L
103825,T5a,T5a_L,L
103827,T4c,T4c_R,R
103851,T4c,T4c_L,L
103859,T4c,T4c_L,L
103862,T4a,T4a_L,L
103867,T4a,T4a_R,R
103868,T4a,T4a_R,R
103869,T5a,T5a_R,R
103870,T4a,T4a_R,R
103871,T4d,T4d_L,L
103872,T4d,T4d_L,L
103875,T4c,T4c_L,L
103878,T4b,T4b_L,L
103879,T5d,T5d_R,R
103880,T4d,T4d_L,L
103884,T5c,T5c_R,R
103891,T5b,T5b_L,L
103899,T4a,T4a_L,L
103900,T4d,T4d_L,L
103905,T5c,T5c_R,R
103908,T4d,T4d_L,L
103912,T4a,T4a_L,L
103914,T5a,T5a_L,L
103923,T4d,T4d_R,R
103933,T4d,T4d_R,R
103939,T5a,T5a_L,L
103944,T4d,T4d_R,R
103951,T5d,T5d_L,L
103955,T4d,T4d_R,R
103956,T5b,T5b_R,R
103959,T4d,T4d_L,L
103964,T4a,T4a_L,L
103975,T5b,T5b_L,L
103982,T5b,T5b_R,R
103983,T5c,T5c_L,L
103984,T4b,T4b_L,L
103985,T4d,T4d_R,R
103989,T5b,T5b_R,R
103990,T4d,T4d_R,R
103991,T4b,T4b_L,L
104000,T4b,T4b_L,L
104006,T5b,T5b_L,L
104008,T4b,T4b_R,R
104014,T5c,T5c_R,R
104017,T4b,T4b_R,R
104018,T4c,T4c_R,R
104026,T5d,T5d_R,R
104027,T4d,T4d_R,R
104030,T4d,T4d_L,L
104041,T4c,T4c_L,L
104048,T4b,T4b_R,R
104053,T4b,T4b_R,R
104055,T5b,T5b_R,R
104056,T5d,T5d_R,R
104062,T5d,T5d_R,R
104074,T5c,T5c_R,R
104077,T5b,T5b_L,L
104088,T5d,T5d_L,L
104098,T5d,T5d_R,R
104103,T5b,T5b_L,L
104104,T5d,T5d_R,R
104105,T4d,T4d_L,L
104109,T4d,T4d_L,L
104110,T4a,T4a_R,R
104119,T4a,T4a_R,R
104123,T4b,T4b_R,R
104126,T5a,T5a_L,L
104130,T4a,T4a_R,R
104147,T5d,T5d_R,R
104152,T5c,T5c_R,R
104153,T4c,T4c_L,L
104160,T4d,T4d_R,R
104165,T4c,T4c_L,L
104169,T5c,T5c_R,R
104171,T4b,T4b_L,L
104175,T5c,T5c_L,L
104178,T4c,T4c_L,L
104179,T5d,T5d_R,R
104182,T4c,T4c_R,R
104183,T5c,T5c_L,L
104186,T4c,T4c_R,R
104191,T4a,T4a_R,R
104200,T4c,T4c_R,R
104202,T4d,T4d_R,R
104207,T4c,T4c_L,L
104218,T4d,T4d_R,R
104219,T4c,T4c_R,R
104223,T5b,T5b_L,L
104228,T5c,T5c_L,L
104229,T5d,T5d_L,L
104238,T4d,T4d_L,L
104245,T5c,T5c_R,R
104247,T4c,T4c_R,R
104250,T4d,T4d_R,R
104256,T4a,T4a_R,R
104257,T4b,T4b_R,R
104261,T4c,T4c_R,R
104262,T4a,T4a_R,R
104280,T5c,T5c_L,L
104286,T5c,T5c_L,L
104295,T5d,T5d_L,L
104296,T4d,T4d_R,R
104297,T4a,T4a_R,R
104301,T4b,T4b_R,R
104303,T4c,T4c_R,R
104307,T4a,T4a_R,R
104322,T4b,T4b_R,R
104329,T4a,T4a_R,R
104331,T5b,T5b_R,R
104334,T5a,T5a_R,R
104336,T4b,T4b_R,R
104337,T5b,T5b_R,R
104341,T4a,T4a_R,R
104346,T5a,T5a_R,R
104350,T5c,T5c_R,R
104354,T4b,T4b_R,R
104355,T5c,T5c_L,L
104357,T4a,T4a_L,L
104362,T4c,T4c_L,L
104365,T5d,T5d_R,R
104368,T4c,T4c_R,R
104370,T4d,T4d_R,R
104376,T5c,T5c_R,R
104382,T5a,T5a_L,L
104388,T4d,T4d_L,L
104390,T4a,T4a_R,R
104397,T4b,T4b_L,L
104405,T4b,T4b_L,L
104408,T4d,T4d_L,L
104412,T4a,T4a_R,R
104413,T4a,T4a_R,R
104414,T4d,T4d_R,R
104418,T4d,T4d_R,R
104434,T5a,T5a_L,L
104437,T5c,T5c_R,R
104439,T5a,T5a_L,L
104444,T5b,T5b_L,L
104447,T5b,T5b_R,R
104450,T4a,T4a_R,R
104454,T5d,T5d_R,R
104456,T5b,T5b_L,L
104459,T4b,T4b_R,R
104470,T4b,T4b_L,L
104478,T4d,T4d_R,R
104483,T5d,T5d_R,R
104484,T4a,T4a_L,L
104491,T5d,T5d_R,R
104493,T5b,T5b_R,R
104495,T5a,T5a_L,L
104505,T4c,T4c_L,L
104506,T5d,T5d_L,L
104517,T4a,T4a_R,R
104519,T4b,T4b_R,R
104525,T4b,T4b_R,R
104529,T5a,T5a_R,R
104534,T5b,T5b_L,L
104538,T4c,T4c_L,L
104539,T4b,T4b_R,R
104542,T5c,T5c_L,L
104554,T4a,T4a_L,L
104556,T4b,T4b_L,L
104562,T5a,T5a_R,R
104564,T4b,T4b_L,L
104567,T4c,T4c_R,R
104571,T5a,T5a_R,R
104572,T5a,T5a_R,R
104575,T4d,T4d_L,L
104577,T4b,T4b_R,R
104582,T4d,T4d_R,R
104584,T4c,T4c_L,L
104588,T4a,T4a_L,L
104595,T5c,T5c_L,L
104607,T5a,T5a_R,R
104621,T4c,T4c_R,R
104622,T4b,T4b_R,R
104634,T5b,T5b_L,L
104636,T4a,T4a_R,R
104640,T5a,T5a_R,R
104641,T5b,T5b_L,L
104652,T4c,T4c_R,R
104662,T4b,T4b_R,R
104665,T4a,T4a_R,R
104666,T5d,T5d_R,R
104670,T4d,T4d_R,R
104672,T5b,T5b_L,L
104674,T4a,T4a_R,R
104678,T4d,T4d_R,R
104679,T5b,T5b_R,R
104683,T4b,T4b_R,R
104689,T4c,T4c_R,R
104691,T5c,T5c_L,L
104696,T4a,T4a_R,R
104698,T5a,T5a_R,R
104700,T4b,T4b_R,R
104702,T4b,T4b_L,L
104703,T4d,T4d_R,R
104714,T4b,T4b_R,R
104715,T4a,T4a_L,L
104720,T5a,T5a_R,R
104722,T4d,T4d_R,R
104729,T4d,T4d_R,R
104741,T5c,T5c_R,R
104744,T5b,T5b_R,R
104750,T4b,T4b_L,L
104753,T4a,T4a_R,R
104757,T5c,T5c_L,L
104759,T5c,T5c_L,L
104761,T5d,T5d_L,L
104771,T4c,T4c_L,L
104785,T4b,T4b_L,L
104786,T4a,T4a_L,L
104789,T4a,T4a_R,R
104793,T4d,T4d_R,R
104799,T4b,T4b_R,R
104801,T4a,T4a_R,R
104802,T4c,T4c_R,R
104804,T5c,T5c_L,L
104813,T4b,T4b_L,L
104814,T5a,T5a_R,R
104816,T4c,T4c_R,R
104817,T5d,T5d_L,L
104823,T4c,T4c_L,L
104825,T5b,T5b_R,R
104835,T4d,T4d_L,L
104847,T4b,T4b_R,R
104853,T4c,T4c_R,R
104854,T4d,T4d_L,L
104858,T4b,T4b_R,R
104875,T4b,T4b_R,R
104879,T5d,T5d_R,R
104884,T4b,T4b_R,R
104886,T5c,T5c_L,L
104894,T4d,T4d_L,L
104897,T5a,T5a_R,R
104899,T5d,T5d_R,R
104902,T5c,T5c_R,R
104905,T4c,T4c_R,R
104908,T4c,T4c_R,R
104911,T4c,T4c_R,R
104913,T5b,T5b_R,R
104915,T4b,T4b_R,R
104918,T4b,T4b_L,L
104921,T5c,T5c_L,L
104923,T5d,T5d_L,L
104931,T4c,T4c_R,R
104942,T4a,T4a_R,R
104943,T5a,T5a_L,L
104949,T4b,T4b_L,L
104951,T4a,T4a_R,R
104955,T4b,T4b_R,R
104966,T4c,T4c_R,R
104968,T5b,T5b_L,L
104971,T5c,T5c_L,L
104972,T4a,T4a_R,R
104976,T5a,T5a_R,R
104981,T5a,T5a_L,L
104987,T5b,T5b_R,R
104990,T5c,T5c_R,R
104991,T5b,T5b_R,R
104996,T4a,T4a_R,R
104999,T4c,T4c_R,R
105007,T4a,T4a_R,R
105020,T5b,T5b_R,R
105038,T5a,T5a_R,R
105039,T5b,T5b_R,R
105040,T4b,T4b_R,R
105042,T4b,T4b_R,R
105045,T5d,T5d_L,L
105046,T4a,T4a_L,L
105049,T5b,T5b_R,R
105061,T5c,T5c_R,R
105075,T5d,T5d_R,R
105077,T5d,T5d_L,L
105079,T4a,T4a_L,L
105087,T4a,T4a_R,R
105090,T4a,T4a_R,R
105099,T4b,T4b_R,R
105113,T5a,T5a_R,R
105115,T4d,T4d_R,R
105122,T4b,T4b_R,R
105124,T4c,T4c_R,R
105126,T4c,T4c_R,R
105127,T4d,T4d_L,L
105135,T4c,T4c_R,R
105144,T4b,T4b_L,L
105148,T5c,T5c_R,R
105152,T5a,T5a_L,L
105157,T4b,T4b_R,R
105164,T5b,T5b_L,L
105165,T4c,T4c_R,R
105166,T4d,T4d_R,R
105168,T4a,T4a_R,R
105170,T4b,T4b_R,R
105172,T5d,T5d_R,R
105180,T4c,T4c_R,R
105181,T4c,T4c_L,L
105189,T4b,T4b_R,R
105192,T4d,T4d_L,L
105196,T5a,T5a_L,L
105199,T4d,T4d_R,R
105207,T5d,T5d_L,L
105214,T4c,T4c_R,R
105226,T4b,T4b_R,R
105228,T4d,T4d_R,R
105229,T4a,T4a_L,L
105233,T4b,T4b_R,R
105236,T4a,T4a_L,L
105237,T5d,T5d_R,R
105238,T4d,T4d_L,L
105242,T4c,T4c_R,R
105247,T4b,T4b_R,R
105248,T5a,T5a_L,L
105255,T5d,T5d_R,R
105256,T5a,T5a_R,R
105257,T4a,T4a_R,R
105260,T5c,T5c_R,R
105270,T5c,T5c_R,R
105276,T4d,T4d_R,R
105281,T4d,T4d_L,L
105282,T4b,T4b_L,L
105290,T4d,T4d_R,R
105292,T4b,T4b_R,R
105300,T4a,T4a_R,R
105311,T4a,T4a_L,L
105313,T4a,T4a_R,R
105315,T4c,T4c_R,R
105319,T5a,T5a_R,R
105323,T4c,T4c_L,L
105324,T4a,T4a_L,L
105326,T5c,T5c_R,R
105331,T5a,T5a_L,L
105332,T4b,T4b_R,R
105334,T5b,T5b_R,R
105351,T5d,T5d_R,R
105356,T4a,T4a_R,R
105361,T5a,T5a_R,R
105363,T4c,T4c_R,R
105374,T5d,T5d_L,L
105379,T4c,T4c_R,R
105386,T4d,T4d_R,R
105387,T4b,T4b_R,R
105402,T4b,T4b_L,L
105403,T4c,T4c_R,R
105405,T5b,T5b_R,R
105412,T4a,T4a_R,R
105417,T4c,T4c_R,R
105423,T5a,T5a_L,L
105430,T4b,T4b_R,R
105438,T5d,T5d_R,R
105451,T5b,T5b_R,R
105452,T5a,T5a_R,R
105453,T4b,T4b_R,R
105457,T5d,T5d_R,R
105458,T4b,T4b_R,R
105462,T5b,T5b_L,L
105467,T4b,T4b_L,L
105474,T4b,T4b_R,R
105478,T4c,T4c_L,L
105481,T5b,T5b_L,L
105493,T4c,T4c_L,L
105505,T4a,T4a_R,R
105517,T5a,T5a_L,L
105521,T4c,T4c_R,R
105523,T5a,T5a_L,L
105526,T4d,T4d_R,R
105541,T4a,T4a_R,R
105545,T4d,T4d_R,R
105546,T5b,T5b_R,R
105549,T5c,T5c_L,L
105563,T4b,T4b_L,L
105566,T5b,T5b_L,L
105571,T4a,T4a_R,R
105574,T4d,T4d_R,R
105583,T5a,T5a_R,R
105584,T5d,T5d_R,R
105590,T5d,T5d_R,R
105593,T5b,T5b_L,L
105596,T4b,T4b_L,L
105601,T4a,T4a_R,R
105605,T5b,T5b_R,R
105607,T4b,T4b_L,L
105608,T5b,T5b_R,R
105611,T4d,T4d_R,R
105613,T4b,T4b_R,R
105622,T5c,T5c_R,R
105623,T4b,T4b_L,L
105624,T5a,T5a_L,L
105627,T4b,T4b_R,R
105634,T5c,T5c_R,R
105636,T5b,T5b_R,R
105640,T4d,T4d_R,R
105663,T5b,T5b_L,L
105671,T4b,T4b_R,R
105673,T4a,T4a_R,R
105677,T4c,T4c_R,R
105680,T5c,T5c_R,R
105690,T4d,T4d_L,L
105691,T4c,T4c_L,L
105692,T5d,T5d_R,R
105698,T4c,T4c_R,R
105706,T4a,T4a_R,R
105710,T5a,T5a_R,R
105718,T4b,T4b_R,R
105719,T5b,T5b_L,L
105723,T4b,T4b_L,L
105725,T5b,T5b_R,R
105727,T5b,T5b_L,L
105735,T4b,T4b_R,R
105757,T4c,T4c_R,R
105759,T5b,T5b_L,L
105762,T5d,T5d_L,L
105769,T4a,T4a_L,L
105776,T5c,T5c_L,L
105782,T5d,T5d_R,R
105790,T4d,T4d_L,L
105794,T4c,T4c_L,L
105795,T5a,T5a_R,R
105796,T5b,T5b_L,L
105801,T4b,T4b_R,R
105802,T4c,T4c_R,R
105809,T5d,T5d_R,R
105828,T4a,T4a_R,R
105830,T5b,T5b_R,R
105834,T4d,T4d_R,R
105836,T5a,T5a_R,R
105841,T5c,T5c_R,R
105845,T4a,T4a_R,R
105849,T4d,T4d_R,R
105853,T5c,T5c_L,L
105856,T4a,T4a_L,L
105862,T4d,T4d_R,R
105866,T4a,T4a_L,L
105880,T5c,T5c_L,L
105882,T4c,T4c_R,R
105886,T5b,T5b_L,L
105890,T5a,T5a_R,R
105892,T4a,T4a_R,R
105894,T5b,T5b_L,L
105895,T4a,T4a_R,R
105896,T5c,T5c_R,R
105898,T4c,T4c_R,R
105900,T5a,T5a_R,R
105902,T5b,T5b_R,R
105905,T4a,T4a_R,R
105909,T4c,T4c_R,R
105913,T5c,T5c_R,R
105914,T5a,T5a_R,R
105915,T5a,T5a_R,R
105918,T4b,T4b_R,R
105920,T4a,T4a_L,L
105936,T4a,T4a_L,L
105938,T5c,T5c_R,R
105939,T5b,T5b_R,R
105940,T4a,T4a_R,R
105941,T5d,T5d_L,L
105947,T5d,T5d_R,R
105954,T5a,T5a_L,L
105962,T4b,T4b_R,R
105963,T5a,T5a_L,L
105969,T4c,T4c_L,L
105972,T4a,T4a_R,R
105973,T5a,T5a_R,R
105985,T5d,T5d_L,L
105986,T5a,T5a_R,R
105995,T4d,T4d_R,R
105999,T5a,T5a_L,L
106001,T5a,T5a_L,L
106003,T5c,T5c_R,R
106006,T4a,T4a_L,L
106023,T4c,T4c_L,L
106026,T4b,T4b_R,R
106027,T4a,T4a_R,R
106028,T4b,T4b_R,R
106030,T5c,T5c_R,R
106031,T5b,T5b_R,R
106041,T4d,T4d_L,L
106043,T5a,T5a_R,R
106047,T4b,T4b_R,R
106048,T5a,T5a_R,R
106052,T5b,T5b_L,L
106054,T5c,T5c_L,L
106055,T5d,T5d_L,L
106061,T5c,T5c_L,L
106067,T5b,T5b_R,R
106069,T4c,T4c_R,R
106074,T4c,T4c_L,L
106075,T5d,T5d_L,L
106079,T5b,T5b_L,L
106080,T5b,T5b_L,L
106087,T4b,T4b_R,R
106088,T4d,T4d_R,R
106092,T4b,T4b_L,L
106093,T4a,T4a_R,R
106095,T4b,T4b_R,R
106097,T4a,T4a_L,L
106100,T5c,T5c_R,R
106102,T4c,T4c_L,L
106111,T5c,T5c_R,R
106121,T4a,T4a_R,R
106131,T5a,T5a_R,R
106137,T4c,T4c_R,R
106139,T4d,T4d_L,L
106145,T5a,T5a_R,R
106150,T4c,T4c_R,R
106158,T4a,T4a_L,L
106166,T4b,T4b_R,R
106169,T4b,T4b_L,L
106170,T5a,T5a_R,R
106175,T4a,T4a_R,R
106181,T4d,T4d_R,R
106182,T5d,T5d_R,R
106187,T5b,T5b_L,L
106190,T4d,T4d_R,R
106191,T5c,T5c_R,R
106197,T4a,T4a_R,R
106200,T4c,T4c_R,R
106201,T4c,T4c_R,R
106203,T4d,T4d_R,R
106207,T4b,T4b_L,L
106208,T4d,T4d_L,L
106211,T5c,T5c_R,R
106230,T5d,T5d_L,L
106244,T5b,T5b_R,R
106247,T4a,T4a_L,L
106255,T5b,T5b_R,R
106267,T5b,T5b_R,R
106268,T5d,T5d_L,L
106278,T5c,T5c_L,L
106283,T4d,T4d_L,L
106295,T4b,T4b_R,R
106298,T5b,T5b_L,L
106300,T5d,T5d_L,L
106303,T4b,T4b_R,R
106304,T5d,T5d_L,L
106309,T5b,T5b_R,R
106311,T4c,T4c_L,L
106312,T5b,T5b_L,L
106319,T4c,T4c_L,L
106323,T4c,T4c_L,L
106324,T5a,T5a_L,L
106333,T5b,T5b_L,L
106338,T4a,T4a_R,R
106342,T4b,T4b_L,L
106344,T5c,T5c_R,R
106356,T4c,T4c_L,L
106360,T4a,T4a_R,R
106362,T4d,T4d_R,R
106364,T4a,T4a_L,L
106366,T4c,T4c_R,R
106367,T5c,T5c_L,L
106375,T4d,T4d_L,L
106387,T4d,T4d_R,R
106389,T5b,T5b_R,R
106393,T4b,T4b_R,R
106394,T5c,T5c_R,R
106401,T4d,T4d_R,R
106406,T4d,T4d_L,L
106409,T4b,T4b_R,R
106411,T5c,T5c_R,R
106413,T5d,T5d_R,R
106417,T4d,T4d_R,R
106423,T5a,T5a_L,L
106430,T5c,T5c_R,R
106438,T4b,T4b_L,L
106471,T5b,T5b_R,R
106472,T4b,T4b_R,R
106477,T4a,T4a_R,R
106480,T4b,T4b_R,R
106485,T5b,T5b_L,L
106508,T4b,T4b_L,L
106509,T5b,T5b_R,R
106510,T4b,T4b_R,R
106512,T4b,T4b_R,R
106516,T5a,T5a_R,R
106522,T4d,T4d_R,R
106530,T4d,T4d_R,R
106531,T5a,T5a_R,R
106533,T5c,T5c_R,R
106535,T4d,T4d_R,R
106542,T4b,T4b_R,R
106543,T5a,T5a_R,R
106546,T4c,T4c_L,L
106550,T5d,T5d_R,R
106552,T5b,T5b_R,R
106553,T4d,T4d_L,L
106557,T4b,T4b_R,R
106564,T5a,T5a_L,L
106571,T4d,T4d_L,L
106579,T4a,T4a_L,L
106581,T4a,T4a_L,L
106583,T5a,T5a_R,R
106586,T4d,T4d_R,R
106587,T4d,T4d_R,R
106595,T4a,T4a_L,L
106596,T4b,T4b_L,L
106608,T4a,T4a_R,R
106609,T4b,T4b_L,L
106636,T5d,T5d_R,R
106643,T4b,T4b_L,L
106647,T5c,T5c_R,R
106660,T4b,T4b_L,L
106664,T4c,T4c_R,R
106667,T5b,T5b_R,R
106669,T4a,T4a_R,R
106671,T4c,T4c_R,R
106677,T4b,T4b_L,L
106682,T4c,T4c_R,R
106692,T5a,T5a_R,R
106693,T5a,T5a_L,L
106701,T4d,T4d_R,R
106703,T5d,T5d_R,R
106708,T4b,T4b_L,L
106712,T5b,T5b_R,R
106714,T5a,T5a_R,R
106715,T4a,T4a_L,L
106718,T5b,T5b_R,R
106719,T4a,T4a_R,R
106721,T4b,T4b_L,L
106730,T5b,T5b_R,R
106736,T5b,T5b_R,R
106737,T5a,T5a_L,L
106741,T5c,T5c_R,R
106743,T5a,T5a_L,L
106745,T4b,T4b_R,R
106751,T4b,T4b_R,R
106765,T4a,T4a_L,L
106779,T4b,T4b_R,R
106783,T5d,T5d_R,R
106786,T5a,T5a_R,R
106788,T5d,T5d_R,R
106789,T4d,T4d_R,R
106791,T4b,T4b_L,L
106793,T4d,T4d_R,R
106798,T5d,T5d_R,R
106801,T4c,T4c_R,R
106815,T5d,T5d_L,L
106817,T5d,T5d_R,R
106819,T4b,T4b_R,R
106821,T4b,T4b_R,R
106831,T5b,T5b_R,R
106834,T5d,T5d_R,R
106837,T4d,T4d_R,R
106840,T4b,T4b_R,R
106844,T4d,T4d_R,R
106845,T4a,T4a_R,R
106851,T5b,T5b_L,L
106852,T5c,T5c_L,L
106853,T4a,T4a_R,R
106855,T4b,T4b_R,R
106858,T4c,T4c_R,R
106870,T5b,T5b_L,L
106872,T5c,T5c_R,R
106875,T4a,T4a_R,R
106878,T4c,T4c_L,L
106886,T4c,T4c_R,R
106890,T5d,T5d_L,L
106892,T4b,T4b_L,L
106894,T4b,T4b_R,R
106897,T4a,T4a_L,L
106909,T4c,T4c_L,L
106910,T4d,T4d_R,R
106914,T5a,T5a_R,R
106916,T4b,T4b_R,R
106922,T4c,T4c_R,R
106923,T5c,T5c_L,L
106928,T4b,T4b_R,R
106937,T4c,T4c_R,R
106939,T5c,T5c_L,L
106940,T5a,T5a_L,L
106945,T4d,T4d_R,R
106947,T4d,T4d_L,L
106950,T4c,T4c_R,R
106952,T4b,T4b_R,R
106964,T5d,T5d_R,R
106972,T5c,T5c_L,L
106973,T4c,T4c_R,R
106980,T4c,T4c_R,R
106982,T5a,T5a_L,L
106986,T5d,T5d_L,L
106988,T5d,T5d_R,R
106991,T4c,T4c_R,R
106999,T5c,T5c_R,R
107010,T4d,T4d_R,R
107012,T4b,T4b_L,L
107013,T5d,T5d_L,L
107022,T5d,T5d_R,R
107023,T5a,T5a_L,L
107031,T4b,T4b_R,R
107032,T4c,T4c_L,L
107036,T4c,T4c_R,R
107037,T5c,T5c_R,R
107040,T5b,T5b_R,R
107044,T5b,T5b_R,R
107050,T4a,T4a_L,L
107058,T5c,T5c_R,R
107062,T4a,T4a_R,R
107068,T5c,T5c_R,R
107070,T5b,T5b_L,L
107073,T4c,T4c_R,R
107075,T4d,T4d_R,R
107082,T4d,T4d_R,R
107092,T4b,T4b_L,L
107095,T4c,T4c_R,R
107102,T4d,T4d_L,L
107103,T5a,T5a_R,R
107105,T4d,T4d_R,R
107113,T4a,T4a_R,R
107116,T4c,T4c_L,L
107117,T4d,T4d_R,R
107122,T4a,T4a_R,R
107127,T4a,T4a_L,L
107131,T5b,T5b_L,L
107132,T4c,T4c_R,R
107141,T5b,T5b_R,R
107143,T4d,T4d_R,R
107147,T4d,T4d_R,R
107148,T5c,T5c_R,R
107149,T4d,T4d_R,R
107151,T5c,T5c_R,R
107152,T4d,T4d_R,R
107157,T5b,T5b_R,R
107159,T4b,T4b_R,R
107161,T5a,T5a_R,R
107165,T4d,T4d_L,L
107170,T4b,T4b_R,R
107176,T5a,T5a_R,R
107177,T4d,T4d_L,L
107178,T5a,T5a_L,L
107181,T4c,T4c_R,R
107185,T5b,T5b_R,R
107188,T4a,T4a_L,L
107198,T5a,T5a_L,L
107209,T4b,T4b_L,L
107211,T4d,T4d_R,R
107215,T4a,T4a_L,L
107218,T4a,T4a_L,L
107220,T5b,T5b_L,L
107229,T5d,T5d_R,R
107235,T5d,T5d_R,R
107239,T4a,T4a_L,L
107240,T4b,T4b_R,R
107249,T4c,T4c_L,L
107257,T4b,T4b_L,L
107262,T4b,T4b_R,R
107266,T5a,T5a_R,R
107271,T4d,T4d_R,R
107278,T5a,T5a_L,L
107289,T5a,T5a_L,L
107297,T4c,T4c_R,R
107302,T5a,T5a_L,L
107303,T5b,T5b_R,R
107315,T5b,T5b_L,L
107319,T4b,T4b_L,L
107320,T5b,T5b_R,R
107321,T4c,T4c_R,R
107334,T4a,T4a_R,R
107337,T4a,T4a_R,R
107340,T4b,T4b_R,R
107342,T4a,T4a_R,R
107347,T5b,T5b_R,R
107356,T4d,T4d_R,R
107359,T5a,T5a_L,L
107369,T5b,T5b_L,L
107370,T5b,T5b_R,R
107373,T5a,T5a_L,L
107376,T4c,T4c_R,R
107379,T4b,T4b_R,R
107397,T4a,T4a_R,R
107399,T5a,T5a_L,L
107401,T4a,T4a_L,L
107409,T4c,T4c_L,L
107414,T5c,T5c_L,L
107417,T5d,T5d_R,R
107420,T4b,T4b_R,R
107431,T5b,T5b_R,R
107434,T5d,T5d_L,L
107436,T5c,T5c_R,R
107441,T4b,T4b_L,L
107442,T4d,T4d_R,R
107445,T4a,T4a_R,R
107450,T5a,T5a_R,R
107464,T4a,T4a_R,R
107468,T4c,T4c_R,R
107474,T5a,T5a_L,L
107482,T4c,T4c_R,R
107483,T4c,T4c_L,L
107486,T4c,T4c_R,R
107488,T4b,T4b_L,L
107489,T4c,T4c_R,R
107498,T5a,T5a_R,R
107503,T4c,T4c_L,L
107507,T4a,T4a_R,R
107508,T5c,T5c_R,R
107509,T4b,T4b_R,R
107513,LC4,LC4_L,L
107517,T4b,T4b_L,L
107523,T5b,T5b_L,L
107529,T4d,T4d_R,R
107543,T5b,T5b_R,R
107547,T4a,T4a_L,L
107548,T5a,T5a_L,L
107559,T4b,T4b_L,L
107564,T5c,T5c_R,R
107567,T4c,T4c_R,R
107574,T4c,T4c_R,R
107577,T5a,T5a_L,L
107592,T4b,T4b_L,L
107596,T4a,T4a_R,R
107598,T5b,T5b_R,R
107602,T5a,T5a_R,R
107604,T5b,T5b_R,R
107606,T4c,T4c_L,L
107607,T5c,T5c_L,L
107608,T4a,T4a_L,L
107609,T4d,T4d_R,R
107610,T4c,T4c_R,R
107612,T5a,T5a_L,L
107616,T5b,T5b_R,R
107619,T4a,T4a_L,L
107621,T4d,T4d_R,R
107628,T4d,T4d_R,R
107630,T4c,T4c_L,L
107633,T4b,T4b_R,R
107640,T4c,T4c_R,R
107643,T5d,T5d_R,R
107647,T5b,T5b_R,R
107648,T5d,T5d_R,R
107651,T5c,T5c_L,L
107660,T4b,T4b_L,L
107667,T5a,T5a_L,L
107673,T5c,T5c_R,R
107675,T5c,T5c_L,L
107692,T5b,T5b_R,R
107693,T5b,T5b_L,L
107697,T4c,T4c_R,R
107698,T4a,T4a_R,R
107699,T4b,T4b_L,L
107705,T4c,T4c_R,R
107708,T5d,T5d_L,L
107709,T4a,T4a_R,R
107710,T4a,T4a_R,R
107715,T4a,T4a_R,R
107719,T4b,T4b_R,R
107723,T4c,T4c_L,L
107738,T4b,T4b_L,L
107741,T5d,T5d_L,L
107746,T4d,T4d_R,R
107754,T5b,T5b_R,R
107757,T5a,T5a_R,R
107758,T5c,T5c_R,R
107760,T4b,T4b_L,L
107763,T4d,T4d_R,R
107766,T4b,T4b_L,L
107767,T5c,T5c_R,R
107770,T5b,T5b_R,R
107773,T4a,T4a_R,R
107774,T5b,T5b_L,L
107776,T4c,T4c_R,R
107782,T5d,T5d_L,L
107788,T4b,T4b_L,L
107793,T5a,T5a_L,L
107799,T4b,T4b_R,R
107800,T4b,T4b_L,L
107804,T4b,T4b_L,L
107806,T4c,T4c_L,L
107811,T4c,T4c_R,R
107812,T4a,T4a_R,R
107815,T4c,T4c_L,L
107816,T5c,T5c_L,L
107819,T4c,T4c_R,R
107822,T5c,T5c_L,L
107824,T5b,T5b_R,R
107828,T5c,T5c_L,L
107829,T4b,T4b_L,L
107833,T4b,T4b_R,R
107835,T4b,T4b_R,R
107843,T4d,T4d_R,R
107858,T4b,T4b_R,R
107864,T4b,T4b_L,L
107868,T4c,T4c_L,L
107870,T4a,T4a_L,L
107871,T4d,T4d_R,R
107875,T4c,T4c_R,R
107876,T5b,T5b_R,R
107883,T4d,T4d_R,R
107888,T4b,T4b_R,R
107889,T5d,T5d_R,R
107897,T4b,T4b_L,L
107898,T4d,T4d_L,L
107902,T4d,T4d_L,L
107906,T4b,T4b_R,R
107907,T5d,T5d_R,R
107908,T5c,T5c_R,R
107922,T5c,T5c_R,R
107923,T5c,T5c_R,R
107927,T5b,T5b_L,L
107933,T5a,T5a_R,R
107939,LPLC1,LPLC1_R,R
107942,T4a,T4a_L,L
107943,T5b,T5b_L,L
107945,T5c,T5c_R,R
107964,T4c,T4c_R,R
107976,T4d,T4d_R,R
107979,T4d,T4d_R,R
107991,T4b,T4b_R,R
107992,T4a,T4a_L,L
107994,T5c,T5c_L,L
107995,T5b,T5b_R,R
107997,T4c,T4c_R,R
107998,T5b,T5b_L,L
108003,T4a,T4a_L,L
108004,T5a,T5a_R,R
108006,T5d,T5d_L,L
108007,T5b,T5b_R,R
108010,T4c,T4c_R,R
108016,T5a,T5a_R,R
108020,T4b,T4b_R,R
108021,T4a,T4a_R,R
108028,T5c,T5c_R,R
108032,T4b,T4b_L,L
108037,T5b,T5b_L,L
108041,T4b,T4b_L,L
108043,T4a,T4a_R,R
108044,T5c,T5c_L,L
108058,T4a,T4a_L,L
108060,T5a,T5a_R,R
108065,T4c,T4c_R,R
108066,T4b,T4b_R,R
108067,T4a,T4a_R,R
108068,T4b,T4b_R,R
108080,T5b,T5b_R,R
108083,T4c,T4c_L,L
108090,T5d,T5d_R,R
108094,T4d,T4d_R,R
108097,T5c,T5c_R,R
108099,T5c,T5c_R,R
108107,T5d,T5d_L,L
108110,T4a,T4a_R,R
108111,T5a,T5a_L,L
108113,T5a,T5a_R,R
108116,T4c,T4c_L,L
108119,T4c,T4c_R,R
108123,T4b,T4b_R,R
108131,T4a,T4a_L,L
108132,T4d,T4d_R,R
108135,T5d,T5d_R,R
108139,T5c,T5c_R,R
108144,T4c,T4c_R,R
108146,T5b,T5b_L,L
108153,T5c,T5c_L,L
108161,T4a,T4a_R,R
108162,T4a,T4a_R,R
108168,T4b,T4b_R,R
108175,T5c,T5c_R,R
108181,T5c,T5c_L,L
108183,T4a,T4a_R,R
108184,T4b,T4b_L,L
108185,T4c,T4c_R,R
108187,T5b,T5b_R,R
108189,T4d,T4d_L,L
108190,T4b,T4b_R,R
108191,T4d,T4d_L,L
108194,T4d,T4d_L,L
108199,T4c,T4c_R,R
108204,T4b,T4b_L,L
108205,T5c,T5c_R,R
108207,T4a,T4a_R,R
108210,T4c,T4c_L,L
108212,T5d,T5d_L,L
108223,T4c,T4c_R,R
108224,T5c,T5c_L,L
108226,T4d,T4d_L,L
108229,T5c,T5c_R,R
108232,T5c,T5c_R,R
108235,T5a,T5a_R,R
108240,T5a,T5a_L,L
108243,T4d,T4d_L,L
108249,T4a,T4a_R,R
108252,T4b,T4b_L,L
108262,T5c,T5c_L,L
108263,T4d,T4d_L,L
108266,T4a,T4a_L,L
108270,T4b,T4b_R,R
108272,T5d,T5d_L,L
108275,T4b,T4b_L,L
108276,T4a,T4a_R,R
108279,T5b,T5b_R,R
108293,T4c,T4c_L,L
108304,T5a,T5a_L,L
108305,T5a,T5a_R,R
108307,T4b,T4b_R,R
108309,T4b,T4b_R,R
108310,T4a,T4a_R,R
108325,T4c,T4c_R,R
108327,T5c,T5c_L,L
108330,T4c,T4c_L,L
108336,T4c,T4c_L,L
108344,T4d,T4d_R,R
108346,T4b,T4b_R,R
108349,T4d,T4d_R,R
108350,T5d,T5d_L,L
108355,T5b,T5b_R,R
108359,T5b,T5b_L,L
108363,T5b,T5b_R,R
108364,T4b,T4b_L,L
108375,T5c,T5c_R,R
108376,T5d,T5d_R,R
108397,T4a,T4a_L,L
108404,T4d,T4d_L,L
108411,T5a,T5a_R,R
108413,T4d,T4d_L,L
108417,T5a,T5a_R,R
108438,T4d,T4d_R,R
108441,T5b,T5b_R,R
108442,T4b,T4b_R,R
108443,T5c,T5c_L,L
108447,T5c,T5c_L,L
108451,T5c,T5c_R,R
108453,T5c,T5c_L,L
108455,T4c,T4c_R,R
108459,T5c,T5c_L,L
108461,T4b,T4b_R,R
108466,T5a,T5a_L,L
108470,T4c,T4c_R,R
108475,T4b,T4b_R,R
108484,T4d,T4d_L,L
108487,T5b,T5b_L,L
108496,T4c,T4c_R,R
108501,T4a,T4a_R,R
108505,T5c,T5c_R,R
108507,T4d,T4d_L,L
108514,T5c,T5c_R,R
108516,T5c,T5c_R,R
108521,T5a,T5a_R,R
108522,T5b,T5b_L,L
108523,T5b,T5b_L,L
108532,T4d,T4d_R,R
108543,T5a,T5a_R,R
108545,T4d,T4d_R,R
108549,T4b,T4b_R,R
108551,T4a,T4a_R,R
108564,T5c,T5c_R,R
108577,T5d,T5d_R,R
108579,T5c,T5c_L,L
108589,T5d,T5d_L,L
108594,T4d,T4d_R,R
108596,T4c,T4c_R,R
108598,T5b,T5b_R,R
108605,T4d,T4d_L,L
108606,T4d,T4d_R,R
108616,T4c,T4c_R,R
108623,T5a,T5a_R,R
108624,T4d,T4d_L,L
108625,T4b,T4b_R,R
108627,T5a,T5a_L,L
108641,T5a,T5a_L,L
108649,T4c,T4c_L,L
108650,T4c,T4c_L,L
108665,T5d,T5d_R,R
108669,T5c,T5c_L,L
108673,T4b,T4b_L,L
108675,T4b,T4b_R,R
108680,T5c,T5c_R,R
108683,T5c,T5c_R,R
108685,T4a,T4a_R,R
108688,T5c,T5c_L,L
108691,T5b,T5b_R,R
108695,T4a,T4a_L,L
108696,T5d,T5d_R,R
108697,T4d,T4d_R,R
108701,T4b,T4b_L,L
108705,T4a,T4a_L,L
108709,T5c,T5c_R,R
108718,T4a,T4a_R,R
108719,T5b,T5b_R,R
108721,T5a,T5a_R,R
108724,T4c,T4c_R,R
108729,T4b,T4b_L,L
108730,T5a,T5a_L,L
108732,T5b,T5b_R,R
108736,T4b,T4b_R,R
108740,T4c,T4c_R,R
108742,T5c,T5c_R,R
108747,T5b,T5b_R,R
108750,T5d,T5d_L,L
108757,T4c,T4c_R,R
108758,T4d,T4d_L,L
108759,T4b,T4b_L,L
108763,T4c,T4c_L,L
108771,T5d,T5d_L,L
108787,T4d,T4d_R,R
108795,T4a,T4a_L,L
108799,T4c,T4c_L,L
108813,T4a,T4a_L,L
108824,T4d,T4d_R,R
108832,T4d,T4d_R,R
108836,T5d,T5d_R,R
108839,T5c,T5c_L,L
108840,T5c,T5c_R,R
108841,T5c,T5c_L,L
108842,T5c,T5c_L,L
108843,T5c,T5c_L,L
108844,T5a,T5a_R,R
108847,T4d,T4d_R,R
108849,T5a,T5a_L,L
108851,T5a,T5a_R,R
108852,T4d,T4d_L,L
108857,T5a,T5a_R,R
108859,T4a,T4a_L,L
108861,T5b,T5b_R,R
108868,T5d,T5d_R,R
108870,T4a,T4a_R,R
108872,T4a,T4a_R,R
108875,T4a,T4a_L,L
108876,T4c,T4c_R,R
108879,T4b,T4b_L,L
108903,T5b,T5b_L,L
108904,T4d,T4d_R,R
108907,T4c,T4c_R,R
108908,T4d,T4d_L,L
108912,T4c,T4c_L,L
108913,T5d,T5d_R,R
108917,T5b,T5b_L,L
108918,T5c,T5c_L,L
108924,T4c,T4c_R,R
108930,T4a,T4a_R,R
108931,T5c,T5c_L,L
108938,T5a,T5a_R,R
108944,T5c,T5c_L,L
108948,T4b,T4b_R,R
108950,T4a,T4a_R,R
108951,T4b,T4b_L,L
108952,T5b,T5b_R,R
108953,T4c,T4c_R,R
108970,T4d,T4d_R,R
108974,T4c,T4c_R,R
108977,T4a,T4a_R,R
108979,T5d,T5d_L,L
108982,T5b,T5b_R,R
109006,T4a,T4a_R,R
109009,T5d,T5d_L,L
109017,T5b,T5b_L,L
109022,T4a,T4a_R,R
109023,T4c,T4c_R,R
109026,T4a,T4a_L,L
109034,T5b,T5b_R,R
109035,T4b,T4b_R,R
109038,T4c,T4c_L,L
109043,T5b,T5b_R,R
109044,T4c,T4c_L,L
109048,T5d,T5d_R,R
109061,T4b,T4b_R,R
109074,T5b,T5b_L,L
109075,T5b,T5b_R,R
109080,T5a,T5a_L,L
109083,T4b,T4b_R,R
109086,T5a,T5a_R,R
109089,T5d,T5d_L,L
109097,T4c,T4c_R,R
109107,T4a,T4a_L,L
109109,T5b,T5b_R,R
109112,T4b,T4b_L,L
109113,T4a,T4a_L,L
109119,T5c,T5c_L,L
109120,T4a,T4a_R,R
109122,T4a,T4a_L,L
109125,T5b,T5b_R,R
109127,T4b,T4b_R,R
109129,T5c,T5c_L,L
109134,T4d,T4d_R,R
109137,T4b,T4b_L,L
109140,T4c,T4c_R,R
109141,T4a,T4a_R,R
109142,T4b,T4b_R,R
109143,T4d,T4d_R,R
109146,T5b,T5b_L,L
109148,T5c,T5c_L,L
109152,T4c,T4c_L,L
109153,T4a,T4a_R,R
109160,T5c,T5c_L,L
109172,T4b,T4b_R,R
109174,T5d,T5d_R,R
109178,T4b,T4b_L,L
109194,T5b,T5b_L,L
109197,T5a,T5a_R,R
109205,T5a,T5a_R,R
109206,T5a,T5a_L,L
109210,T4c,T4c_R,R
109217,T4b,T4b_R,R
109225,T4a,T4a_R,R
109227,T5d,T5d_R,R
109229,T5d,T5d_R,R
109234,T5d,T5d_R,R
109235,T4b,T4b_L,L
109236,T4a,T4a_R,R
109237,T4d,T4d_L,L
109239,T4b,T4b_L,L
109242,T4b,T4b_R,R
109244,T4d,T4d_R,R
109247,T4c,T4c_L,L
109254,T4d,T4d_R,R
109257,T5b,T5b_L,L
109259,T5c,T5c_R,R
109262,T5c,T5c_R,R
109267,T5b,T5b_R,R
109272,T5a,T5a_R,R
109276,T4d,T4d_R,R
109280,T4c,T4c_L,L
109285,T4c,T4c_R,R
109291,T4d,T4d_R,R
109295,T4c,T4c_R,R
109298,T5a,T5a_L,L
109301,T5c,T5c_R,R
109312,T4c,T4c_L,L
109313,T4a,T4a_L,L
109316,T4a,T4a_R,R
109326,T4c,T4c_R,R
109330,T5a,T5a_R,R
109336,T4b,T4b_R,R
109344,T5d,T5d_R,R
109347,T5d,T5d_R,R
109350,T4b,T4b_L,L
109355,T5c,T5c_L,L
109359,T5c,T5c_R,R
109368,T4a,T4a_R,R
109377,T5a,T5a_R,R
109384,T4d,T4d_R,R
109392,T5b,T5b_R,R
109394,T4b,T4b_L,L
109399,T5a,T5a_R,R
109405,T5c,T5c_R,R
109417,T4b,T4b_R,R
109420,T5a,T5a_L,L
109424,T4b,T4b_R,R
109432,T4b,T4b_L,L
109434,T4b,T4b_L,L
109436,T5c,T5c_L,L
109440,T4d,T4d_R,R
109442,T5b,T5b_L,L
109454,T4c,T4c_L,L
109455,T4c,T4c_R,R
109457,T5a,T5a_L,L
109466,T4d,T4d_L,L
109472,T5b,T5b_R,R
109475,T5a,T5a_R,R
109476,T4b,T4b_L,L
109482,T4d,T4d_L,L
109488,T4b,T4b_L,L
109491,T5b,T5b_R,R
109497,T4b,T4b_R,R
109501,T4b,T4b_L,L
109508,T4b,T4b_R,R
109510,T4b,T4b_L,L
109515,T5a,T5a_R,R
109532,T5c,T5c_R,R
109533,T5c,T5c_L,L
109536,T4d,T4d_R,R
109539,T4a,T4a_R,R
109545,T4a,T4a_R,R
109551,T5d,T5d_R,R
109554,T4c,T4c_R,R
109555,T5d,T5d_L,L
109556,T5c,T5c_R,R
109559,T5b,T5b_L,L
109561,T5a,T5a_L,L
109563,T4d,T4d_R,R
109569,T5c,T5c_R,R
109572,T4c,T4c_R,R
109573,T4b,T4b_L,L
109578,T4d,T4d_R,R
109582,T5b,T5b_L,L
109598,T4b,T4b_R,R
109601,T5d,T5d_R,R
109605,T4a,T4a_L,L
109609,T5b,T5b_R,R
109617,T4c,T4c_R,R
109620,T5a,T5a_R,R
109622,T5a,T5a_R,R
109629,T5d,T5d_R,R
109630,T5d,T5d_L,L
109631,T4b,T4b_R,R
109633,T4b,T4b_R,R
109638,T5b,T5b_R,R
109639,T5b,T5b_L,L
109643,T5a,T5a_L,L
109645,T4b,T4b_R,R
109649,T4c,T4c_R,R
109652,T4d,T4d_R,R
109657,T4d,T4d_L,L
109658,T4b,T4b_R,R
109662,T4c,T4c_R,R
109663,T5d,T5d_L,L
109667,T4a,T4a_L,L
109675,T5a,T5a_L,L
109679,T5a,T5a_L,L
109685,T4c,T4c_R,R
109686,T4d,T4d_R,R
109687,T5a,T5a_R,R
109698,T5a,T5a_L,L
109699,T4c,T4c_R,R
109700,T5c,T5c_R,R
109705,T5a,T5a_R,R
109723,T4a,T4a_L,L
109725,T5b,T5b_L,L
109727,T4b,T4b_R,R
109733,T4a,T4a_L,L
109736,T5a,T5a_L,L
109743,T4a,T4a_R,R
109744,T5d,T5d_R,R
109748,T4b,T4b_L,L
109749,T5a,T5a_L,L
109750,T4a,T4a_R,R
109751,T5a,T5a_R,R
109757,T5a,T5a_R,R
109760,T4d,T4d_R,R
109766,T5d,T5d_R,R
109767,T5a,T5a_L,L
109768,T5b,T5b_R,R
109770,T4a,T4a_L,L
109772,T4d,T4d_L,L
109774,T4d,T4d_R,R
109775,T4a,T4a_R,R
109777,T4c,T4c_L,L
109779,T4b,T4b_L,L
109780,T5b,T5b_R,R
109784,T5d,T5d_R,R
109787,T5c,T5c_L,L
109789,T4c,T4c_L,L
109794,T4c,T4c_L,L
109800,T4b,T4b_R,R
109803,T5b,T5b_L,L
109805,T5d,T5d_L,L
109809,T5a,T5a_R,R
109811,T5c,T5c_L,L
109812,T5a,T5a_L,L
109814,T5c,T5c_R,R
109815,T5d,T5d_R,R
109816,T5c,T5c_R,R
109818,T4d,T4d_L,L
109831,T4d,T4d_R,R
109840,T5d,T5d_L,L
109841,T5a,T5a_L,L
109843,T4b,T4b_R,R
109846,T5d,T5d_R,R
109849,T5c,T5c_L,L
109857,T4d,T4d_R,R
109858,T5c,T5c_R,R
109859,T4d,T4d_R,R
109865,T4b,T4b_R,R
109889,T4d,T4d_R,R
109896,T5b,T5b_L,L
109900,T4b,T4b_L,L
109902,T5b,T5b_L,L
109903,T4a,T4a_R,R
109912,T4d,T4d_R,R
109916,T4d,T4d_R,R
109929,T5d,T5d_R,R
109932,T4c,T4c_L,L
109933,T5b,T5b_L,L
109937,T4a,T4a_R,R
109938,T4b,T4b_L,L
109939,T4c,T4c_L,L
109942,T5c,T5c_L,L
109946,T5a,T5a_R,R
109954,T4a,T4a_L,L
109958,T4c,T4c_L,L
109960,T5b,T5b_L,L
109962,T5b,T5b_L,L
109966,T4b,T4b_R,R
109968,T4c,T4c_L,L
109969,T4c,T4c_L,L
109977,T5c,T5c_R,R
109980,T5a,T5a_R,R
109981,T4c,T4c_L,L
109991,T5c,T5c_L,L
109996,T4c,T4c_R,R
109998,T4d,T4d_R,R
110002,T4b,T4b_R,R
110003,T5b,T5b_R,R
110004,T5b,T5b_L,L
110008,T4d,T4d_R,R
110013,T4d,T4d_L,L
110021,T4a,T4a_L,L
110022,T4c,T4c_R,R
110025,T4d,T4d_R,R
110033,T4c,T4c_L,L
110034,T4a,T4a_L,L
110037,T4d,T4d_L,L
110040,T4c,T4c_R,R
110044,T5b,T5b_L,L
110046,T4b,T4b_R,R
110049,T4c,T4c_L,L
110058,T4c,T4c_L,L
110060,T5c,T5c_R,R
110061,T5c,T5c_R,R
110068,T5c,T5c_R,R
110070,T5b,T5b_R,R
110071,T4d,T4d_R,R
110074,T5a,T5a_R,R
110076,T4c,T4c_R,R
110085,T5c,T5c_L,L
110092,T5a,T5a_R,R
110096,T4c,T4c_R,R
110098,T4d,T4d_R,R
110101,T5d,T5d_L,L
110110,T5c,T5c_R,R
110115,T4b,T4b_L,L
110122,T5b,T5b_L,L
110125,T5c,T5c_R,R
110126,T5d,T5d_R,R
110134,T5d,T5d_R,R
110136,T5c,T5c_L,L
110138,T4a,T4a_R,R
110155,T5b,T5b_R,R
110160,T4c,T4c_R,R
110167,T4a,T4a_L,L
110168,T5c,T5c_R,R
110171,T4d,T4d_R,R
110172,T4c,T4c_L,L
110175,T5d,T5d_R,R
110178,T4d,T4d_L,L
110180,T5a,T5a_R,R
110182,T4c,T4c_R,R
110183,T4d,T4d_R,R
110187,T4a,T4a_R,R
110193,T5d,T5d_R,R
110195,T5d,T5d_L,L
110197,T4c,T4c_L,L
110203,T4c,T4c_R,R
110220,T4d,T4d_R,R
110232,T5d,T5d_R,R
110236,T4d,T4d_R,R
110240,T5b,T5b_L,L
110242,T5a,T5a_L,L
110243,T5d,T5d_R,R
110244,T4a,T4a_R,R
110257,T4b,T4b_L,L
110279,T5b,T5b_L,L
110289,T5c,T5c_R,R
110290,T4b,T4b_R,R
110296,T4c,T4c_R,R
110299,T5a,T5a_L,L
110301,T5c,T5c_L,L
110308,T4b,T4b_L,L
110309,T5b,T5b_R,R
110312,T4d,T4d_R,R
110314,T4d,T4d_R,R
110318,T5b,T5b_L,L
110319,T4a,T4a_L,L
110324,T5a,T5a_R,R
110326,T5b,T5b_R,R
110327,T5a,T5a_R,R
110336,T5d,T5d_R,R
110341,T4d,T4d_R,R
110346,T5b,T5b_L,L
110348,T4c,T4c_R,R
110350,T5c,T5c_L,L
110365,T5c,T5c_R,R
110376,T5c,T5c_R,R
110378,T4c,T4c_R,R
110384,T4b,T4b_R,R
110386,T4d,T4d_R,R
110390,T4b,T4b_R,R
110393,T5a,T5a_R,R
110396,T5c,T5c_L,L
110401,T5c,T5c_R,R
110402,T5a,T5a_R,R
110403,T4b,T4b_R,R
110406,T5c,T5c_R,R
110407,T5b,T5b_R,R
110411,T4d,T4d_R,R
110413,T4a,T4a_R,R
110420,T4b,T4b_R,R
110432,T4d,T4d_L,L
110433,T5b,T5b_R,R
110437,T4b,T4b_R,R
110441,T5a,T5a_L,L
110442,T5c,T5c_R,R
110453,T5c,T5c_R,R
110454,T4d,T4d_R,R
110466,T4a,T4a_R,R
110467,T5c,T5c_L,L
110468,T4d,T4d_R,R
110469,T5d,T5d_L,L
110472,T5a,T5a_R,R
110475,T5a,T5a_R,R
110478,T5a,T5a_L,L
110479,T4a,T4a_R,R
110482,T4b,T4b_R,R
110483,T4b,T4b_R,R
110486,T5c,T5c_L,L
110498,T4c,T4c_R,R
110500,T5b,T5b_R,R
110505,T5b,T5b_R,R
110512,T5b,T5b_R,R
110522,T5b,T5b_R,R
110531,T4a,T4a_R,R
110534,T5a,T5a_R,R
110536,T4a,T4a_R,R
110541,T5d,T5d_L,L
110548,T5d,T5d_R,R
110549,T5b,T5b_L,L
110550,T5d,T5d_L,L
110555,T4b,T4b_R,R
110570,T5a,T5a_R,R
110582,T4c,T4c_R,R
110583,T4d,T4d_R,R
110584,T4a,T4a_L,L
110588,T5c,T5c_R,R
110594,T5b,T5b_R,R
110597,T5c,T5c_L,L
110604,T4a,T4a_R,R
110605,T5d,T5d_L,L
110608,T4c,T4c_L,L
110614,T5c,T5c_L,L
110617,T5a,T5a_L,L
110631,T5c,T5c_L,L
110632,T5d,T5d_R,R
110636,T4a,T4a_R,R
110646,T4b,T4b_R,R
110657,T4a,T4a_R,R
110658,T4b,T4b_L,L
110661,T5c,T5c_R,R
110666,T5a,T5a_R,R
110668,T4d,T4d_L,L
110680,T5b,T5b_R,R
110682,T4b,T4b_R,R
110684,T5a,T5a_R,R
110687,T5a,T5a_R,R
110688,T4c,T4c_L,L
110700,T5b,T5b_L,L
110704,T4c,T4c_R,R
110708,T4d,T4d_R,R
110711,T4a,T4a_R,R
110712,T4c,T4c_R,R
110715,T4d,T4d_L,L
110717,T5b,T5b_L,L
110718,T4b,T4b_L,L
110722,T5b,T5b_R,R
110729,T4c,T4c_R,R
110731,T5c,T5c_L,L
110733,T4b,T4b_L,L
110742,T4c,T4c_R,R
110752,T5c,T5c_L,L
110757,T4b,T4b_R,R
110758,T4b,T4b_R,R
110759,T4a,T4a_R,R
110760,T5d,T5d_L,L
110761,T5a,T5a_R,R
110762,T4b,T4b_R,R
110767,T5c,T5c_R,R
110768,T5c,T5c_R,R
110773,T4a,T4a_R,R
110777,T5a,T5a_L,L
110779,T4a,T4a_L,L
110789,T4c,T4c_L,L
110790,T5a,T5a_L,L
110793,T4a,T4a_R,R
110799,T4d,T4d_R,R
110800,T4d,T4d_R,R
110804,T5b,T5b_R,R
110806,T5c,T5c_R,R
110811,T4b,T4b_L,L
110818,T5d,T5d_R,R
110826,T5a,T5a_L,L
110832,T4a,T4a_R,R
110838,T4b,T4b_R,R
110846,T4b,T4b_R,R
110853,T4b,T4b_L,L
110855,T4a,T4a_R,R
110859,T4b,T4b_R,R
110863,T4a,T4a_L,L
110865,T4d,T4d_R,R
110869,T4c,T4c_R,R
110879,T4b,T4b_L,L
110885,T4b,T4b_R,R
110886,T5d,T5d_R,R
110895,T4d,T4d_L,L
110896,T4d,T4d_R,R
110900,T4a,T4a_R,R
110903,T5b,T5b_R,R
110921,T5c,T5c_R,R
110923,T4a,T4a_R,R
110928,T4d,T4d_R,R
110932,T4a,T4a_L,L
110933,T5c,T5c_L,L
110934,T4a,T4a_L,L
110935,T4c,T4c_R,R
110938,T4d,T4d_R,R
110939,T5b,T5b_R,R
110942,T5c,T5c_R,R
110946,T5c,T5c_R,R
110948,T4c,T4c_L,L
110951,T5b,T5b_R,R
110953,T5d,T5d_R,R
110954,T4a,T4a_L,L
110958,T5b,T5b_R,R
110960,T4d,T4d_L,L
110968,T4b,T4b_R,R
110980,T4b,T4b_L,L
110982,T4b,T4b_R,R
110985,T5d,T5d_R,R
110986,T5d,T5d_L,L
110988,T4a,T4a_R,R
110989,T4b,T4b_R,R
110993,T5d,T5d_L,L
110995,T4a,T4a_L,L
110999,T5a,T5a_R,R
111003,T4a,T4a_R,R
111005,T4c,T4c_L,L
111007,T5c,T5c_R,R
111009,T4b,T4b_L,L
111010,T4c,T4c_R,R
111016,T4d,T4d_R,R
111017,T4d,T4d_R,R
111019,T5c,T5c_R,R
111021,T5b,T5b_L,L
111031,T5b,T5b_L,L
111032,T4b,T4b_R,R
111042,T4d,T4d_L,L
111046,T4b,T4b_R,R
111049,T4c,T4c_R,R
111051,T5a,T5a_R,R
111059,T4d,T4d_L,L
111061,T4a,T4a_L,L
111063,T5a,T5a_R,R
111065,T4c,T4c_R,R
111066,T5a,T5a_L,L
111071,T4a,T4a_L,L
111076,T5d,T5d_L,L
111081,T5c,T5c_L,L
111084,T4d,T4d_L,L
111085,T5d,T5d_L,L
111086,T5c,T5c_L,L
111116,T5c,T5c_L,L
111119,T4d,T4d_R,R
111120,T5c,T5c_L,L
111129,T4b,T4b_R,R
111133,T4c,T4c_L,L
111134,T4d,T4d_R,R
111137,T4d,T4d_L,L
111150,T4a,T4a_L,L
111152,T4c,T4c_L,L
111153,T4d,T4d_L,L
111159,T4a,T4a_R,R
111166,T5a,T5a_L,L
111168,T4c,T4c_L,L
111173,T4b,T4b_R,R
111180,T4c,T4c_R,R
111184,T4a,T4a_R,R
111193,T5d,T5d_L,L
111196,T5c,T5c_R,R
111202,T5d,T5d_L,L
111208,T5c,T5c_L,L
111214,T5c,T5c_R,R
111219,T4b,T4b_L,L
111227,T4a,T4a_R,R
111228,T4d,T4d_L,L
111230,T5c,T5c_R,R
111232,T5d,T5d_R,R
111233,T5c,T5c_R,R
111236,T4d,T4d_R,R
111237,T5d,T5d_L,L
111238,T4b,T4b_L,L
111246,T4b,T4b_L,L
111258,T5b,T5b_L,L
111259,T4b,T4b_L,L
111268,T5d,T5d_R,R
111275,T5d,T5d_R,R
111276,T5b,T5b_L,L
111278,T4c,T4c_R,R
111281,T4d,T4d_L,L
111286,T5c,T5c_R,R
111295,T5b,T5b_L,L
111298,T5b,T5b_R,R
111301,T5a,T5a_L,L
111304,T4b,T4b_R,R
111321,T5d,T5d_R,R
111326,T4b,T4b_R,R
111337,T5d,T5d_R,R
111346,T4d,T4d_L,L
111347,T4b,T4b_L,L
111357,T4a,T4a_L,L
111358,T5a,T5a_L,L
111361,T5d,T5d_R,R
111362,T4b,T4b_R,R
111364,T4c,T4c_R,R
111366,T5d,T5d_L,L
111368,T5c,T5c_R,R
111369,T4a,T4a_R,R
111372,T5b,T5b_R,R
111375,T4b,T4b_L,L
111376,T4d,T4d_L,L
111390,T5c,T5c_L,L
111395,T5c,T5c_R,R
111398,T5b,T5b_R,R
111401,T5c,T5c_R,R
111402,T5b,T5b_R,R
111410,T5d,T5d_L,L
111413,T5d,T5d_L,L
111423,T4c,T4c_R,R
111425,T4d,T4d_L,L
111446,T4d,T4d_R,R
111452,T5a,T5a_L,L
111455,T4c,T4c_R,R
111456,T5a,T5a_R,R
111463,T5a,T5a_R,R
111464,T5b,T5b_R,R
111469,T5b,T5b_R,R
111475,T4a,T4a_L,L
111478,T4c,T4c_R,R
111479,T4d,T4d_L,L
111480,T4c,T4c_R,R
111485,T5a,T5a_L,L
111486,T5a,T5a_R,R
111487,T5b,T5b_R,R
111497,T4b,T4b_R,R
111498,T4a,T4a_R,R
111508,T4a,T4a_R,R
111509,T4b,T4b_L,L
111513,T5c,T5c_L,L
111514,T5a,T5a_R,R
111516,T5d,T5d_L,L
111518,T5d,T5d_R,R
111522,T4a,T4a_R,R
111527,T4b,T4b_R,R
111532,T5d,T5d_R,R
111533,T4c,T4c_L,L
111538,T4b,T4b_R,R
111546,T4c,T4c_L,L
111550,T4c,T4c_R,R
111552,T4d,T4d_L,L
111553,T5a,T5a_R,R
111554,T4b,T4b_R,R
111559,T4a,T4a_L,L
111567,T5d,T5d_R,R
111575,T5a,T5a_R,R
111580,T5c,T5c_L,L
111581,T4d,T4d_R,R
111587,T4c,T4c_R,R
111590,T5a,T5a_L,L
111598,T4c,T4c_L,L
111607,T5a,T5a_R,R
111613,T4d,T4d_R,R
111614,T5a,T5a_L,L
111617,T5b,T5b_L,L
111623,T4a,T4a_R,R
111625,T4b,T4b_R,R
111630,T5c,T5c_R,R
111632,T5b,T5b_R,R
111638,T5b,T5b_R,R
111642,T5a,T5a_L,L
111658,T4c,T4c_R,R
111662,T4a,T4a_R,R
111666,T4c,T4c_R,R
111668,T4b,T4b_L,L
111670,T5b,T5b_L,L
111679,T5b,T5b_L,L
111685,T4d,T4d_R,R
111690,T5b,T5b_L,L
111697,T5a,T5a_R,R
111705,T5c,T5c_R,R
111711,T5b,T5b_R,R
111712,T4d,T4d_L,L
111714,T4d,T4d_R,R
111715,T5d,T5d_L,L
111725,T4c,T4c_L,L
111737,T5c,T5c_R,R
111743,T5a,T5a_L,L
111745,T4d,T4d_R,R
111751,T4d,T4d_L,L
111755,T4a,T4a_R,R
111756,T4d,T4d_L,L
111761,T4b,T4b_R,R
111762,T4c,T4c_R,R
111767,T4b,T4b_R,R
111778,T5a,T5a_L,L
111780,T5b,T5b_R,R
111783,T4a,T4a_R,R
111787,LC4,LC4_L,L
111790,T4d,T4d_R,R
111798,T4d,T4d_R,R
111807,T5d,T5d_R,R
111813,T5d,T5d_L,L
111821,T4a,T4a_R,R
111823,T4c,T4c_R,R
111828,T5c,T5c_L,L
111829,T5b,T5b_R,R
111832,T5d,T5d_L,L
111834,T5a,T5a_R,R
111838,T5c,T5c_L,L
111840,T4d,T4d_R,R
111843,T5b,T5b_L,L
111847,T5c,T5c_L,L
111852,T4a,T4a_R,R
111857,T4d,T4d_R,R
111861,T5b,T5b_L,L
111863,T5a,T5a_L,L
111867,T5c,T5c_R,R
111873,T4c,T4c_L,L
111875,T4c,T4c_L,L
111889,T4b,T4b_R,R
111893,T5b,T5b_L,L
111894,T5b,T5b_R,R
111895,T5d,T5d_R,R
111899,T4a,T4a_R,R
111900,T5b,T5b_R,R
111902,T5d,T5d_L,L
111903,LPLC2,LPLC2_L,L
111909,T5b,T5b_L,L
111912,T4d,T4d_L,L
111913,T5a,T5a_R,R
111914,T5a,T5a_R,R
111915,T5c,T5c_L,L
111918,T4c,T4c_R,R
111919,T4a,T4a_R,R
111921,T4d,T4d_R,R
111924,T5b,T5b_R,R
111926,T4d,T4d_R,R
111927,T4d,T4d_R,R
111928,T4b,T4b_R,R
111931,T5b,T5b_R,R
111932,T4c,T4c_R,R
111937,T5c,T5c_L,L
111944,T5a,T5a_R,R
111949,T4c,T4c_R,R
111953,T4a,T4a_L,L
111955,T5c,T5c_L,L
111967,T4d,T4d_R,R
111970,T5d,T5d_R,R
111972,T5a,T5a_R,R
111979,T5d,T5d_R,R
111980,T4d,T4d_R,R
111983,T5c,T5c_R,R
111990,T5a,T5a_R,R
112000,T4d,T4d_R,R
112001,T5d,T5d_R,R
112004,T4b,T4b_R,R
112007,T5d,T5d_R,R
112015,T5b,T5b_R,R
112019,T4a,T4a_R,R
112021,T5b,T5b_L,L
112024,T4a,T4a_L,L
112025,T4c,T4c_R,R
112027,T4d,T4d_R,R
112028,T5a,T5a_R,R
112032,T4a,T4a_L,L
112035,T5b,T5b_R,R
112037,T4a,T4a_L,L
112045,T5c,T5c_L,L
112047,T4b,T4b_L,L
112048,T4c,T4c_R,R
112050,T4b,T4b_L,L
112052,T5b,T5b_R,R
112058,T5c,T5c_L,L
112073,T4b,T4b_R,R
112074,T4a,T4a_R,R
112075,T5d,T5d_L,L
112080,T4c,T4c_R,R
112081,T4a,T4a_L,L
112086,T5a,T5a_L,L
112088,T4d,T4d_R,R
112095,T5b,T5b_L,L
112115,T5b,T5b_R,R
112116,T4c,T4c_R,R
112117,T5c,T5c_L,L
112123,T5a,T5a_L,L
112126,T5a,T5a_R,R
112128,T4d,T4d_L,L
112132,T4a,T4a_R,R
112135,T5a,T5a_L,L
112142,T4b,T4b_R,R
112143,T4b,T4b_L,L
112148,T4c,T4c_L,L
112149,T4b,T4b_L,L
112150,T4b,T4b_R,R
112154,T5c,T5c_R,R
112158,T4b,T4b_R,R
112161,T5c,T5c_L,L
112167,T4b,T4b_R,R
112173,T5a,T5a_R,R
112175,T4d,T4d_R,R
112179,T4b,T4b_R,R
112180,T4b,T4b_R,R
112181,LC11,LC11_L,L
112186,T5c,T5c_R,R
112187,T5c,T5c_R,R
112199,T4a,T4a_L,L
112201,T4a,T4a_R,R
112202,T5b,T5b_L,L
112205,T4c,T4c_R,R
112207,T4b,T4b_L,L
112209,T5a,T5a_R,R
112220,T5a,T5a_R,R
112222,T4a,T4a_R,R
112231,T5a,T5a_R,R
112234,T5b,T5b_L,L
112240,T4b,T4b_L,L
112241,T4b,T4b_R,R
112251,T5c,T5c_R,R
112253,T5c,T5c_R,R
112256,T4b,T4b_R,R
112257,T4a,T4a_R,R
112264,T5d,T5d_R,R
112273,T4c,T4c_R,R
112282,T5d,T5d_L,L
112283,T4a,T4a_R,R
112285,T5d,T5d_R,R
112291,T5a,T5a_R,R
112292,LPLC2,LPLC2_L,L
112298,T4c,T4c_R,R
112301,T4c,T4c_L,L
112307,T5b,T5b_L,L
112309,T5a,T5a_L,L
112310,T4d,T4d_R,R
112312,T5a,T5a_R,R
112315,T4d,T4d_R,R
112321,T4d,T4d_R,R
112327,T5b,T5b_L,L
112331,T5d,T5d_L,L
112332,T5a,T5a_R,R
112333,T4a,T4a_R,R
112335,T5c,T5c_L,L
112336,T4a,T4a_L,L
112338,T5a,T5a_R,R
112340,T5a,T5a_R,R
112344,T4c,T4c_R,R
112353,T5a,T5a_L,L
112362,T4c,T4c_R,R
112366,T4a,T4a_R,R
112368,T5b,T5b_L,L
112369,T4d,T4d_R,R
112372,T5d,T5d_L,L
112373,T4d,T4d_L,L
112379,T5a,T5a_R,R
112381,T4d,T4d_R,R
112383,T5a,T5a_L,L
112390,T4b,T4b_R,R
112393,T4a,T4a_R,R
112397,T4c,T4c_L,L
112398,T5a,T5a_R,R
112401,T4d,T4d_L,L
112403,T4a,T4a_L,L
112407,T4c,T4c_R,R
112409,T5d,T5d_R,R
112416,T4d,T4d_R,R
112419,T5d,T5d_R,R
112422,T4c,T4c_L,L
112425,T4b,T4b_R,R
112436,T5d,T5d_R,R
112447,T5b,T5b_R,R
112453,T4c,T4c_R,R
112458,T4b,T4b_R,R
112463,T5a,T5a_R,R
112464,T5c,T5c_R,R
112476,T5c,T5c_R,R
112485,T5c,T5c_R,R
112487,T4d,T4d_R,R
112494,T4a,T4a_L,L
112495,T4c,T4c_L,L
112496,T4d,T4d_L,L
112497,T5d,T5d_R,R
112500,T5b,T5b_R,R
112502,T5d,T5d_L,L
112508,T5c,T5c_R,R
112511,T4c,T4c_R,R
112516,T5a,T5a_R,R
112517,T4a,T4a_L,L
112518,T5a,T5a_L,L
112541,T5a,T5a_L,L
112544,T4a,T4a_L,L
112545,T4d,T4d_R,R
112553,T4a,T4a_R,R
112554,T4c,T4c_R,R
112571,T4d,T4d_R,R
112579,T5d,T5d_L,L
112587,T5c,T5c_L,L
112591,T5a,T5a_L,L
112594,T4b,T4b_R,R
112597,T4d,T4d_L,L
112598,T5d,T5d_R,R
112603,T5c,T5c_R,R
112608,T5c,T5c_R,R
112612,T4a,T4a_R,R
112613,T4d,T4d_R,R
112614,T4d,T4d_L,L
112616,T4a,T4a_L,L
112619,T4d,T4d_R,R
112629,T5a,T5a_L,L
112630,T4d,T4d_R,R
112633,T4b,T4b_R,R
112637,T5b,T5b_L,L
112639,T5d,T5d_L,L
112642,T4d,T4d_R,R
112655,T4d,T4d_L,L
112658,T4c,T4c_L,L
112659,T5d,T5d_L,L
112663,T4a,T4a_R,R
112679,T5c,T5c_L,L
112681,T4d,T4d_R,R
112686,T5a,T5a_R,R
112688,T4a,T4a_R,R
112689,T4b,T4b_R,R
112691,T4c,T4c_L,L
112698,T5b,T5b_L,L
112699,T5d,T5d_R,R
112707,T4a,T4a_R,R
112708,T4d,T4d_L,L
112710,T4c,T4c_R,R
112713,T5a,T5a_R,R
112714,T4d,T4d_R,R
112715,T4b,T4b_R,R
112721,T5c,T5c_L,L
112724,T4a,T4a_R,R
112730,T4d,T4d_R,R
112731,T5b,T5b_L,L
112732,T4a,T4a_R,R
112734,T5d,T5d_R,R
112737,T5d,T5d_L,L
112743,T5a,T5a_L,L
112744,T4d,T4d_R,R
112745,T5c,T5c_R,R
112747,T4d,T4d_L,L
112750,T4c,T4c_R,R
112755,T5c,T5c_L,L
112763,T5c,T5c_L,L
112773,T4a,T4a_R,R
112775,T4d,T4d_R,R
112794,T4d,T4d_R,R
112799,T4c,T4c_L,L
112800,T5d,T5d_L,L
112802,T5b,T5b_L,L
112806,T4c,T4c_R,R
112809,T4d,T4d_R,R
112816,T4a,T4a_R,R
112818,T4a,T4a_R,R
112821,T4b,T4b_L,L
112843,T4d,T4d_R,R
112856,T4d,T4d_L,L
112857,T4c,T4c_L,L
112862,T4c,T4c_L,L
112866,T5a,T5a_R,R
112871,T5b,T5b_R,R
112872,T5a,T5a_R,R
112874,T5b,T5b_R,R
112877,T5d,T5d_L,L
112887,T5a,T5a_L,L
112890,T5b,T5b_L,L
112892,T5b,T5b_R,R
112906,T5d,T5d_R,R
112908,T4c,T4c_L,L
112910,T4d,T4d_L,L
112921,T4a,T4a_L,L
112931,T4c,T4c_L,L
112932,T4b,T4b_R,R
112936,T4b,T4b_R,R
112944,T4b,T4b_R,R
112947,T5a,T5a_R,R
112949,T4d,T4d_L,L
112954,T4d,T4d_R,R
112955,T5d,T5d_R,R
112957,T5c,T5c_L,L
112969,T4c,T4c_R,R
112970,T5a,T5a_R,R
112972,T5c,T5c_L,L
112973,T4c,T4c_R,R
112987,T4c,T4c_R,R
112990,T5a,T5a_L,L
112993,T4b,T4b_R,R
112996,T4b,T4b_L,L
113002,T5b,T5b_R,R
113003,T5d,T5d_R,R
113005,T4d,T4d_L,L
113009,T5b,T5b_L,L
113020,T5a,T5a_R,R
113040,T4b,T4b_L,L
113054,T5a,T5a_R,R
113058,T4d,T4d_L,L
113060,T5c,T5c_R,R
113062,T4b,T4b_R,R
113063,T5d,T5d_R,R
113066,T4d,T4d_L,L
113075,T4c,T4c_L,L
113082,T4c,T4c_R,R
113086,T5d,T5d_L,L
113087,T5d,T5d_L,L
113089,T5b,T5b_R,R
113098,T4c,T4c_R,R
113100,T4b,T4b_R,R
113105,T5c,T5c_L,L
113106,T5b,T5b_R,R
113107,T4a,T4a_R,R
113109,T4c,T4c_L,L
113111,T5b,T5b_L,L
113115,T4d,T4d_R,R
113122,T4c,T4c_L,L
113127,T5a,T5a_L,L
113133,T5c,T5c_L,L
113141,T5a,T5a_R,R
113143,T4a,T4a_L,L
113146,T5d,T5d_L,L
113154,T4d,T4d_L,L
113156,T5b,T5b_R,R
113158,T5d,T5d_L,L
113160,T5a,T5a_L,L
113161,T5b,T5b_L,L
113165,T5c,T5c_R,R
113167,T4b,T4b_R,R
113171,T4b,T4b_R,R
113175,T5d,T5d_L,L
113179,T5c,T5c_R,R
113181,T4a,T4a_R,R
113185,T4c,T4c_L,L
113187,T5d,T5d_L,L
113199,T5d,T5d_L,L
113201,T5b,T5b_L,L
113203,T4a,T4a_R,R
113205,T4a,T4a_L,L
113206,T4b,T4b_L,L
113207,T4d,T4d_R,R
113208,T5d,T5d_R,R
113210,T5a,T5a_L,L
113212,T5a,T5a_R,R
113218,T4c,T4c_R,R
113221,T4d,T4d_L,L
113227,T5a,T5a_R,R
113228,T4b,T4b_R,R
113232,T5b,T5b_L,L
113254,T4a,T4a_R,R
113256,T5c,T5c_R,R
113259,T4b,T4b_L,L
113272,T4c,T4c_R,R
113275,T5d,T5d_L,L
113278,T4b,T4b_R,R
113284,T5a,T5a_L,L
113291,T4c,T4c_R,R
113292,T4b,T4b_L,L
113294,T4a,T4a_L,L
113295,T4c,T4c_L,L
113297,T5a,T5a_R,R
113303,T5b,T5b_R,R
113311,T4d,T4d_L,L
113316,T5d,T5d_R,R
113319,T5d,T5d_R,R
113335,T5b,T5b_R,R
113336,T5b,T5b_R,R
113337,T5a,T5a_R,R
113344,T4d,T4d_R,R
113346,T4b,T4b_R,R
113355,T4d,T4d_R,R
113358,T4c,T4c_L,L
113360,T5a,T5a_L,L
113362,T5b,T5b_L,L
113365,T5a,T5a_R,R
113370,T5a,T5a_L,L
113372,T5a,T5a_R,R
113373,T5c,T5c_L,L
113376,T5c,T5c_L,L
113381,T5d,T5d_R,R
113382,T4c,T4c_R,R
113387,T5a,T5a_L,L
113391,T5c,T5c_L,L
113392,T5c,T5c_R,R
113403,T4a,T4a_R,R
113404,T5c,T5c_R,R
113405,T5c,T5c_R,R
113410,T4d,T4d_R,R
113411,T4c,T4c_R,R
113413,T4c,T4c_R,R
113414,T4d,T4d_R,R
113415,T5b,T5b_R,R
113416,T4b,T4b_R,R
113417,T5b,T5b_R,R
113424,T5a,T5a_L,L
113431,T5b,T5b_R,R
113443,T5c,T5c_R,R
113445,T4c,T4c_L,L
113454,T5b,T5b_L,L
113462,T5c,T5c_R,R
113463,T4b,T4b_R,R
113466,T5b,T5b_R,R
113475,T4c,T4c_R,R
113477,T5d,T5d_R,R
113484,T4b,T4b_L,L
113487,T5d,T5d_R,R
113493,T4d,T4d_L,L
113496,T4d,T4d_R,R
113498,T5a,T5a_R,R
113499,T5d,T5d_R,R
113503,T5b,T5b_L,L
113504,T5c,T5c_L,L
113505,T4c,T4c_L,L
113519,T5d,T5d_R,R
113520,T5a,T5a_R,R
113526,T5a,T5a_L,L
113527,T5d,T5d_L,L
113529,T4a,T4a_R,R
113530,T5a,T5a_R,R
113537,T4c,T4c_R,R
113542,T5b,T5b_R,R
113545,T5d,T5d_L,L
113548,T4d,T4d_L,L
113551,T4b,T4b_L,L
113552,T5c,T5c_L,L
113554,T5d,T5d_L,L
113556,T5d,T5d_L,L
113560,T5c,T5c_R,R
113561,T4c,T4c_L,L
113563,T5c,T5c_R,R
113566,T5a,T5a_R,R
113568,T4d,T4d_R,R
113569,T5c,T5c_R,R
113572,T5c,T5c_R,R
113573,T5c,T5c_R,R
113575,T4c,T4c_L,L
113577,T5c,T5c_L,L
113578,T5a,T5a_L,L
113583,T4a,T4a_L,L
113587,T5c,T5c_L,L
113593,T4b,T4b_L,L
113599,T4b,T4b_R,R
113613,T5b,T5b_R,R
113614,T4c,T4c_L,L
113627,T5b,T5b_L,L
113628,T4a,T4a_L,L
113630,T4d,T4d_L,L
113636,T5b,T5b_R,R
113637,T5d,T5d_L,L
113638,T4c,T4c_L,L
113639,T4d,T4d_L,L
113648,T4c,T4c_R,R
113654,T4c,T4c_R,R
113667,T4d,T4d_R,R
113674,T5b,T5b_R,R
113678,T5c,T5c_R,R
113679,T4d,T4d_R,R
113686,T4d,T4d_R,R
113690,T5b,T5b_R,R
113699,T5d,T5d_R,R
113703,T4b,T4b_R,R
113712,T5d,T5d_R,R
113718,T5c,T5c_L,L
113726,T5b,T5b_L,L
113728,T5c,T5c_R,R
113732,T5a,T5a_L,L
113733,T5c,T5c_L,L
113735,T5b,T5b_R,R
113737,T4c,T4c_L,L
113740,T4d,T4d_R,R
113744,T5d,T5d_R,R
113745,T4b,T4b_R,R
113747,T5a,T5a_L,L
113749,T5b,T5b_R,R
113750,T4a,T4a_R,R
113763,T5c,T5c_L,L
113765,T4d,T4d_L,L
113770,T5c,T5c_R,R
113774,T4d,T4d_L,L
113781,T4c,T4c_R,R
113799,T5d,T5d_R,R
113805,T5c,T5c_R,R
113807,T4a,T4a_R,R
113813,T4a,T4a_R,R
113814,T5c,T5c_R,R
113819,T4a,T4a_L,L
113821,T5a,T5a_R,R
113825,T5d,T5d_L,L
113836,T4a,T4a_R,R
113841,T4d,T4d_R,R
113844,T5a,T5a_L,L
113852,T4b,T4b_R,R
113857,T4c,T4c_L,L
113862,T5a,T5a_L,L
113865,T5d,T5d_R,R
113868,T4c,T4c_R,R
113870,T4c,T4c_L,L
113871,T5b,T5b_R,R
113872,T4b,T4b_R,R
113876,T5a,T5a_R,R
113878,T5d,T5d_R,R
113883,T5a,T5a_R,R
113890,T4d,T4d_L,L
113896,T5a,T5a_L,L
113902,T4b,T4b_R,R
113904,T5b,T5b_R,R
113910,T5d,T5d_R,R
113911,T4b,T4b_R,R
113914,T4c,T4c_R,R
113915,T5d,T5d_R,R
113917,T4b,T4b_R,R
113919,T5a,T5a_L,L
113922,T4b,T4b_L,L
113926,T4c,T4c_R,R
113932,T4c,T4c_R,R
113934,T4a,T4a_R,R
113944,T4c,T4c_L,L
113945,T4d,T4d_R,R
113949,T5c,T5c_R,R
113962,T5b,T5b_L,L
113966,T4b,T4b_L,L
113976,T4b,T4b_L,L
113978,T4a,T4a_R,R
113980,T4c,T4c_L,L
113983,T4d,T4d_R,R
113989,T5b,T5b_L,L
113990,T5b,T5b_R,R
113991,T4d,T4d_R,R
113993,T5a,T5a_R,R
113994,T5c,T5c_L,L
113996,T4a,T4a_R,R
114000,T4c,T4c_R,R
114016,T4d,T4d_L,L
114020,T4c,T4c_R,R
114021,T5d,T5d_R,R
114024,T4b,T4b_L,L
114033,T5d,T5d_R,R
114034,T5a,T5a_L,L
114035,T4a,T4a_R,R
114037,T4a,T4a_R,R
114039,T5c,T5c_R,R
114051,T4a,T4a_L,L
114054,T5a,T5a_L,L
114056,T5b,T5b_L,L
114060,T4b,T4b_L,L
114080,T4a,T4a_R,R
114081,T5c,T5c_L,L
114085,T4d,T4d_L,L
114086,T4c,T4c_L,L
114087,T4a,T4a_R,R
114088,T4d,T4d_R,R
114095,T5a,T5a_L,L
114102,T4d,T4d_R,R
114105,T5a,T5a_L,L
114106,T5a,T5a_R,R
114113,T5d,T5d_L,L
114118,T4c,T4c_R,R
114123,T4b,T4b_R,R
114128,T4b,T4b_L,L
114132,T5b,T5b_R,R
114139,T4b,T4b_L,L
114141,T4d,T4d_L,L
114143,T5a,T5a_L,L
114144,T4b,T4b_R,R
114145,T4a,T4a_L,L
114148,T5d,T5d_R,R
114149,T4a,T4a_L,L
114161,T5a,T5a_R,R
114167,T5c,T5c_R,R
114180,T4d,T4d_L,L
114196,T4d,T4d_R,R
114197,T4c,T4c_R,R
114200,T5d,T5d_R,R
114201,T4c,T4c_R,R
114203,T5b,T5b_L,L
114206,T4d,T4d_R,R
114207,T4a,T4a_R,R
114208,T5c,T5c_R,R
114214,T5c,T5c_R,R
114226,T4d,T4d_R,R
114228,T4b,T4b_L,L
114236,T4b,T4b_L,L
114238,T4a,T4a_R,R
114246,T5c,T5c_L,L
114249,T5b,T5b_L,L
114251,T5c,T5c_L,L
114256,T4c,T4c_R,R
114284,T5b,T5b_R,R
114292,T4c,T4c_L,L
114293,T4a,T4a_L,L
114295,T4c,T4c_R,R
114299,T5a,T5a_R,R
114303,T5c,T5c_R,R
114306,T5c,T5c_R,R
114307,T5d,T5d_R,R
114308,T4b,T4b_R,R
114318,T4b,T4b_R,R
114321,T5a,T5a_R,R
114327,T5b,T5b_L,L
114331,T4d,T4d_L,L
114337,T4b,T4b_R,R
114338,T4c,T4c_R,R
114339,T4b,T4b_L,L
114346,T5d,T5d_R,R
114350,T5c,T5c_L,L
114351,T5c,T5c_R,R
114353,T5b,T5b_R,R
114355,T5b,T5b_R,R
114367,T4a,T4a_R,R
114374,T4d,T4d_L,L
114381,T4a,T4a_R,R
114382,T4d,T4d_L,L
114383,T5d,T5d_R,R
114389,T4a,T4a_R,R
114390,T5b,T5b_R,R
114391,T4d,T4d_R,R
114396,T5b,T5b_L,L
114409,T5b,T5b_R,R
114412,T5c,T5c_L,L
114416,T4c,T4c_L,L
114417,T5a,T5a_R,R
114420,T5a,T5a_L,L
114423,T4b,T4b_R,R
114424,T4c,T4c_L,L
114430,T4a,T4a_R,R
114434,T4d,T4d_L,L
114444,T4b,T4b_R,R
114446,T5b,T5b_R,R
114450,T4c,T4c_R,R
114454,T5c,T5c_R,R
114455,T5a,T5a_L,L
114457,T4d,T4d_R,R
114465,T5b,T5b_R,R
114467,T4d,T4d_L,L
114473,T4d,T4d_R,R
114476,T5d,T5d_R,R
114477,T4a,T4a_R,R
114481,T4c,T4c_L,L
114482,T4d,T4d_R,R
114485,T4c,T4c_L,L
114488,T5a,T5a_L,L
114489,T4d,T4d_L,L
114501,T5c,T5c_L,L
114503,T5c,T5c_R,R
114505,T4c,T4c_R,R
114512,T5a,T5a_L,L
114517,T4d,T4d_R,R
114518,T5c,T5c_L,L
114521,T4b,T4b_L,L
114525,T5d,T5d_L,L
114533,T5b,T5b_L,L
114535,T4d,T4d_R,R
114537,T5c,T5c_L,L
114540,T5b,T5b_R,R
114543,T5d,T5d_L,L
114546,T4c,T4c_R,R
114547,T5a,T5a_L,L
114559,T5d,T5d_R,R
114563,T5c,T5c_L,L
114573,T5b,T5b_L,L
114579,T4c,T4c_L,L
114583,T5b,T5b_L,L
114588,T5c,T5c_R,R
114589,T4b,T4b_R,R
114595,T4a,T4a_R,R
114603,T4d,T4d_R,R
114609,T5c,T5c_R,R
114610,T4b,T4b_L,L
114611,T4d,T4d_R,R
114633,T5c,T5c_R,R
114638,T4b,T4b_L,L
114639,T5a,T5a_R,R
114640,T4b,T4b_L,L
114651,T4c,T4c_R,R
114653,T5c,T5c_R,R
114669,T4b,T4b_R,R
114670,T4d,T4d_L,L
114672,T5d,T5d_L,L
114673,T4c,T4c_L,L
114674,T4d,T4d_R,R
114677,T5a,T5a_R,R
114679,T4d,T4d_L,L
114682,T4a,T4a_R,R
114684,T5b,T5b_L,L
114686,T4b,T4b_R,R
114690,T5c,T5c_L,L
114692,T5c,T5c_L,L
114698,T4b,T4b_R,R
114701,T4d,T4d_L,L
114710,T5a,T5a_R,R
114716,T5c,T5c_L,L
114719,T4a,T4a_R,R
114721,T5d,T5d_R,R
114722,T4b,T4b_L,L
114725,T4d,T4d_L,L
114726,T4c,T4c_L,L
114735,T4d,T4d_R,R
114739,T5a,T5a_R,R
114740,T5b,T5b_L,L
114743,T4d,T4d_R,R
114749,T4a,T4a_R,R
114753,T5a,T5a_R,R
114754,T5c,T5c_R,R
114766,T4a,T4a_R,R
114767,T5d,T5d_R,R
114768,T5d,T5d_L,L
114769,T4c,T4c_R,R
114771,T4c,T4c_R,R
114773,T5a,T5a_R,R
114782,T5b,T5b_R,R
114784,T4b,T4b_R,R
114791,T4d,T4d_R,R
114792,T5b,T5b_L,L
114793,T4b,T4b_R,R
114794,T4c,T4c_R,R
114796,T4d,T4d_L,L
114805,T4a,T4a_L,L
114810,T4b,T4b_L,L
114817,T4d,T4d_R,R
114820,T4c,T4c_R,R
114822,T5c,T5c_L,L
114824,T5a,T5a_L,L
114825,T4d,T4d_L,L
114826,T4b,T4b_R,R
114832,T4c,T4c_R,R
114841,T5c,T5c_L,L
114843,T5c,T5c_R,R
114844,T5d,T5d_R,R
114856,T4a,T4a_R,R
114857,T5c,T5c_L,L
114860,T5a,T5a_R,R
114883,T4c,T4c_R,R
114884,T4d,T4d_R,R
114887,T4d,T4d_R,R
114894,T5c,T5c_L,L
114896,T5c,T5c_R,R
114899,T4b,T4b_R,R
114900,T5a,T5a_R,R
114903,T5b,T5b_R,R
114911,T4d,T4d_R,R
114914,T4a,T4a_L,L
114915,T5a,T5a_L,L
114922,T5a,T5a_R,R
114925,T4c,T4c_R,R
114935,T5d,T5d_R,R
114939,T4c,T4c_R,R
114944,T5a,T5a_R,R
114947,T5c,T5c_R,R
114950,T5a,T5a_L,L
114958,T5a,T5a_R,R
114960,T5a,T5a_R,R
114975,T5a,T5a_L,L
114977,T5a,T5a_R,R
114981,T4c,T4c_R,R
114983,T4a,T4a_L,L
114984,T4c,T4c_R,R
114985,T4d,T4d_R,R
114986,T5c,T5c_R,R
114989,T5d,T5d_L,L
114995,T4b,T4b_R,R
114998,T5c,T5c_L,L
115009,T4a,T4a_R,R
115026,T5c,T5c_L,L
115033,T5a,T5a_R,R
115036,T5b,T5b_L,L
115037,T5b,T5b_R,R
115043,T5d,T5d_R,R
115051,T5c,T5c_R,R
115054,T4b,T4b_R,R
115060,T4d,T4d_R,R
115062,T4c,T4c_L,L
115063,T5a,T5a_R,R
115065,T4d,T4d_R,R
115084,T5c,T5c_R,R
115088,T4d,T4d_L,L
115099,T5b,T5b_R,R
115104,T5b,T5b_L,L
115107,T4c,T4c_L,L
115109,T5a,T5a_R,R
115111,T4a,T4a_R,R
115117,T4c,T4c_R,R
115120,T5c,T5c_L,L
115123,T5b,T5b_L,L
115127,T4c,T4c_L,L
115131,T4c,T4c_R,R
115139,T4d,T4d_L,L
115140,T4c,T4c_R,R
115142,T5d,T5d_R,R
115149,T5c,T5c_R,R
115160,T4c,T4c_R,R
115161,T4d,T4d_R,R
115164,T4d,T4d_R,R
115169,T5b,T5b_L,L
115172,T5b,T5b_L,L
115177,T4a,T4a_R,R
115178,T5a,T5a_L,L
115183,T4b,T4b_L,L
115184,T4b,T4b_L,L
115186,T5c,T5c_R,R
115190,T4b,T4b_L,L
115194,T4c,T4c_R,R
115197,T5b,T5b_R,R
115200,T4a,T4a_L,L
115201,T4b,T4b_R,R
115203,T5a,T5a_R,R
115206,T5d,T5d_L,L
115207,T5b,T5b_R,R
115208,T5d,T5d_R,R
115214,T4b,T4b_R,R
115219,T5a,T5a_R,R
115220,T5c,T5c_L,L
115230,T5b,T5b_R,R
115233,T4d,T4d_L,L
115235,T4c,T4c_R,R
115236,T5b,T5b_L,L
115238,T4a,T4a_R,R
115239,T4c,T4c_R,R
115241,T5c,T5c_L,L
115242,T5a,T5a_R,R
115247,T4d,T4d_L,L
115248,T4d,T4d_L,L
115249,T5d,T5d_R,R
115250,T5b,T5b_L,L
115252,T5d,T5d_R,R
115256,T5d,T5d_R,R
115259,T4c,T4c_R,R
115272,T5a,T5a_L,L
115274,T4d,T4d_R,R
115276,T4c,T4c_R,R
115278,T5a,T5a_R,R
115281,T5a,T5a_R,R
115293,T4a,T4a_R,R
115298,T5a,T5a_R,R
115306,T4b,T4b_L,L
115311,T5c,T5c_R,R
115313,LPLC1,LPLC1_L,L
115314,T5a,T5a_L,L
115315,LC11,LC11_L,L
115318,T5c,T5c_R,R
115319,T5a,T5a_L,L
115324,T5b,T5b_L,L
115332,T4b,T4b_L,L
115333,T4d,T4d_L,L
115339,T4b,T4b_R,R
115347,T4c,T4c_L,L
115348,T4a,T4a_L,L
115358,T5c,T5c_R,R
115364,T4b,T4b_L,L
115369,T4c,T4c_R,R
115373,T4c,T4c_L,L
115376,T5d,T5d_R,R
115377,T4a,T4a_R,R
115379,T4b,T4b_L,L
115383,T5d,T5d_R,R
115385,T4b,T4b_R,R
115387,T4d,T4d_L,L
115390,T4d,T4d_R,R
115391,T4c,T4c_L,L
115397,T5c,T5c_R,R
115399,T5a,T5a_R,R
115402,T4a,T4a_R,R
115407,T5c,T5c_R,R
115410,T4a,T4a_R,R
115411,T5a,T5a_R,R
115420,T4b,T4b_L,L
115422,T4c,T4c_R,R
115424,T4b,T4b_R,R
115427,T4c,T4c_L,L
115429,T5b,T5b_R,R
115435,T4b,T4b_L,L
115437,T4a,T4a_L,L
115440,T4d,T4d_R,R
115445,T4d,T4d_R,R
115448,T4c,T4c_L,L
115449,T5a,T5a_L,L
115452,T4c,T4c_R,R
115459,T5d,T5d_R,R
115464,T4a,T4a_R,R
115465,T5d,T5d_L,L
115466,T4d,T4d_R,R
115477,T5a,T5a_L,L
115480,T5d,T5d_R,R
115487,T4a,T4a_R,R
115496,T5b,T5b_R,R
115497,T4b,T4b_R,R
115498,T4a,T4a_L,L
115506,T4d,T4d_L,L
115508,T5d,T5d_L,L
115511,T4d,T4d_R,R
115520,T5b,T5b_R,R
115523,T5b,T5b_L,L
115524,T4b,T4b_L,L
115527,T4a,T4a_L,L
115530,T5c,T5c_L,L
115539,T4c,T4c_L,L
115557,T5a,T5a_L,L
115558,T5c,T5c_L,L
115565,T5c,T5c_R,R
115566,T5c,T5c_R,R
115569,T4d,T4d_R,R
115579,T5a,T5a_R,R
115581,T4c,T4c_L,L
115582,T4c,T4c_R,R
115583,T4b,T4b_R,R
115584,T5a,T5a_L,L
115590,T5c,T5c_L,L
115595,T4a,T4a_R,R
115599,T5a,T5a_R,R
115604,T5a,T5a_L,L
115605,T5b,T5b_L,L
115619,T4d,T4d_R,R
115621,T4c,T4c_L,L
115629,T4b,T4b_R,R
115636,T4d,T4d_R,R
115646,T5a,T5a_L,L
115647,T4b,T4b_L,L
115652,T5c,T5c_R,R
115654,T4d,T4d_L,L
115657,T4c,T4c_L,L
115659,T5c,T5c_R,R
115662,T4b,T4b_R,R
115670,T5a,T5a_R,R
115673,T4b,T4b_R,R
115676,T5b,T5b_L,L
115682,T5b,T5b_R,R
115685,T4a,T4a_L,L
115686,T4b,T4b_R,R
115689,T4d,T4d_R,R
115710,T4d,T4d_L,L
115713,T5b,T5b_L,L
115714,T5b,T5b_R,R
115715,T5a,T5a_R,R
115719,T5d,T5d_R,R
115733,T4c,T4c_R,R
115736,T4b,T4b_L,L
115743,T5d,T5d_R,R
115745,T5a,T5a_L,L
115759,T5a,T5a_R,R
115772,T4d,T4d_R,R
115774,T4b,T4b_L,L
115783,T5d,T5d_R,R
115784,T5d,T5d_L,L
115788,T5d,T5d_R,R
115790,T5b,T5b_R,R
115796,T4b,T4b_R,R
115799,T4a,T4a_R,R
115803,T4d,T4d_L,L
115811,T4b,T4b_L,L
115812,T4d,T4d_L,L
115818,T4a,T4a_R,R
115822,T5a,T5a_R,R
115825,T4a,T4a_R,R
115828,T5d,T5d_R,R
115829,T5c,T5c_R,R
115835,T4b,T4b_L,L
115838,T4c,T4c_L,L
115843,T4d,T4d_L,L
115848,T5c,T5c_L,L
115851,T5a,T5a_L,L
115852,T4c,T4c_R,R
115854,T5c,T5c_R,R
115855,T4a,T4a_R,R
115857,T4c,T4c_R,R
115861,T5a,T5a_L,L
115865,T4c,T4c_L,L
115870,T5b,T5b_R,R
115878,T4d,T4d_R,R
115882,T4b,T4b_R,R
115886,T5d,T5d_L,L
115888,T5d,T5d_L,L
115893,T5d,T5d_R,R
115896,T5b,T5b_R,R
115902,T4d,T4d_R,R
115905,T5c,T5c_L,L
115908,T5d,T5d_L,L
115913,T4b,T4b_L,L
115919,T5b,T5b_R,R
115921,T4b,T4b_R,R
115926,T5c,T5c_R,R
115929,T4a,T4a_R,R
115940,T5c,T5c_L,L
115943,T4a,T4a_L,L
115947,T5d,T5d_L,L
115954,T4d,T4d_R,R
115957,T4d,T4d_R,R
115964,T5b,T5b_R,R
115975,T4d,T4d_L,L
115984,T4a,T4a_R,R
115988,T5a,T5a_L,L
115989,T5b,T5b_L,L
115990,T4b,T4b_R,R
116000,T4c,T4c_R,R
116004,T4b,T4b_R,R
116010,T4c,T4c_R,R
116011,T5a,T5a_R,R
116013,T5b,T5b_L,L
116025,T5c,T5c_R,R
116026,T4a,T4a_L,L
116028,T5b,T5b_R,R
116036,T5c,T5c_L,L
116039,T4c,T4c_L,L
116049,T4d,T4d_R,R
116050,T4b,T4b_R,R
116053,T4d,T4d_L,L
116062,T5b,T5b_R,R
116068,T4b,T4b_L,L
116071,T5b,T5b_L,L
116083,T4c,T4c_R,R
116086,T4b,T4b_R,R
116088,T5c,T5c_L,L
116096,T5d,T5d_R,R
116109,T4a,T4a_R,R
116114,T4d,T4d_R,R
116124,T4d,T4d_L,L
116129,T4b,T4b_R,R
116130,T5a,T5a_R,R
116131,T5c,T5c_R,R
116132,T5b,T5b_R,R
116135,T4b,T4b_R,R
116148,T4a,T4a_L,L
116149,T4b,T4b_R,R
116152,T4b,T4b_R,R
116154,T5d,T5d_L,L
116156,T5b,T5b_L,L
116157,T5d,T5d_R,R
116159,T4c,T4c_R,R
116167,T5d,T5d_L,L
116179,T5a,T5a_L,L
116180,T5a,T5a_R,R
116181,T5a,T5a_L,L
116182,T5d,T5d_L,L
116187,T4c,T4c_R,R
116197,T4c,T4c_L,L
116203,T5b,T5b_R,R
116205,T5c,T5c_R,R
116209,T5b,T5b_L,L
116212,T5c,T5c_R,R
116213,T5d,T5d_R,R
116219,T5a,T5a_L,L
116220,T5d,T5d_R,R
116222,T5c,T5c_R,R
116238,T5b,T5b_R,R
116239,T4c,T4c_R,R
116245,T5d,T5d_R,R
116248,T4d,T4d_R,R
116254,T5d,T5d_R,R
116257,T5c,T5c_R,R
116259,T4b,T4b_R,R
116261,T4d,T4d_R,R
116267,T4d,T4d_R,R
116270,T4d,T4d_R,R
116287,T4a,T4a_R,R
116288,T4b,T4b_R,R
116290,T5c,T5c_R,R
116291,T4b,T4b_R,R
116297,T5b,T5b_R,R
116298,T5b,T5b_R,R
116301,T5a,T5a_L,L
116305,T5d,T5d_L,L
116306,T4d,T4d_R,R
116311,T4d,T4d_R,R
116312,T4d,T4d_R,R
116313,T4a,T4a_R,R
116342,T4c,T4c_R,R
116343,T4a,T4a_R,R
116353,T4a,T4a_L,L
116354,T4a,T4a_R,R
116359,T5c,T5c_L,L
116360,T5b,T5b_L,L
116363,T5d,T5d_R,R
116364,T5c,T5c_L,L
116365,T4a,T4a_R,R
116368,T4a,T4a_L,L
116372,T5c,T5c_L,L
116373,T4a,T4a_L,L
116378,T5b,T5b_R,R
116379,T4a,T4a_R,R
116380,T5b,T5b_L,L
116381,T5a,T5a_R,R
116382,T5b,T5b_L,L
116389,T5c,T5c_R,R
116395,T5d,T5d_R,R
116397,T4b,T4b_R,R
116400,T5b,T5b_L,L
116401,T4c,T4c_R,R
116403,T4b,T4b_R,R
116409,T5d,T5d_R,R
116417,T5c,T5c_L,L
116418,T5d,T5d_L,L
116419,T4c,T4c_R,R
116422,T5d,T5d_R,R
116430,T4c,T4c_L,L
116432,T5b,T5b_R,R
116434,T5d,T5d_R,R
116435,T5b,T5b_L,L
116439,T4c,T4c_R,R
116447,T5b,T5b_R,R
116451,T4c,T4c_R,R
116453,T4c,T4c_R,R
116460,T5d,T5d_R,R
116468,T5b,T5b_R,R
116472,T4c,T4c_R,R
116473,T4b,T4b_R,R
116482,T5c,T5c_R,R
116485,T4b,T4b_L,L
116488,T4b,T4b_R,R
116489,T5a,T5a_L,L
116497,T4c,T4c_L,L
116498,T4d,T4d_R,R
116503,T4a,T4a_R,R
116521,T4a,T4a_R,R
116528,T4a,T4a_R,R
116532,T5a,T5a_R,R
116539,T4a,T4a_R,R
116545,T4c,T4c_L,L
116547,T5a,T5a_L,L
116562,T5d,T5d_R,R
116565,T4b,T4b_R,R
116567,T5b,T5b_R,R
116578,T5b,T5b_L,L
116581,T4d,T4d_R,R
116583,T4a,T4a_L,L
116585,T5b,T5b_L,L
116593,T4d,T4d_R,R
116597,T5c,T5c_R,R
116598,T4d,T4d_L,L
116601,T4a,T4a_R,R
116605,T4d,T4d_R,R
116608,T4a,T4a_L,L
116609,T4b,T4b_R,R
116610,T4d,T4d_R,R
116612,T4d,T4d_R,R
116613,LPLC1,LPLC1_L,L
116629,T5c,T5c_R,R
116633,T4c,T4c_R,R
116637,T5c,T5c_L,L
116639,T4b,T4b_R,R
116650,T4d,T4d_L,L
116660,T4c,T4c_L,L
116664,T5b,T5b_L,L
116665,T5c,T5c_R,R
116666,T4c,T4c_L,L
116670,T5c,T5c_L,L
116677,T4b,T4b_R,R
116681,T4d,T4d_R,R
116682,T5b,T5b_R,R
116684,T5b,T5b_L,L
116689,T5b,T5b_L,L
116691,T4c,T4c_R,R
116696,T5c,T5c_L,L
116704,T4b,T4b_R,R
116708,T4a,T4a_R,R
116716,T4b,T4b_R,R
116722,T4a,T4a_R,R
116726,T4a,T4a_L,L
116727,T4b,T4b_R,R
116740,T5d,T5d_L,L
116742,T5a,T5a_L,L
116748,T4a,T4a_R,R
116759,T5a,T5a_L,L
116762,T4a,T4a_R,R
116767,T4b,T4b_R,R
116771,T5b,T5b_L,L
116786,T4b,T4b_L,L
116791,T5c,T5c_R,R
116810,T5d,T5d_L,L
116816,T4d,T4d_R,R
116817,T4c,T4c_L,L
116829,T5a,T5a_L,L
116833,T5a,T5a_R,R
116841,T4a,T4a_L,L
116842,T5a,T5a_R,R
116843,T5d,T5d_L,L
116845,T4a,T4a_R,R
116847,T4c,T4c_L,L
116851,T4b,T4b_R,R
116854,T5c,T5c_L,L
116856,T4b,T4b_R,R
116874,T4c,T4c_R,R
116875,T5d,T5d_L,L
116879,T5c,T5c_R,R
116882,T5b,T5b_L,L
116884,T4d,T4d_R,R
116885,T4b,T4b_L,L
116888,T4b,T4b_R,R
116891,T4c,T4c_L,L
116893,T4d,T4d_R,R
116894,T5b,T5b_L,L
116899,T5b,T5b_R,R
116901,T4c,T4c_L,L
116907,T4b,T4b_R,R
116909,T4a,T4a_R,R
116911,T5c,T5c_L,L
116918,T5a,T5a_L,L
116920,T4c,T4c_R,R
116921,T5d,T5d_R,R
116927,T5a,T5a_R,R
116928,T5a,T5a_L,L
116930,T4a,T4a_L,L
116932,T5d,T5d_R,R
116935,T4a,T4a_R,R
116937,T5a,T5a_L,L
116942,T5a,T5a_R,R
116946,T4d,T4d_R,R
116948,T5c,T5c_L,L
116959,T4c,T4c_L,L
116962,T5c,T5c_L,L
116964,T5d,T5d_R,R
116966,T4b,T4b_L,L
116968,T4c,T4c_R,R
116972,T5b,T5b_R,R
116978,T4b,T4b_R,R
116988,T4c,T4c_L,L
116994,T5b,T5b_R,R
116996,T5d,T5d_R,R
116997,T5a,T5a_L,L
116999,T4c,T4c_R,R
117002,T5c,T5c_R,R
117015,T5c,T5c_L,L
117018,T4b,T4b_R,R
117020,T4b,T4b_R,R
117022,T5d,T5d_R,R
117024,T4c,T4c_L,L
117025,T5b,T5b_R,R
117026,T5d,T5d_R,R
117028,T4a,T4a_R,R
117033,T4a,T4a_L,L
117036,T5a,T5a_R,R
117039,T4c,T4c_R,R
117047,T4b,T4b_R,R
117053,T4b,T4b_R,R
117061,T4d,T4d_L,L
117062,T5a,T5a_L,L
117066,T4d,T4d_R,R
117067,T4a,T4a_R,R
117072,T5a,T5a_R,R
117073,T5d,T5d_R,R
117080,T5b,T5b_L,L
117085,T5c,T5c_R,R
117095,T4c,T4c_R,R
117096,T4b,T4b_R,R
117098,T4b,T4b_R,R
117101,T5a,T5a_R,R
117105,T5c,T5c_R,R
117117,T5d,T5d_L,L
117118,T4d,T4d_L,L
117123,T5a,T5a_L,L
117125,T4a,T4a_L,L
117128,T5b,T5b_R,R
117130,T4b,T4b_R,R
117133,T5c,T5c_L,L
117139,T5d,T5d_R,R
117142,T4d,T4d_R,R
117143,T5c,T5c_R,R
117151,T4d,T4d_R,R
117156,T5a,T5a_R,R
117157,T5b,T5b_L,L
117158,T5a,T5a_L,L
117160,T5d,T5d_L,L
117161,T4c,T4c_L,L
117167,T5d,T5d_L,L
117176,T5a,T5a_R,R
117177,T4d,T4d_L,L
117179,T4c,T4c_R,R
117181,T4c,T4c_L,L
117182,T5d,T5d_L,L
117184,T5b,T5b_L,L
117191,T4d,T4d_R,R
117193,T5b,T5b_L,L
117196,T4b,T4b_L,L
117202,T4d,T4d_R,R
117206,T5d,T5d_L,L
117214,T5c,T5c_L,L
117219,T4c,T4c_L,L
117221,T4c,T4c_R,R
117225,T4c,T4c_L,L
117230,T4a,T4a_L,L
117237,LPLC1,LPLC1_L,L
117240,T5a,T5a_R,R
117242,T5d,T5d_R,R
117245,T5c,T5c_R,R
117250,T5c,T5c_R,R
117251,T5d,T5d_R,R
117260,T5a,T5a_R,R
117265,T5a,T5a_R,R
117282,T4b,T4b_R,R
117283,T4b,T4b_L,L
117285,T5a,T5a_R,R
117295,T4a,T4a_L,L
117305,T5c,T5c_L,L
117311,T5c,T5c_L,L
117312,T5a,T5a_R,R
117317,T5c,T5c_R,R
117320,T4d,T4d_R,R
117323,T5d,T5d_L,L
117327,T5c,T5c_R,R
117328,T5a,T5a_R,R
117330,T5d,T5d_L,L
117331,T5a,T5a_L,L
117348,T4d,T4d_R,R
117350,T5a,T5a_R,R
117354,T5c,T5c_L,L
117357,T5d,T5d_R,R
117363,T5a,T5a_L,L
117364,T4b,T4b_R,R
117368,T5d,T5d_L,L
117369,T4d,T4d_R,R
117384,T5a,T5a_R,R
117386,T5b,T5b_R,R
117387,T4c,T4c_R,R
117390,T5b,T5b_R,R
117395,T4c,T4c_L,L
117396,T4c,T4c_L,L
117403,T5c,T5c_R,R
117407,T4b,T4b_R,R
117409,T5b,T5b_R,R
117415,T4c,T4c_R,R
117421,T4b,T4b_R,R
117423,T4a,T4a_R,R
117430,T4d,T4d_R,R
117435,T4b,T4b_R,R
117444,T5a,T5a_R,R
117445,T5d,T5d_L,L
117447,T4d,T4d_L,L
117455,T5c,T5c_L,L
117462,T5d,T5d_R,R
117467,T5d,T5d_L,L
117470,T4b,T4b_R,R
117472,T4b,T4b_R,R
117473,T4c,T4c_L,L
117477,T5a,T5a_R,R
117485,T4d,T4d_R,R
117488,T5c,T5c_L,L
117490,T5a,T5a_R,R
117500,T4a,T4a_L,L
117507,T4a,T4a_R,R
117509,T4b,T4b_R,R
117518,T4a,T4a_R,R
117523,T5b,T5b_R,R
117524,T5c,T5c_L,L
117526,T5b,T5b_R,R
117527,T4d,T4d_L,L
117537,T5c,T5c_L,L
117538,T4d,T4d_R,R
117545,T5b,T5b_R,R
117546,T4b,T4b_L,L
117548,T4c,T4c_L,L
117555,T5b,T5b_R,R
117556,T4c,T4c_R,R
117562,T4d,T4d_L,L
117565,T4d,T4d_L,L
117569,T5c,T5c_R,R
117576,T5d,T5d_R,R
117580,T5b,T5b_R,R
117586,T4c,T4c_R,R
117591,T5a,T5a_R,R
117594,T5a,T5a_R,R
117596,T4b,T4b_R,R
117598,T4a,T4a_L,L
117607,T5c,T5c_L,L
117620,T4a,T4a_R,R
117621,T4b,T4b_R,R
117631,T4d,T4d_R,R
117642,T4b,T4b_R,R
117644,T4b,T4b_R,R
117651,T4c,T4c_L,L
117652,T4d,T4d_R,R
117654,T4d,T4d_R,R
117656,T4a,T4a_R,R
117657,T4d,T4d_L,L
117658,T5a,T5a_R,R
117662,T4d,T4d_R,R
117668,T5c,T5c_R,R
117678,T5b,T5b_L,L
117683,T4d,T4d_L,L
117688,T5c,T5c_L,L
117695,T5c,T5c_R,R
117696,T5c,T5c_L,L
117702,T4c,T4c_R,R
117706,T5a,T5a_R,R
117711,T4d,T4d_R,R
117726,T4d,T4d_R,R
117727,T5a,T5a_L,L
117730,T5b,T5b_R,R
117736,T4c,T4c_L,L
117739,T4a,T4a_R,R
117751,T4b,T4b_L,L
117752,T4d,T4d_L,L
117754,T4d,T4d_R,R
117759,T4a,T4a_R,R
117760,T5b,T5b_L,L
117763,T4a,T4a_L,L
117764,T5c,T5c_R,R
117773,T4a,T4a_L,L
117776,T4c,T4c_R,R
117779,T4c,T4c_R,R
117788,T5a,T5a_R,R
117793,T5c,T5c_L,L
117799,T5b,T5b_R,R
117803,T5b,T5b_L,L
117808,T4d,T4d_L,L
117818,T5d,T5d_R,R
117819,T4a,T4a_R,R
117828,T5c,T5c_R,R
117829,T4a,T4a_R,R
117835,T5c,T5c_R,R
117838,T5b,T5b_R,R
117840,T4d,T4d_R,R
117845,T4c,T4c_R,R
117847,T4c,T4c_L,L
117850,T5b,T5b_L,L
117851,T5b,T5b_L,L
117857,T4d,T4d_R,R
117860,T4b,T4b_R,R
117862,T4d,T4d_R,R
117865,T4a,T4a_R,R
117871,T5c,T5c_R,R
117876,T5c,T5c_R,R
117882,T4b,T4b_R,R
117889,T5b,T5b_R,R
117891,T5c,T5c_R,R
117893,T4c,T4c_L,L
117894,T5c,T5c_L,L
117896,T5d,T5d_R,R
117899,T4d,T4d_R,R
117902,T4b,T4b_R,R
117905,T4c,T4c_L,L
117909,T4b,T4b_R,R
117910,T4a,T4a_R,R
117911,T4b,T4b_R,R
117913,T5d,T5d_R,R
117916,T4a,T4a_L,L
117919,T5b,T5b_R,R
117928,T5b,T5b_R,R
117929,T5d,T5d_R,R
117935,T5a,T5a_R,R
117937,T4c,T4c_L,L
117945,T4a,T4a_R,R
117949,T5c,T5c_R,R
117950,T5c,T5c_R,R
117961,T5a,T5a_L,L
117962,T4c,T4c_R,R
117978,T5c,T5c_L,L
117979,T4b,T4b_L,L
117981,T5a,T5a_R,R
117987,T5b,T5b_L,L
117997,T4a,T4a_R,R
118003,T4a,T4a_R,R
118017,T5a,T5a_L,L
118018,T4a,T4a_R,R
118020,T4c,T4c_L,L
118026,T4c,T4c_R,R
118027,T4d,T4d_R,R
118029,T4b,T4b_R,R
118037,T5d,T5d_R,R
118039,T4d,T4d_L,L
118042,T4b,T4b_R,R
118049,T4d,T4d_L,L
118051,T5b,T5b_L,L
118060,T5c,T5c_R,R
118069,T4b,T4b_R,R
118073,T5d,T5d_L,L
118084,T5a,T5a_R,R
118087,T5b,T5b_L,L
118089,T4c,T4c_R,R
118097,T4b,T4b_R,R
118098,T4c,T4c_L,L
118103,T5b,T5b_R,R
118104,T5c,T5c_L,L
118106,T4a,T4a_R,R
118107,T4c,T4c_L,L
118108,T5b,T5b_L,L
118110,T4d,T4d_R,R
118113,T5c,T5c_L,L
118127,T4d,T4d_R,R
118133,T4d,T4d_R,R
118134,T5b,T5b_L,L
118135,T4d,T4d_R,R
118155,T5a,T5a_L,L
118158,T5a,T5a_R,R
118161,T5a,T5a_R,R
118163,T4b,T4b_R,R
118165,T4b,T4b_L,L
118166,T5c,T5c_R,R
118172,T4d,T4d_L,L
118181,T4b,T4b_L,L
118182,T5a,T5a_L,L
118187,T4a,T4a_R,R
118188,T5b,T5b_L,L
118195,T4d,T4d_L,L
118202,T4d,T4d_L,L
118203,T5d,T5d_R,R
118205,T5d,T5d_L,L
118208,T4d,T4d_L,L
118210,T4a,T4a_R,R
118219,T4c,T4c_R,R
118221,T5c,T5c_R,R
118222,T5d,T5d_R,R
118225,T4b,T4b_R,R
118226,T5b,T5b_R,R
118227,T4b,T4b_R,R
118228,T5a,T5a_L,L
118230,T5b,T5b_L,L
118232,T4d,T4d_R,R
118235,T5c,T5c_L,L
118242,T5c,T5c_R,R
118248,T5d,T5d_R,R
118258,T4a,T4a_R,R
118260,T4d,T4d_R,R
118261,T5d,T5d_L,L
118268,T4d,T4d_R,R
118272,T5b,T5b_L,L
118276,T5a,T5a_R,R
118278,T5d,T5d_R,R
118283,T4b,T4b_R,R
118294,T4a,T4a_R,R
118295,T5d,T5d_R,R
118300,T4b,T4b_L,L
118309,T4c,T4c_L,L
118323,T5c,T5c_R,R
118334,T5c,T5c_L,L
118338,T4c,T4c_R,R
118344,T5d,T5d_R,R
118348,T4c,T4c_R,R
118354,T5b,T5b_R,R
118381,T4d,T4d_L,L
118382,T4d,T4d_L,L
118385,T4b,T4b_R,R
118395,T4d,T4d_L,L
118398,T4d,T4d_R,R
118405,T5a,T5a_R,R
118406,T4a,T4a_R,R
118407,T5a,T5a_R,R
118408,T4d,T4d_L,L
118409,T5c,T5c_R,R
118412,T5b,T5b_L,L
118414,T4d,T4d_L,L
118416,T5c,T5c_L,L
118420,T4d,T4d_R,R
118425,T4b,T4b_L,L
118427,T5b,T5b_L,L
118429,T5a,T5a_R,R
118437,T4a,T4a_L,L
118443,T5a,T5a_L,L
118444,T5d,T5d_L,L
118457,T4d,T4d_L,L
118463,T4b,T4b_R,R
118465,T5b,T5b_R,R
118468,T4b,T4b_R,R
118474,T4a,T4a_R,R
118475,T5b,T5b_L,L
118476,T4a,T4a_L,L
118480,T4c,T4c_R,R
118486,T5d,T5d_L,L
118488,T4b,T4b_R,R
118492,T4a,T4a_L,L
118498,T4a,T4a_L,L
118502,T4b,T4b_R,R
118509,T4d,T4d_R,R
118513,T5a,T5a_R,R
118519,T5b,T5b_L,L
118521,T5c,T5c_R,R
118526,T4d,T4d_R,R
118529,T5b,T5b_R,R
118542,T4a,T4a_L,L
118544,T4b,T4b_L,L
118548,T4a,T4a_L,L
118552,T5a,T5a_L,L
118554,T4a,T4a_L,L
118555,T4d,T4d_R,R
118560,T4a,T4a_R,R
118564,T4b,T4b_L,L
118578,T5c,T5c_L,L
118579,T5b,T5b_L,L
118582,T4b,T4b_R,R
118588,T4c,T4c_R,R
118601,T5d,T5d_L,L
118605,T4d,T4d_R,R
118610,T4b,T4b_R,R
118623,T5a,T5a_R,R
118638,T4d,T4d_R,R
118646,T5b,T5b_R,R
118647,T5d,T5d_R,R
118652,T4d,T4d_L,L
118654,T4b,T4b_L,L
118658,T4a,T4a_R,R
118661,T4a,T4a_R,R
118664,T5c,T5c_L,L
118685,T5c,T5c_L,L
118687,T4d,T4d_L,L
118694,T5c,T5c_L,L
118695,T5b,T5b_L,L
118714,T5b,T5b_R,R
118717,T4d,T4d_R,R
118720,T5d,T5d_R,R
118722,T5a,T5a_L,L
118723,T5a,T5a_L,L
118725,T5b,T5b_R,R
118727,T5d,T5d_L,L
118731,T5b,T5b_L,L
118741,T5c,T5c_R,R
118751,T5d,T5d_R,R
118752,T5b,T5b_R,R
118755,T4b,T4b_L,L
118757,T5c,T5c_L,L
118760,T4c,T4c_L,L
118762,T4d,T4d_L,L
118765,T4b,T4b_R,R
118770,T5d,T5d_R,R
118771,T4d,T4d_R,R
118773,T4b,T4b_R,R
118777,T5d,T5d_L,L
118782,T4a,T4a_L,L
118783,T4c,T4c_L,L
118785,T4a,T4a_R,R
118787,T5b,T5b_L,L
118794,T5c,T5c_R,R
118797,T4a,T4a_R,R
118800,T5c,T5c_L,L
118819,T5c,T5c_L,L
118824,T4c,T4c_R,R
118829,T5a,T5a_R,R
118830,T4a,T4a_L,L
118834,T4a,T4a_L,L
118835,T4a,T4a_R,R
118838,T5a,T5a_R,R
118840,T5b,T5b_L,L
118842,T4b,T4b_R,R
118845,T4c,T4c_R,R
118854,T4c,T4c_R,R
118855,T5b,T5b_R,R
118873,T4b,T4b_R,R
118875,T4a,T4a_L,L
118883,T5c,T5c_L,L
118884,T4c,T4c_R,R
118893,T4c,T4c_R,R
118895,T5d,T5d_L,L
118904,T4c,T4c_R,R
118908,T4d,T4d_R,R
118911,T5b,T5b_R,R
118929,T5b,T5b_R,R
118930,T5a,T5a_R,R
118936,T4c,T4c_R,R
118938,T4c,T4c_L,L
118942,T5c,T5c_R,R
118943,T5d,T5d_R,R
118948,T4d,T4d_R,R
118954,T4c,T4c_R,R
118956,T4d,T4d_R,R
118962,T4c,T4c_R,R
118971,T4a,T4a_R,R
118974,T4c,T4c_R,R
118976,T5a,T5a_R,R
118989,T4c,T4c_L,L
118992,T5b,T5b_R,R
118994,T4b,T4b_R,R
118999,T5c,T5c_L,L
119002,T5d,T5d_R,R
119025,T4d,T4d_L,L
119032,T5b,T5b_L,L
119034,T5d,T5d_L,L
119035,T4d,T4d_L,L
119036,T4c,T4c_R,R
119039,T5d,T5d_R,R
119040,T4a,T4a_L,L
119042,T5b,T5b_R,R
119048,T4d,T4d_L,L
119050,T5b,T5b_R,R
119051,T4a,T4a_R,R
119052,T5d,T5d_R,R
119061,T5a,T5a_L,L
119079,T4a,T4a_R,R
119088,T4b,T4b_R,R
119089,T4c,T4c_L,L
119095,T5b,T5b_R,R
119096,T5d,T5d_R,R
119099,T4d,T4d_L,L
119100,T4a,T4a_R,R
119103,T4c,T4c_R,R
119109,T5c,T5c_R,R
119111,T5c,T5c_L,L
119114,T4c,T4c_L,L
119116,T5b,T5b_R,R
119118,T4d,T4d_R,R
119121,T4b,T4b_R,R
119130,T4d,T4d_L,L
119131,T4b,T4b_L,L
119155,T5b,T5b_R,R
119156,T5c,T5c_L,L
119163,T4b,T4b_R,R
119164,T4b,T4b_R,R
119168,T4b,T4b_R,R
119170,T5a,T5a_R,R
119186,T4d,T4d_R,R
119191,T4d,T4d_R,R
119200,T4c,T4c_L,L
119201,T5c,T5c_R,R
119202,T5a,T5a_L,L
119209,T4b,T4b_R,R
119213,T4c,T4c_R,R
119223,T5c,T5c_R,R
119226,T5b,T5b_R,R
119232,T5a,T5a_R,R
119243,T4b,T4b_R,R
119245,T4d,T4d_R,R
119252,T4d,T4d_R,R
119260,T4c,T4c_R,R
119272,T4a,T4a_L,L
119281,T5c,T5c_R,R
119283,T4b,T4b_R,R
119288,T4d,T4d_R,R
119291,T4d,T4d_L,L
119292,T5b,T5b_R,R
119296,T5d,T5d_L,L
119299,T4d,T4d_R,R
119300,T4c,T4c_R,R
119302,T4b,T4b_L,L
119305,T4d,T4d_R,R
119306,T4c,T4c_L,L
119317,T4c,T4c_R,R
119319,T4d,T4d_L,L
119326,T4c,T4c_L,L
119331,T4b,T4b_L,L
119341,T4b,T4b_L,L
119343,T5b,T5b_L,L
119349,T4d,T4d_L,L
119353,T4b,T4b_R,R
119357,T4d,T4d_R,R
119364,T4c,T4c_L,L
119366,T4c,T4c_R,R
119373,T5d,T5d_R,R
119374,T5d,T5d_L,L
119393,T5b,T5b_L,L
119395,T5d,T5d_L,L
119398,T5d,T5d_R,R
119412,T4b,T4b_L,L
119414,T4a,T4a_R,R
119424,T4d,T4d_L,L
119426,T5b,T5b_R,R
119428,T4d,T4d_R,R
119430,T5c,T5c_L,L
119434,T4c,T4c_L,L
119448,T5b,T5b_R,R
119449,T4d,T4d_L,L
119450,T4b,T4b_R,R
119455,T4d,T4d_R,R
119456,T5b,T5b_R,R
119457,T5c,T5c_L,L
119458,T5d,T5d_L,L
119463,T5a,T5a_R,R
119471,T4a,T4a_R,R
119478,T5b,T5b_R,R
119486,T4b,T4b_L,L
119493,T4b,T4b_R,R
119498,T4c,T4c_R,R
119501,T4d,T4d_R,R
119506,T4d,T4d_R,R
119519,T4b,T4b_L,L
119525,T4b,T4b_R,R
119529,T5c,T5c_L,L
119554,T4d,T4d_L,L
119556,T4b,T4b_R,R
119558,T4b,T4b_R,R
119559,T4d,T4d_L,L
119565,T5b,T5b_R,R
119568,T4d,T4d_R,R
119569,T5b,T5b_R,R
119570,T5c,T5c_R,R
119581,T4b,T4b_L,L
119583,T5c,T5c_L,L
119589,T4c,T4c_R,R
119601,T4d,T4d_R,R
119603,T4c,T4c_R,R
119611,T5c,T5c_R,R
119613,T5a,T5a_R,R
119614,T5b,T5b_R,R
119623,T5c,T5c_L,L
119624,T5b,T5b_L,L
119628,T4d,T4d_R,R
119636,T4c,T4c_R,R
119637,T5b,T5b_L,L
119640,T5c,T5c_L,L
119644,T5a,T5a_L,L
119651,T4c,T4c_R,R
119664,T4a,T4a_R,R
119665,T4d,T4d_R,R
119679,T4a,T4a_R,R
119681,T4c,T4c_R,R
119686,T4b,T4b_R,R
119689,T5a,T5a_L,L
119694,T4c,T4c_R,R
119697,T5a,T5a_R,R
119699,T5a,T5a_L,L
119702,T5c,T5c_R,R
119703,T5b,T5b_L,L
119705,T5a,T5a_R,R
119708,T5d,T5d_R,R
119714,T5d,T5d_R,R
119716,T5d,T5d_L,L
119722,T5b,T5b_R,R
119723,T5c,T5c_R,R
119732,T5c,T5c_R,R
119735,T4d,T4d_L,L
119742,T4c,T4c_L,L
119752,T4c,T4c_R,R
119755,T4d,T4d_L,L
119758,T4b,T4b_R,R
119762,T5b,T5b_R,R
119765,T5d,T5d_R,R
119768,T5d,T5d_R,R
119771,T5a,T5a_R,R
119772,T4c,T4c_R,R
119778,T5d,T5d_R,R
119779,T5a,T5a_R,R
119797,T4b,T4b_L,L
119801,T5b,T5b_L,L
119805,T4d,T4d_L,L
119812,T5d,T5d_L,L
119813,T4b,T4b_L,L
119822,T5d,T5d_R,R
119829,T5d,T5d_R,R
119830,T5a,T5a_R,R
119831,T4b,T4b_R,R
119832,T4c,T4c_L,L
119835,T5a,T5a_R,R
119836,T5d,T5d_L,L
119837,T4d,T4d_R,R
119848,T4d,T4d_L,L
119850,T5a,T5a_L,L
119853,T4b,T4b_L,L
119855,T5a,T5a_R,R
119859,T5d,T5d_L,L
119867,T4c,T4c_R,R
119871,T4c,T4c_L,L
119873,T4b,T4b_L,L
119876,T5d,T5d_R,R
119882,T5c,T5c_R,R
119890,T5c,T5c_R,R
119893,T5b,T5b_R,R
119902,T4c,T4c_L,L
119906,T5b,T5b_R,R
119908,T4c,T4c_L,L
119911,T5c,T5c_R,R
119912,T5d,T5d_L,L
119920,T4a,T4a_L,L
119928,T4a,T4a_R,R
119931,T4d,T4d_L,L
119933,T4d,T4d_R,R
119934,T4b,T4b_R,R
119935,T5c,T5c_L,L
119937,T5c,T5c_L,L
119939,T4a,T4a_R,R
119946,T4b,T4b_R,R
119948,T4b,T4b_R,R
119953,T5a,T5a_R,R
119955,T5a,T5a_R,R
119959,T4d,T4d_R,R
119962,T5c,T5c_R,R
119963,T5b,T5b_L,L
119968,T4c,T4c_R,R
119974,T4d,T4d_R,R
119977,T4c,T4c_R,R
119983,T5a,T5a_L,L
119985,T5a,T5a_R,R
119987,T5d,T5d_R,R
119990,T4d,T4d_L,L
119993,T4d,T4d_R,R
119996,T5a,T5a_R,R
120005,T5d,T5d_L,L
120011,T5a,T5a_R,R
120015,T4b,T4b_R,R
120019,T5c,T5c_R,R
120021,T4d,T4d_L,L
120031,T5b,T5b_R,R
120036,T4b,T4b_R,R
120040,T5b,T5b_R,R
120041,T5a,T5a_R,R
120051,T5b,T5b_L,L
120068,T4b,T4b_L,L
120069,T5a,T5a_R,R
120072,T5b,T5b_L,L
120077,T5b,T5b_R,R
120080,T5a,T5a_R,R
120081,T5d,T5d_R,R
120082,T4d,T4d_R,R
120083,T4c,T4c_L,L
120084,T5b,T5b_L,L
120088,T5c,T5c_L,L
120100,T5c,T5c_L,L
120102,T5d,T5d_R,R
120106,T5d,T5d_R,R
120108,T5a,T5a_R,R
120119,T4b,T4b_R,R
120125,T4d,T4d_R,R
120128,T5a,T5a_R,R
120130,T4b,T4b_L,L
120132,T5c,T5c_L,L
120145,T5c,T5c_L,L
120147,T4a,T4a_R,R
120152,T4c,T4c_R,R
120162,T4c,T4c_L,L
120164,T5c,T5c_R,R
120167,T5d,T5d_R,R
120168,T5c,T5c_R,R
120170,T4b,T4b_L,L
120175,T5c,T5c_R,R
120176,T5b,T5b_L,L
120179,T5a,T5a_L,L
120186,T4a,T4a_L,L
120190,T5b,T5b_L,L
120191,T5a,T5a_R,R
120201,T4b,T4b_R,R
120204,T5d,T5d_R,R
120208,T5b,T5b_R,R
120217,T4c,T4c_R,R
120218,T4b,T4b_L,L
120221,T5c,T5c_L,L
120223,T4d,T4d_L,L
120226,T4b,T4b_R,R
120228,T4c,T4c_L,L
120236,T5b,T5b_L,L
120239,T4d,T4d_R,R
120249,T5d,T5d_R,R
120253,T5c,T5c_R,R
120258,T5d,T5d_R,R
120264,T5a,T5a_R,R
120266,T4c,T4c_R,R
120274,T5a,T5a_R,R
120277,T4b,T4b_R,R
120278,T5c,T5c_L,L
120283,T5a,T5a_R,R
120286,T5d,T5d_R,R
120288,T4d,T4d_L,L
120289,T4c,T4c_R,R
120290,T4a,T4a_R,R
120295,T4c,T4c_R,R
120298,T5c,T5c_R,R
120309,T4c,T4c_R,R
120311,T4a,T4a_R,R
120320,T5c,T5c_R,R
120324,T4d,T4d_L,L
120325,T4a,T4a_R,R
120326,T5a,T5a_R,R
120327,T4b,T4b_R,R
120329,T5d,T5d_L,L
120337,T5c,T5c_L,L
120338,T4a,T4a_L,L
120351,T4c,T4c_R,R
120379,T4d,T4d_R,R
120386,T5c,T5c_L,L
120389,T5b,T5b_L,L
120394,T5c,T5c_L,L
120412,T5c,T5c_L,L
120419,T5d,T5d_R,R
120421,T5b,T5b_R,R
120427,T5b,T5b_R,R
120443,T4b,T4b_R,R
120444,T5d,T5d_L,L
120447,T5d,T5d_R,R
120448,T4b,T4b_R,R
120453,T4b,T4b_L,L
120470,T5b,T5b_L,L
120483,T5a,T5a_R,R
120484,T5b,T5b_L,L
120489,T4c,T4c_L,L
120498,T5d,T5d_L,L
120505,T4a,T4a_R,R
120508,T4b,T4b_L,L
120511,T5c,T5c_L,L
120517,T5d,T5d_R,R
120521,T4d,T4d_R,R
120532,T4a,T4a_R,R
120533,T5a,T5a_R,R
120538,T4c,T4c_R,R
120540,T4c,T4c_R,R
120546,T4d,T4d_R,R
120548,T5b,T5b_R,R
120549,T5c,T5c_R,R
120550,T5b,T5b_R,R
120552,T5b,T5b_L,L
120572,T4b,T4b_L,L
120577,T4a,T4a_R,R
120582,T4d,T4d_R,R
120583,T4d,T4d_R,R
120587,T5a,T5a_R,R
120594,T4c,T4c_R,R
120602,T5d,T5d_R,R
120603,T4b,T4b_R,R
120604,T5d,T5d_R,R
120606,T4c,T4c_R,R
120608,T4d,T4d_L,L
120609,T5d,T5d_L,L
120614,T5a,T5a_R,R
120615,T4a,T4a_L,L
120621,T4d,T4d_R,R
120636,T5c,T5c_R,R
120643,T5a,T5a_L,L
120646,T5b,T5b_R,R
120649,T5d,T5d_R,R
120656,T4b,T4b_R,R
120659,T4b,T4b_R,R
120663,T5b,T5b_L,L
120664,T5b,T5b_L,L
120668,T4c,T4c_R,R
120683,T5b,T5b_R,R
120685,T4b,T4b_L,L
120686,T4b,T4b_R,R
120692,T4c,T4c_R,R
120694,T4d,T4d_R,R
120696,T5b,T5b_R,R
120702,T5c,T5c_L,L
120720,T5d,T5d_L,L
120723,T4d,T4d_L,L
120731,T5a,T5a_R,R
120744,T5d,T5d_R,R
120751,T5b,T5b_L,L
120753,T4a,T4a_L,L
120754,T5a,T5a_L,L
120760,T5c,T5c_R,R
120764,T4d,T4d_L,L
120783,T4c,T4c_L,L
120786,T5a,T5a_L,L
120795,T4a,T4a_R,R
120800,T4c,T4c_R,R
120801,T4b,T4b_L,L
120804,T5d,T5d_R,R
120805,T4d,T4d_R,R
120806,T5d,T5d_R,R
120807,T4c,T4c_L,L
120813,T4d,T4d_L,L
120820,T4c,T4c_R,R
120824,T5a,T5a_L,L
120835,T5c,T5c_L,L
120839,T4c,T4c_R,R
120846,T5b,T5b_L,L
120849,T4b,T4b_R,R
120850,T5b,T5b_L,L
120859,T4a,T4a_R,R
120868,T5d,T5d_R,R
120869,T4d,T4d_R,R
120871,T5a,T5a_L,L
120872,T5c,T5c_L,L
120880,T5b,T5b_R,R
120885,T4b,T4b_R,R
120887,T5c,T5c_R,R
120892,T5a,T5a_R,R
120898,T5c,T5c_R,R
120905,T4b,T4b_L,L
120907,T4b,T4b_R,R
120912,T4d,T4d_L,L
120916,T4d,T4d_R,R
120928,T4d,T4d_R,R
120930,T5d,T5d_R,R
120938,T5a,T5a_R,R
120943,T5d,T5d_R,R
120947,T5c,T5c_R,R
120954,T5b,T5b_R,R
120959,T5a,T5a_R,R
120970,T5d,T5d_L,L
120975,T5a,T5a_R,R
120977,T5c,T5c_L,L
120981,T4a,T4a_R,R
120987,T4a,T4a_L,L
120990,T4a,T4a_L,L
120993,T4c,T4c_R,R
120994,T4d,T4d_R,R
120997,T4c,T4c_R,R
121001,T4b,T4b_L,L
121003,T4d,T4d_R,R
121004,T5a,T5a_R,R
121008,T5c,T5c_L,L
121009,T4c,T4c_L,L
121012,T5a,T5a_R,R
121014,T5c,T5c_R,R
121020,T4c,T4c_R,R
121047,T5a,T5a_L,L
121051,T5b,T5b_R,R
121053,T4d,T4d_R,R
121060,T5c,T5c_L,L
121071,T4b,T4b_R,R
121076,T5b,T5b_R,R
121088,T4c,T4c_R,R
121089,T5a,T5a_R,R
121092,T4b,T4b_L,L
121093,T4b,T4b_R,R
121095,T5c,T5c_R,R
121109,T4a,T4a_R,R
121112,T5c,T5c_R,R
121119,T4b,T4b_R,R
121121,T5a,T5a_L,L
121124,T5c,T5c_R,R
121125,T4a,T4a_R,R
121126,T4b,T4b_R,R
121127,T4c,T4c_L,L
121130,T4a,T4a_R,R
121137,T5b,T5b_L,L
121139,T4c,T4c_R,R
121141,T5c,T5c_R,R
121142,T4a,T4a_R,R
121148,T5a,T5a_R,R
121162,T5b,T5b_R,R
121163,T5b,T5b_R,R
121171,T5a,T5a_R,R
121173,T5d,T5d_R,R
121177,T4a,T4a_R,R
121183,T5d,T5d_R,R
121185,T4b,T4b_R,R
121188,T5a,T5a_R,R
121189,T4c,T4c_R,R
121192,T4c,T4c_L,L
121197,T5c,T5c_R,R
121199,T5b,T5b_R,R
121202,T4a,T4a_R,R
121203,T5d,T5d_L,L
121207,T5c,T5c_L,L
121211,T5c,T5c_L,L
121218,T5b,T5b_R,R
121219,T5b,T5b_R,R
121221,T5d,T5d_L,L
121222,T4b,T4b_R,R
121223,T5a,T5a_R,R
121229,T4a,T4a_R,R
121233,T5a,T5a_R,R
121234,T5a,T5a_R,R
121242,T5b,T5b_L,L
121244,T5c,T5c_R,R
121247,T5d,T5d_L,L
121250,T5d,T5d_L,L
121252,T5d,T5d_R,R
121256,LC11,LC11_L,L
121257,T5d,T5d_R,R
121261,T5b,T5b_L,L
121264,T4d,T4d_R,R
121266,T5c,T5c_L,L
121273,T4d,T4d_R,R
121274,T5c,T5c_L,L
121276,T5b,T5b_R,R
121287,T4d,T4d_R,R
121289,T5d,T5d_R,R
121292,T5a,T5a_L,L
121296,T4b,T4b_L,L
121300,T4a,T4a_R,R
121301,T5d,T5d_R,R
121307,T5b,T5b_R,R
121309,T5c,T5c_R,R
121313,T4d,T4d_R,R
121316,T4d,T4d_R,R
121319,T4b,T4b_R,R
121327,T5c,T5c_L,L
121334,T4c,T4c_L,L
121337,T4b,T4b_L,L
121338,T4b,T4b_R,R
121344,T4d,T4d_L,L
121346,T4a,T4a_L,L
121347,T5d,T5d_L,L
121348,T4d,T4d_R,R
121349,T5a,T5a_R,R
121353,T4b,T4b_L,L
121355,T4c,T4c_L,L
121356,T5b,T5b_R,R
121359,T4b,T4b_L,L
121364,T5b,T5b_R,R
121380,T5a,T5a_L,L
121383,T4d,T4d_L,L
121387,T5a,T5a_L,L
121391,T5d,T5d_L,L
121392,T4b,T4b_R,R
121416,T5d,T5d_R,R
121420,T4d,T4d_R,R
121422,T4b,T4b_L,L
121425,T5c,T5c_R,R
121426,T5a,T5a_R,R
121431,T5d,T5d_L,L
121432,T5c,T5c_R,R
121433,T4c,T4c_R,R
121445,T4b,T4b_R,R
121448,T5a,T5a_R,R
121451,T5a,T5a_R,R
121458,T5c,T5c_L,L
121460,T5c,T5c_R,R
121461,T5d,T5d_R,R
121467,T5a,T5a_R,R
121473,T5a,T5a_R,R
121482,T5a,T5a_L,L
121484,T4d,T4d_L,L
121486,T5c,T5c_L,L
121491,T5c,T5c_R,R
121505,T4b,T4b_R,R
121508,T4d,T4d_R,R
121509,T5d,T5d_R,R
121519,T5c,T5c_R,R
121521,T4c,T4c_R,R
121524,T4b,T4b_R,R
121526,T5c,T5c_R,R
121542,T4a,T4a_R,R
121544,T5a,T5a_R,R
121547,T5a,T5a_R,R
121548,T4d,T4d_R,R
121555,T5b,T5b_R,R
121560,T4d,T4d_L,L
121563,T4b,T4b_R,R
121573,T4d,T4d_R,R
121587,T4c,T4c_R,R
121593,T4b,T4b_R,R
121601,T4d,T4d_R,R
121608,T5d,T5d_R,R
121614,T4c,T4c_R,R
121616,T5b,T5b_R,R
121624,T5c,T5c_L,L
121628,T5a,T5a_R,R
121636,T5a,T5a_L,L
121640,T5d,T5d_R,R
121643,T4d,T4d_L,L
121645,T5d,T5d_L,L
121651,T5b,T5b_R,R
121652,T4d,T4d_R,R
121655,T5a,T5a_L,L
121657,T4a,T4a_L,L
121663,T5d,T5d_L,L
121666,T4d,T4d_L,L
121670,T5c,T5c_L,L
121671,T5b,T5b_R,R
121673,T4d,T4d_L,L
121680,T4d,T4d_R,R
121681,T5b,T5b_R,R
121687,T4b,T4b_L,L
121689,T4a,T4a_L,L
121711,T5b,T5b_R,R
121715,T5c,T5c_L,L
121716,T4c,T4c_R,R
121720,T4c,T4c_L,L
121731,T5d,T5d_R,R
121750,T5c,T5c_L,L
121751,T5a,T5a_R,R
121752,T4a,T4a_R,R
121756,T5a,T5a_L,L
121762,T4b,T4b_R,R
121767,T5d,T5d_L,L
121777,T5b,T5b_L,L
121784,T4b,T4b_R,R
121795,T4c,T4c_R,R
121796,T5a,T5a_R,R
121803,T4c,T4c_R,R
121805,T5c,T5c_L,L
121806,T5b,T5b_R,R
121807,T5c,T5c_R,R
121809,T5b,T5b_R,R
121813,T5c,T5c_L,L
121816,T4a,T4a_R,R
121819,T5c,T5c_L,L
121821,T4c,T4c_R,R
121822,T5b,T5b_L,L
121825,T5d,T5d_R,R
121833,T4d,T4d_L,L
121837,T4d,T4d_R,R
121844,T4c,T4c_R,R
121847,T4c,T4c_R,R
121850,T4d,T4d_R,R
121851,T4d,T4d_R,R
121855,T5c,T5c_R,R
121857,T4c,T4c_L,L
121864,T4d,T4d_R,R
121867,T5c,T5c_R,R
121869,T4b,T4b_R,R
121871,T4a,T4a_R,R
121872,T4b,T4b_L,L
121875,T4b,T4b_R,R
121876,T5b,T5b_L,L
121881,T5a,T5a_L,L
121883,T5d,T5d_R,R
121887,T4b,T4b_R,R
121891,T4d,T4d_L,L
121892,T5a,T5a_R,R
121893,T4b,T4b_R,R
121895,T4d,T4d_L,L
121914,T4c,T4c_R,R
121921,T4a,T4a_R,R
121932,T4b,T4b_R,R
121933,T4b,T4b_R,R
121939,T5c,T5c_R,R
121943,T4c,T4c_R,R
121950,T4b,T4b_L,L
121955,T4c,T4c_R,R
121961,T4a,T4a_L,L
121962,T5b,T5b_R,R
121964,T5a,T5a_R,R
121967,T5b,T5b_R,R
121968,T5b,T5b_L,L
121971,T5c,T5c_L,L
121976,T5a,T5a_R,R
121979,T5c,T5c_R,R
121984,T5c,T5c_R,R
121987,T4b,T4b_L,L
121990,T5a,T5a_R,R
121992,T5d,T5d_R,R
121994,T4b,T4b_R,R
121997,T4a,T4a_R,R
122005,T4b,T4b_L,L
122016,T4c,T4c_R,R
122022,T5d,T5d_L,L
122029,T5c,T5c_R,R
122033,T4c,T4c_L,L
122038,T4c,T4c_R,R
122044,T5c,T5c_R,R
122052,T4c,T4c_R,R
122059,T4a,T4a_R,R
122064,T5a,T5a_R,R
122079,T4b,T4b_R,R
122081,T5a,T5a_R,R
122084,T5c,T5c_R,R
122093,T4a,T4a_R,R
122099,T4c,T4c_L,L
122104,T5d,T5d_R,R
122111,T5c,T5c_R,R
122115,T5c,T5c_R,R
122119,T5b,T5b_L,L
122122,T5b,T5b_L,L
122124,T4b,T4b_L,L
122138,T4c,T4c_L,L
122151,T5b,T5b_L,L
122152,T5a,T5a_L,L
122153,T5b,T5b_R,R
122155,T4c,T4c_R,R
122158,T4c,T4c_L,L
122159,T5d,T5d_L,L
122162,T4b,T4b_R,R
122164,T4c,T4c_R,R
122169,T4a,T4a_R,R
122170,T4c,T4c_R,R
122175,T4a,T4a_R,R
122177,T4b,T4b_R,R
122181,T5d,T5d_L,L
122185,T4d,T4d_L,L
122188,T4a,T4a_L,L
122192,T5d,T5d_L,L
122197,T4d,T4d_L,L
122198,T5a,T5a_R,R
122208,T4a,T4a_R,R
122211,T5d,T5d_R,R
122217,T5a,T5a_L,L
122229,T5a,T5a_L,L
122232,T5a,T5a_R,R
122234,T4b,T4b_R,R
122236,T5a,T5a_R,R
122241,T4d,T4d_L,L
122242,T4b,T4b_L,L
122243,T4c,T4c_R,R
122247,T4a,T4a_R,R
122248,T4c,T4c_R,R
122250,T4d,T4d_R,R
122263,T4d,T4d_R,R
122268,T5b,T5b_R,R
122274,T5b,T5b_L,L
122278,T4d,T4d_R,R
122282,T5a,T5a_R,R
122294,T5a,T5a_R,R
122301,T5c,T5c_R,R
122302,T5b,T5b_R,R
122313,T5c,T5c_L,L
122317,T4d,T4d_L,L
122319,T5b,T5b_R,R
122329,T5b,T5b_L,L
122330,T4d,T4d_R,R
122331,T5b,T5b_R,R
122333,T4b,T4b_R,R
122339,T4c,T4c_R,R
122346,T5c,T5c_R,R
122364,T5c,T5c_R,R
122367,T4d,T4d_R,R
122372,T4c,T4c_L,L
122377,T4a,T4a_R,R
122380,T5c,T5c_L,L
122381,T4d,T4d_L,L
122384,T4a,T4a_R,R
122388,T5b,T5b_R,R
122389,T5d,T5d_L,L
122390,T4d,T4d_R,R
122394,T5b,T5b_R,R
122396,T5c,T5c_L,L
122398,T5a,T5a_L,L
122401,T4a,T4a_L,L
122403,T5a,T5a_R,R
122412,T5a,T5a_R,R
122414,T5c,T5c_R,R
122425,T5a,T5a_R,R
122426,T5c,T5c_R,R
122441,T4a,T4a_R,R
122445,T5b,T5b_L,L
122447,T4d,T4d_R,R
122449,T5b,T5b_L,L
122459,T5d,T5d_R,R
122469,T4c,T4c_R,R
122473,T5c,T5c_R,R
122474,T4b,T4b_R,R
122490,T5b,T5b_R,R
122498,T4d,T4d_L,L
122499,T5b,T5b_R,R
122502,T5d,T5d_R,R
122508,T5b,T5b_L,L
122513,T5c,T5c_L,L
122515,T4c,T4c_R,R
122522,T5b,T5b_R,R
122534,T4a,T4a_R,R
122535,T5c,T5c_R,R
122539,T5d,T5d_R,R
122545,T5c,T5c_L,L
122556,T4a,T4a_L,L
122558,T5b,T5b_L,L
122565,T5d,T5d_R,R
122567,T4c,T4c_R,R
122576,T5a,T5a_L,L
122581,T4b,T4b_R,R
122586,T4d,T4d_R,R
122593,T5a,T5a_R,R
122601,T4c,T4c_R,R
122602,T5b,T5b_L,L
122607,T4b,T4b_R,R
122623,T4d,T4d_L,L
122630,T5d,T5d_R,R
122632,T4d,T4d_R,R
122637,T5b,T5b_R,R
122649,T4a,T4a_L,L
122655,T5d,T5d_R,R
122667,T5b,T5b_L,L
122675,T4d,T4d_R,R
122681,T5b,T5b_R,R
122685,T5c,T5c_R,R
122688,T5d,T5d_R,R
122693,T5b,T5b_R,R
122694,T4c,T4c_R,R
122696,T5c,T5c_R,R
122699,T4d,T4d_L,L
122708,T5a,T5a_R,R
122722,T4b,T4b_R,R
122723,T5a,T5a_L,L
122724,T5c,T5c_L,L
122726,T5b,T5b_L,L
122728,T4b,T4b_L,L
122729,T4b,T4b_R,R
122739,T4a,T4a_R,R
122748,T5b,T5b_R,R
122755,T5c,T5c_R,R
122756,T4d,T4d_R,R
122771,T4d,T4d_L,L
122775,T4b,T4b_R,R
122779,T4c,T4c_L,L
122788,T5b,T5b_L,L
122790,T5d,T5d_R,R
122792,T5b,T5b_R,R
122793,T5c,T5c_L,L
122794,T5b,T5b_L,L
122804,T4a,T4a_L,L
122805,T4c,T4c_R,R
122807,T5d,T5d_L,L
122809,T5d,T5d_L,L
122810,T5a,T5a_R,R
122813,T5b,T5b_R,R
122814,T5b,T5b_L,L
122827,T5a,T5a_R,R
122835,T5d,T5d_R,R
122840,T4b,T4b_L,L
122841,T4b,T4b_R,R
122845,T4c,T4c_R,R
122847,T5a,T5a_R,R
122850,T5b,T5b_R,R
122851,T5a,T5a_L,L
122860,T4c,T4c_R,R
122867,T5c,T5c_R,R
122878,T4b,T4b_L,L
122881,T5a,T5a_R,R
122882,T4a,T4a_L,L
122887,T4d,T4d_R,R
122891,T4a,T4a_L,L
122897,T4b,T4b_L,L
122905,T5a,T5a_R,R
122907,T5c,T5c_L,L
122910,T4b,T4b_R,R
122913,T5a,T5a_R,R
122914,T5c,T5c_L,L
122915,T5d,T5d_L,L
122917,T4c,T4c_L,L
122927,T4c,T4c_R,R
122928,T5d,T5d_R,R
122934,T4c,T4c_R,R
122937,T5a,T5a_R,R
122939,T4b,T4b_R,R
122943,T4b,T4b_L,L
122950,T5d,T5d_R,R
122959,T4c,T4c_R,R
122961,T4d,T4d_R,R
122964,T5b,T5b_L,L
122965,T4a,T4a_R,R
122969,T4a,T4a_R,R
122970,T4d,T4d_L,L
122977,T4a,T4a_R,R
122989,T5b,T5b_L,L
122994,T4b,T4b_L,L
123005,T4c,T4c_R,R
123006,T5c,T5c_R,R
123007,T4b,T4b_L,L
123008,T4d,T4d_R,R
123016,T5c,T5c_L,L
123023,T5c,T5c_R,R
123029,T5b,T5b_R,R
123034,T5a,T5a_R,R
123039,T5d,T5d_L,L
123044,T4b,T4b_L,L
123045,T5b,T5b_L,L
123052,T4c,T4c_R,R
123054,T4b,T4b_R,R
123055,T5c,T5c_L,L
123058,T4b,T4b_L,L
123066,T4d,T4d_L,L
123067,T5b,T5b_L,L
123068,T4c,T4c_L,L
123070,T4d,T4d_L,L
123077,T5d,T5d_R,R
123080,T4c,T4c_R,R
123082,T5c,T5c_L,L
123086,T5b,T5b_R,R
123087,T4c,T4c_R,R
123089,T5a,T5a_R,R
123095,T5a,T5a_R,R
123103,T5c,T5c_L,L
123106,T5c,T5c_R,R
123109,T4a,T4a_L,L
123114,T4d,T4d_L,L
123139,T4b,T4b_R,R
123142,T5c,T5c_R,R
123150,T4c,T4c_R,R
123156,T5c,T5c_R,R
123160,T5a,T5a_R,R
123161,T4b,T4b_L,L
123162,T4d,T4d_R,R
123167,T5c,T5c_R,R
123171,T5d,T5d_R,R
123177,T5a,T5a_R,R
123178,T4a,T4a_R,R
123179,T5b,T5b_L,L
123181,T5c,T5c_R,R
123182,T5d,T5d_R,R
123183,T4b,T4b_L,L
123185,T5b,T5b_L,L
123188,T4d,T4d_L,L
123194,T4d,T4d_R,R
123201,T5b,T5b_R,R
123208,T4c,T4c_L,L
123210,T5b,T5b_L,L
123214,T5b,T5b_R,R
123221,T5c,T5c_R,R
123224,T5b,T5b_R,R
123227,T4b,T4b_R,R
123228,T4b,T4b_L,L
123229,T5c,T5c_L,L
123230,T5b,T5b_L,L
123249,T5c,T5c_R,R
123251,T4d,T4d_R,R
123256,T5b,T5b_R,R
123261,T4b,T4b_L,L
123288,T4c,T4c_L,L
123290,T4a,T4a_R,R
123291,T5b,T5b_R,R
123295,T5d,T5d_R,R
123297,T5b,T5b_R,R
123299,T4c,T4c_R,R
123300,T4b,T4b_R,R
123301,T4c,T4c_L,L
123305,T4a,T4a_R,R
123307,T5c,T5c_R,R
123311,T5c,T5c_L,L
123316,T5c,T5c_R,R
123317,T5d,T5d_R,R
123320,T5d,T5d_R,R
123328,T5c,T5c_R,R
123330,T5d,T5d_R,R
123336,T4a,T4a_L,L
123342,T5b,T5b_R,R
123346,T5b,T5b_R,R
123358,T5d,T5d_R,R
123363,T4c,T4c_R,R
123365,T4d,T4d_R,R
123367,T4c,T4c_L,L
123368,T4a,T4a_R,R
123374,T5c,T5c_R,R
123379,T5d,T5d_L,L
123381,T5b,T5b_L,L
123386,T4a,T4a_R,R
123388,T5d,T5d_L,L
123390,T4a,T4a_R,R
123391,T4c,T4c_L,L
123392,T5a,T5a_L,L
123394,T5b,T5b_R,R
123395,T5c,T5c_L,L
123405,T5b,T5b_R,R
123419,T5b,T5b_R,R
123427,T4c,T4c_R,R
123429,T4d,T4d_L,L
123430,T5d,T5d_R,R
123434,T4d,T4d_R,R
123436,T5c,T5c_R,R
123437,T5b,T5b_R,R
123441,T4c,T4c_R,R
123442,T5b,T5b_L,L
123444,T5d,T5d_L,L
123450,T4d,T4d_L,L
123451,T4d,T4d_R,R
123458,T4b,T4b_L,L
123470,T4b,T4b_R,R
123479,T4a,T4a_R,R
123480,T4a,T4a_R,R
123482,T5d,T5d_R,R
123485,T5b,T5b_R,R
123487,T4c,T4c_L,L
123504,T5d,T5d_R,R
123506,T5b,T5b_R,R
123512,T4a,T4a_R,R
123530,T5d,T5d_R,R
123535,T5a,T5a_L,L
123536,T4d,T4d_R,R
123539,T5b,T5b_R,R
123552,T4d,T4d_R,R
123557,T4a,T4a_R,R
123565,T4d,T4d_L,L
123573,T5d,T5d_L,L
123574,T5d,T5d_R,R
123576,T5b,T5b_R,R
123579,T5b,T5b_R,R
123583,T4c,T4c_R,R
123588,T5c,T5c_L,L
123589,T4c,T4c_R,R
123593,T4d,T4d_R,R
123597,T5d,T5d_R,R
123600,T5a,T5a_R,R
123604,T5a,T5a_R,R
123620,T4a,T4a_L,L
123625,T4d,T4d_L,L
123628,T4d,T4d_R,R
123639,T5a,T5a_L,L
123644,T5b,T5b_R,R
123645,T5d,T5d_R,R
123658,T5a,T5a_L,L
123659,T4b,T4b_R,R
123661,T5c,T5c_R,R
123665,T5c,T5c_R,R
123666,T4a,T4a_R,R
123668,T4a,T4a_L,L
123671,T4c,T4c_R,R
123672,T4d,T4d_R,R
123679,T4b,T4b_R,R
123686,T5b,T5b_L,L
123687,T5b,T5b_L,L
123690,T5b,T5b_R,R
123691,T5d,T5d_L,L
123693,T4d,T4d_R,R
123695,T4d,T4d_L,L
123701,T5c,T5c_L,L
123704,T4d,T4d_R,R
123707,T5c,T5c_L,L
123714,T5d,T5d_L,L
123721,T4a,T4a_R,R
123726,T4c,T4c_R,R
123727,T5a,T5a_L,L
123730,T5d,T5d_R,R
123734,T4a,T4a_R,R
123737,T5b,T5b_R,R
123738,T5b,T5b_R,R
123742,T5b,T5b_L,L
123747,T5c,T5c_L,L
123750,T5a,T5a_R,R
123755,T5c,T5c_L,L
123758,T4c,T4c_L,L
123759,T4d,T4d_R,R
123760,T4c,T4c_R,R
123766,T5b,T5b_R,R
123767,T4a,T4a_R,R
123781,T5b,T5b_R,R
123782,T4d,T4d_R,R
123783,T5b,T5b_R,R
123785,T5b,T5b_R,R
123798,T5d,T5d_L,L
123799,T4d,T4d_R,R
123806,T5d,T5d_L,L
123811,T5d,T5d_L,L
123815,T4d,T4d_L,L
123818,T5c,T5c_R,R
123828,T4d,T4d_R,R
123837,T4d,T4d_R,R
123838,T4b,T4b_R,R
123840,T4a,T4a_R,R
123842,T4d,T4d_R,R
123850,T4a,T4a_R,R
123856,T5b,T5b_R,R
123863,T5d,T5d_R,R
123873,T4d,T4d_L,L
123877,T4b,T4b_R,R
123881,T5b,T5b_R,R
123893,T5b,T5b_R,R
123905,T4b,T4b_L,L
123906,T5b,T5b_R,R
123917,T4d,T4d_L,L
123922,T5c,T5c_R,R
123927,T5c,T5c_R,R
123929,T4a,T4a_R,R
123932,T4b,T4b_L,L
123941,T5c,T5c_L,L
123942,T4d,T4d_L,L
123948,T5d,T5d_R,R
123950,T5c,T5c_R,R
123956,T4a,T4a_R,R
123958,T5a,T5a_R,R
123964,T4c,T4c_R,R
123979,T4d,T4d_L,L
123982,T5b,T5b_R,R
123986,T4d,T4d_R,R
123988,T4b,T4b_L,L
123994,T4c,T4c_L,L
123996,T5b,T5b_R,R
124004,T4d,T4d_R,R
124014,T5d,T5d_R,R
124022,T4a,T4a_R,R
124028,T5b,T5b_L,L
124037,T5d,T5d_R,R
124047,T4b,T4b_R,R
124054,T4a,T4a_L,L
124057,T5c,T5c_R,R
124067,T4c,T4c_L,L
124069,T4d,T4d_R,R
124071,T5d,T5d_L,L
124075,T4d,T4d_L,L
124089,T5a,T5a_R,R
124098,T4b,T4b_R,R
124100,T5b,T5b_R,R
124101,T5b,T5b_R,R
124103,T4b,T4b_R,R
124104,T5c,T5c_R,R
124111,T5c,T5c_R,R
124113,T5b,T5b_L,L
124119,T4b,T4b_R,R
124125,T4c,T4c_R,R
124127,T4b,T4b_R,R
124129,T4d,T4d_L,L
124131,T4c,T4c_R,R
124133,T4d,T4d_L,L
124139,T4a,T4a_L,L
124145,T4a,T4a_L,L
124154,T4a,T4a_L,L
124155,T4d,T4d_R,R
124165,T5c,T5c_L,L
124175,T5a,T5a_L,L
124186,T4c,T4c_L,L
124219,T4b,T4b_R,R
124230,T5d,T5d_R,R
124232,T5b,T5b_R,R
124235,T4d,T4d_R,R
124238,T4c,T4c_R,R
124240,T5a,T5a_L,L
124241,T4d,T4d_R,R
124244,T4c,T4c_R,R
124250,T5b,T5b_R,R
124252,T4b,T4b_L,L
124253,T4a,T4a_L,L
124254,T5c,T5c_R,R
124275,T5a,T5a_R,R
124279,T5b,T5b_L,L
124280,T5a,T5a_L,L
124283,T4d,T4d_L,L
124284,T4b,T4b_R,R
124285,T4b,T4b_R,R
124292,T5b,T5b_R,R
124312,T5b,T5b_L,L
124318,T4d,T4d_R,R
124325,T4b,T4b_R,R
124332,T5d,T5d_R,R
124333,T5c,T5c_R,R
124334,T5c,T5c_R,R
124335,T4d,T4d_R,R
124338,T4d,T4d_R,R
124342,T5d,T5d_R,R
124345,T4d,T4d_R,R
124350,T5d,T5d_L,L
124357,T4d,T4d_R,R
124361,T5b,T5b_R,R
124362,T4c,T4c_R,R
124367,T4d,T4d_R,R
124368,T4c,T4c_L,L
124373,T4b,T4b_R,R
124382,T5b,T5b_R,R
124391,T5d,T5d_L,L
124396,T4c,T4c_L,L
124397,T4d,T4d_R,R
124399,T5a,T5a_R,R
124402,T4d,T4d_L,L
124405,T5d,T5d_L,L
124414,T5d,T5d_R,R
124417,T5c,T5c_R,R
124418,T4b,T4b_R,R
124425,LC11,LC11_R,R
124436,T4d,T4d_R,R
124439,T4c,T4c_R,R
124458,T5b,T5b_R,R
124463,T5d,T5d_L,L
124468,T5c,T5c_R,R
124471,T5b,T5b_R,R
124479,T4a,T4a_R,R
124482,T4c,T4c_L,L
124491,T4a,T4a_L,L
124494,T4c,T4c_L,L
124497,T5c,T5c_R,R
124500,T5a,T5a_R,R
124503,T5c,T5c_L,L
124506,T4a,T4a_L,L
124507,T5b,T5b_R,R
124514,T4c,T4c_R,R
124515,T4c,T4c_L,L
124518,T5d,T5d_R,R
124519,T4b,T4b_R,R
124523,T5d,T5d_L,L
124530,T5a,T5a_R,R
124532,T4d,T4d_L,L
124535,T4c,T4c_R,R
124541,T5b,T5b_R,R
124546,T5b,T5b_R,R
124547,T4c,T4c_R,R
124553,T5b,T5b_L,L
124563,T4c,T4c_L,L
124568,T5a,T5a_R,R
124580,T4d,T4d_R,R
124590,T5d,T5d_L,L
124592,T5c,T5c_L,L
124595,T5b,T5b_L,L
124603,T4d,T4d_L,L
124606,T4b,T4b_L,L
124615,T5d,T5d_R,R
124616,T4d,T4d_R,R
124619,T5c,T5c_L,L
124652,T4c,T4c_R,R
124655,T5a,T5a_R,R
124665,T4b,T4b_R,R
124666,T4d,T4d_R,R
124670,T4c,T4c_R,R
124683,T5a,T5a_L,L
124686,T5c,T5c_L,L
124695,T4b,T4b_R,R
124699,T4b,T4b_R,R
124705,T5b,T5b_L,L
124706,T5c,T5c_R,R
124709,T4c,T4c_R,R
124712,T5c,T5c_R,R
124713,T5b,T5b_L,L
124720,T5d,T5d_R,R
124723,T4a,T4a_L,L
124727,T5d,T5d_L,L
124734,T4b,T4b_R,R
124736,T5a,T5a_L,L
124748,T5c,T5c_R,R
124760,T4a,T4a_R,R
124761,T4b,T4b_L,L
124768,T5a,T5a_L,L
124774,T5b,T5b_R,R
124784,T5d,T5d_R,R
124785,T5c,T5c_L,L
124786,T4a,T4a_R,R
124788,T5d,T5d_L,L
124792,T5b,T5b_R,R
124801,T4d,T4d_R,R
124803,T5c,T5c_R,R
124806,T4d,T4d_L,L
124809,T5c,T5c_R,R
124812,T4c,T4c_L,L
124813,T5d,T5d_R,R
124819,T5a,T5a_R,R
124820,T4c,T4c_R,R
124825,T5d,T5d_L,L
124829,T5a,T5a_L,L
124835,T4d,T4d_R,R
124837,T5b,T5b_R,R
124838,T4c,T4c_L,L
124843,T5d,T5d_R,R
124844,T5c,T5c_R,R
124845,T5d,T5d_R,R
124852,T5a,T5a_R,R
124859,T5b,T5b_L,L
124860,T4d,T4d_L,L
124861,T5c,T5c_R,R
124867,T4d,T4d_R,R
124869,T4b,T4b_R,R
124870,T4c,T4c_L,L
124871,T5c,T5c_L,L
124874,T5d,T5d_L,L
124878,T4d,T4d_L,L
124881,T4b,T4b_L,L
124886,T4c,T4c_R,R
124888,T4d,T4d_R,R
124892,T5c,T5c_L,L
124893,T5c,T5c_R,R
124898,T5b,T5b_R,R
124904,T4c,T4c_R,R
124905,T4d,T4d_L,L
124913,T5a,T5a_R,R
124915,T4b,T4b_L,L
124923,T5b,T5b_R,R
124925,T4c,T4c_R,R
124928,T5c,T5c_R,R
124938,T4b,T4b_R,R
124939,T4c,T4c_R,R
124943,T4c,T4c_L,L
124950,T4b,T4b_L,L
124951,T5b,T5b_R,R
124953,T5b,T5b_R,R
124956,T4d,T4d_R,R
124962,T5d,T5d_R,R
124974,T5d,T5d_L,L
124985,T4d,T4d_R,R
124987,T5a,T5a_L,L
124997,T5b,T5b_R,R
125000,T5d,T5d_R,R
125003,T4a,T4a_R,R
125009,T4d,T4d_L,L
125010,T5d,T5d_L,L
125014,T4d,T4d_R,R
125017,T4a,T4a_R,R
125022,T4c,T4c_L,L
125024,T4d,T4d_R,R
125031,T5d,T5d_R,R
125038,T5b,T5b_L,L
125043,T5b,T5b_R,R
125047,T5a,T5a_R,R
125054,T4a,T4a_L,L
125059,T5a,T5a_R,R
125063,T4c,T4c_L,L
125067,T4b,T4b_R,R
125068,T5b,T5b_L,L
125074,T5a,T5a_R,R
125078,T5c,T5c_L,L
125088,T5c,T5c_L,L
125096,T5d,T5d_R,R
125102,T5b,T5b_R,R
125103,T5a,T5a_L,L
125113,T4b,T4b_R,R
125115,T4d,T4d_R,R
125123,T5b,T5b_R,R
125130,T5b,T5b_R,R
125133,T5c,T5c_L,L
125135,T4b,T4b_R,R
125139,T4d,T4d_L,L
125144,T4c,T4c_R,R
125149,T5d,T5d_L,L
125152,T5a,T5a_L,L
125154,T5d,T5d_R,R
125158,T5c,T5c_R,R
125160,T4b,T4b_L,L
125166,T5c,T5c_L,L
125177,T4b,T4b_L,L
125189,T5c,T5c_L,L
125190,T4a,T4a_R,R
125199,T4d,T4d_L,L
125202,T5c,T5c_R,R
125206,T5a,T5a_L,L
125207,T5c,T5c_R,R
125209,T4d,T4d_R,R
125215,T4c,T4c_L,L
125234,T5a,T5a_R,R
125235,T4b,T4b_R,R
125241,T4c,T4c_L,L
125254,T4c,T4c_R,R
125259,T4c,T4c_R,R
125263,T5c,T5c_R,R
125264,T5d,T5d_R,R
125269,T4b,T4b_R,R
125270,T4c,T4c_L,L
125275,T5c,T5c_L,L
125277,T5b,T5b_R,R
125280,T5d,T5d_R,R
125281,T4b,T4b_L,L
125287,T4c,T4c_R,R
125299,T5d,T5d_R,R
125300,T5d,T5d_R,R
125314,T4b,T4b_R,R
125318,T5c,T5c_R,R
125322,T4d,T4d_R,R
125327,T5b,T5b_R,R
125338,T5b,T5b_L,L
125341,T4d,T4d_L,L
125358,T5a,T5a_R,R
125359,T5d,T5d_R,R
125375,T5b,T5b_R,R
125384,T4c,T4c_L,L
125396,T4b,T4b_R,R
125401,T5b,T5b_R,R
125411,T5c,T5c_R,R
125419,T4c,T4c_R,R
125422,T5a,T5a_R,R
125424,T5c,T5c_L,L
125425,T5a,T5a_L,L
125431,T4a,T4a_L,L
125432,T4b,T4b_R,R
125437,T4d,T4d_R,R
125440,T5c,T5c_R,R
125452,T4c,T4c_R,R
125454,T5c,T5c_R,R
125455,T5b,T5b_R,R
125468,T5d,T5d_R,R
125477,T4d,T4d_R,R
125484,T5c,T5c_R,R
125486,T5d,T5d_L,L
125490,T5d,T5d_L,L
125495,T5a,T5a_L,L
125497,T5a,T5a_L,L
125498,T5a,T5a_R,R
125500,T5a,T5a_R,R
125513,T5d,T5d_R,R
125514,T5d,T5d_L,L
125530,T5b,T5b_L,L
125532,T4a,T4a_R,R
125533,T5b,T5b_R,R
125565,T5c,T5c_L,L
125570,T4c,T4c_R,R
125571,T4d,T4d_L,L
125575,T5a,T5a_L,L
125577,T4a,T4a_R,R
125581,T4d,T4d_R,R
125596,T5a,T5a_R,R
125600,T5a,T5a_R,R
125603,T4d,T4d_R,R
125606,T5a,T5a_R,R
125607,T4a,T4a_L,L
125610,T4b,T4b_R,R
125618,T5c,T5c_R,R
125624,T5a,T5a_R,R
125629,T4c,T4c_L,L
125633,T5c,T5c_L,L
125647,T4c,T4c_L,L
125649,T5b,T5b_L,L
125651,T5b,T5b_R,R
125653,T5d,T5d_R,R
125654,T4c,T4c_L,L
125659,T5c,T5c_R,R
125660,T5d,T5d_L,L
125674,T4b,T4b_R,R
125678,T5c,T5c_R,R
125680,T5d,T5d_L,L
125683,T5a,T5a_L,L
125688,T5c,T5c_R,R
125692,T5c,T5c_L,L
125695,T5c,T5c_L,L
125701,T4b,T4b_R,R
125711,T5b,T5b_L,L
125716,T5c,T5c_R,R
125718,T4d,T4d_L,L
125720,T5b,T5b_R,R
125722,T4c,T4c_R,R
125727,T4a,T4a_L,L
125730,T5c,T5c_R,R
125733,T4b,T4b_R,R
125757,T5b,T5b_L,L
125758,T5d,T5d_R,R
125762,T5d,T5d_L,L
125763,T5d,T5d_R,R
125770,T4a,T4a_R,R
125779,T5a,T5a_L,L
125783,T4c,T4c_R,R
125788,T5d,T5d_L,L
125791,T5c,T5c_R,R
125803,T4a,T4a_R,R
125807,T4b,T4b_L,L
125832,T4d,T4d_R,R
125846,T5b,T5b_R,R
125850,T4d,T4d_R,R
125852,T4a,T4a_R,R
125853,T5c,T5c_L,L
125857,T4d,T4d_R,R
125864,T5a,T5a_L,L
125865,T5c,T5c_R,R
125869,T5c,T5c_R,R
125888,T5b,T5b_R,R
125892,T5c,T5c_L,L
125893,T5c,T5c_R,R
125895,T5c,T5c_R,R
125896,T5b,T5b_R,R
125897,T5a,T5a_L,L
125909,T5b,T5b_L,L
125914,T5c,T5c_L,L
125918,T4d,T4d_R,R
125921,T4a,T4a_L,L
125922,T4c,T4c_R,R
125924,T4c,T4c_L,L
125927,LPLC1,LPLC1_L,L
125947,T5c,T5c_L,L
125950,T5a,T5a_L,L
125951,T4d,T4d_R,R
125953,T4a,T4a_R,R
125957,T5c,T5c_R,R
125980,T5d,T5d_R,R
125983,T4d,T4d_L,L
125985,T5c,T5c_R,R
125988,T4c,T4c_R,R
125992,T4c,T4c_R,R
125997,T5b,T5b_L,L
126007,T5b,T5b_R,R
126021,T5a,T5a_R,R
126022,T4c,T4c_R,R
126026,T5c,T5c_L,L
126031,T4b,T4b_R,R
126034,T5b,T5b_L,L
126037,T4c,T4c_R,R
126050,T5d,T5d_R,R
126053,T5b,T5b_R,R
126063,T4b,T4b_R,R
126072,T5c,T5c_R,R
126075,T5c,T5c_R,R
126077,T4a,T4a_R,R
126078,T4b,T4b_R,R
126079,T5b,T5b_L,L
126087,T5a,T5a_R,R
126088,T4d,T4d_R,R
126089,T4d,T4d_R,R
126090,T5a,T5a_R,R
126096,T5c,T5c_R,R
126097,T5d,T5d_L,L
126102,T4c,T4c_L,L
126104,T5c,T5c_R,R
126106,T4b,T4b_R,R
126121,T4d,T4d_R,R
126124,T5b,T5b_L,L
126126,T5b,T5b_L,L
126132,T4c,T4c_R,R
126133,T5c,T5c_L,L
126141,T4d,T4d_R,R
126147,T5b,T5b_L,L
126149,T5c,T5c_L,L
126156,T4a,T4a_R,R
126162,T4c,T4c_R,R
126164,T5b,T5b_R,R
126166,T5c,T5c_R,R
126171,T5d,T5d_R,R
126172,T4d,T4d_R,R
126175,T4c,T4c_R,R
126183,T4c,T4c_R,R
126197,T4d,T4d_L,L
126204,T5b,T5b_L,L
126210,T5b,T5b_R,R
126213,T4c,T4c_R,R
126224,T4d,T4d_R,R
126231,T4c,T4c_L,L
126233,T5d,T5d_R,R
126235,T5a,T5a_L,L
126238,T4b,T4b_L,L
126240,T5d,T5d_R,R
126258,T4a,T4a_R,R
126261,T5a,T5a_R,R
126262,T4d,T4d_L,L
126274,T5d,T5d_R,R
126276,T5c,T5c_R,R
126300,T5d,T5d_R,R
126308,T5c,T5c_R,R
126309,T4c,T4c_R,R
126311,T5d,T5d_R,R
126314,T5b,T5b_R,R
126317,T5b,T5b_L,L
126322,T4a,T4a_R,R
126327,T4d,T4d_R,R
126330,T5c,T5c_R,R
126333,T5c,T5c_L,L
126345,T4b,T4b_R,R
126346,T5d,T5d_L,L
126378,T5c,T5c_R,R
126384,T4b,T4b_R,R
126387,T5b,T5b_R,R
126394,T4b,T4b_R,R
126399,T5b,T5b_L,L
126400,T5a,T5a_R,R
126403,T4d,T4d_R,R
126406,T5d,T5d_R,R
126408,T5b,T5b_L,L
126417,T4b,T4b_R,R
126419,T4d,T4d_R,R
126429,T4c,T4c_L,L
126435,T4a,T4a_R,R
126454,T5a,T5a_L,L
126461,T5a,T5a_L,L
126464,T5c,T5c_R,R
126479,T5b,T5b_R,R
126480,T5b,T5b_L,L
126489,T4a,T4a_R,R
126499,T4b,T4b_L,L
126504,T5c,T5c_R,R
126510,T4d,T4d_L,L
126521,T4b,T4b_R,R
126522,T4b,T4b_R,R
126526,T4b,T4b_R,R
126545,T4d,T4d_R,R
126550,T5d,T5d_R,R
126555,T5c,T5c_R,R
126567,T4a,T4a_L,L
126568,T5d,T5d_L,L
126569,T4c,T4c_L,L
126570,T5a,T5a_R,R
126572,T5d,T5d_L,L
126573,T4d,T4d_R,R
126575,T5d,T5d_R,R
126576,T5b,T5b_L,L
126578,T4c,T4c_L,L
126590,T4c,T4c_L,L
126601,T4d,T4d_R,R
126606,T4b,T4b_L,L
126614,T5a,T5a_R,R
126617,T4a,T4a_R,R
126620,T5a,T5a_R,R
126627,T4d,T4d_L,L
126631,T4d,T4d_L,L
126640,T5b,T5b_R,R
126651,T4c,T4c_L,L
126664,T4b,T4b_L,L
126668,T5d,T5d_L,L
126674,T4c,T4c_R,R
126686,T4d,T4d_L,L
126688,T5d,T5d_L,L
126694,T4b,T4b_R,R
126700,T5b,T5b_R,R
126705,T4b,T4b_L,L
126706,T5c,T5c_R,R
126710,T5c,T5c_R,R
126716,T4c,T4c_R,R
126723,T4a,T4a_R,R
126733,T5d,T5d_R,R
126754,T4c,T4c_L,L
126755,T5c,T5c_R,R
126758,T4b,T4b_R,R
126760,T5c,T5c_R,R
126767,T4c,T4c_R,R
126776,T5d,T5d_R,R
126796,T5c,T5c_L,L
126801,T4a,T4a_R,R
126807,T5c,T5c_R,R
126817,T5d,T5d_R,R
126818,T5a,T5a_L,L
126827,T5b,T5b_R,R
126828,T5c,T5c_R,R
126832,T5c,T5c_R,R
126833,T5b,T5b_L,L
126836,T5d,T5d_L,L
126845,T4d,T4d_R,R
126846,T5b,T5b_L,L
126847,T5d,T5d_R,R
126869,T5a,T5a_R,R
126872,T5b,T5b_L,L
126873,T5b,T5b_L,L
126876,T5c,T5c_R,R
126884,T5d,T5d_R,R
126885,T4c,T4c_R,R
126887,T5a,T5a_R,R
126890,T4c,T4c_R,R
126892,T4d,T4d_R,R
126902,T4d,T4d_R,R
126915,T5b,T5b_R,R
126921,T4b,T4b_R,R
126926,T4b,T4b_R,R
126942,T5d,T5d_R,R
126950,T5d,T5d_L,L
126952,T5b,T5b_L,L
126953,T5b,T5b_L,L
126960,T5d,T5d_L,L
126962,T5d,T5d_R,R
126971,T4c,T4c_R,R
126990,T5d,T5d_R,R
126997,T5c,T5c_L,L
127001,T4c,T4c_L,L
127010,T5b,T5b_L,L
127014,T5b,T5b_L,L
127017,T5b,T5b_R,R
127027,T5d,T5d_R,R
127038,T4c,T4c_L,L
127044,T5b,T5b_R,R
127052,T5c,T5c_L,L
127056,T4b,T4b_R,R
127057,T4a,T4a_R,R
127058,T4a,T4a_R,R
127061,T5a,T5a_R,R
127067,T5b,T5b_R,R
127068,T4c,T4c_R,R
127073,T4d,T4d_L,L
127083,T4d,T4d_L,L
127089,T5c,T5c_R,R
127090,T4c,T4c_R,R
127091,T5b,T5b_L,L
127103,T5b,T5b_R,R
127118,T5c,T5c_L,L
127119,T5d,T5d_L,L
127120,T5d,T5d_R,R
127128,T5c,T5c_L,L
127134,T4c,T4c_L,L
127135,T5a,T5a_R,R
127137,T4a,T4a_L,L
127138,T5b,T5b_L,L
127139,T5d,T5d_R,R
127146,T5a,T5a_R,R
127147,T5c,T5c_R,R
127149,T4a,T4a_R,R
127154,T5c,T5c_R,R
127155,T5d,T5d_R,R
127163,T5d,T5d_R,R
127165,T5d,T5d_R,R
127166,T5a,T5a_R,R
127167,T5c,T5c_L,L
127169,T5c,T5c_R,R
127173,T5a,T5a_R,R
127187,T5d,T5d_R,R
127204,T4c,T4c_R,R
127207,T5b,T5b_L,L
127213,T4c,T4c_L,L
127218,T4c,T4c_R,R
127222,T5a,T5a_R,R
127232,T5a,T5a_R,R
127238,T5c,T5c_L,L
127251,T5c,T5c_L,L
127255,T5d,T5d_R,R
127260,T5b,T5b_R,R
127261,T4d,T4d_L,L
127269,T5b,T5b_R,R
127270,T5b,T5b_R,R
127280,T5b,T5b_L,L
127282,T5c,T5c_R,R
127284,T4c,T4c_L,L
127295,T4b,T4b_L,L
127296,T4b,T4b_R,R
127304,T5c,T5c_R,R
127305,T4b,T4b_L,L
127306,T5b,T5b_R,R
127307,T5c,T5c_L,L
127320,T5b,T5b_L,L
127322,T5b,T5b_L,L
127325,T4a,T4a_R,R
127331,T5c,T5c_R,R
127334,T4b,T4b_L,L
127335,T5a,T5a_L,L
127346,T4c,T4c_L,L
127348,T5b,T5b_R,R
127350,T5b,T5b_R,R
127351,T5c,T5c_L,L
127353,T5d,T5d_R,R
127363,T5d,T5d_R,R
127380,T4d,T4d_L,L
127387,T4a,T4a_R,R
127391,T4a,T4a_R,R
127392,T5d,T5d_R,R
127404,T5b,T5b_R,R
127407,T4b,T4b_R,R
127409,T4c,T4c_L,L
127414,T4b,T4b_R,R
127415,T4c,T4c_L,L
127418,T5d,T5d_R,R
127420,T4d,T4d_R,R
127434,T5a,T5a_L,L
127438,T5d,T5d_R,R
127448,T5d,T5d_R,R
127461,T5b,T5b_R,R
127464,T5c,T5c_L,L
127468,T4d,T4d_R,R
127476,T4d,T4d_R,R
127478,T5b,T5b_R,R
127479,T4a,T4a_R,R
127487,T5b,T5b_R,R
127494,T4d,T4d_R,R
127497,T5b,T5b_L,L
127504,T5a,T5a_L,L
127531,T5b,T5b_L,L
127532,T5a,T5a_R,R
127541,T4d,T4d_L,L
127542,T5d,T5d_R,R
127546,T4d,T4d_L,L
127547,T5b,T5b_L,L
127570,T5b,T5b_L,L
127585,T5b,T5b_L,L
127591,T5d,T5d_R,R
127601,T5c,T5c_L,L
127608,T5d,T5d_R,R
127613,T4c,T4c_R,R
127622,T5b,T5b_L,L
127627,T4d,T4d_R,R
127631,T5a,T5a_L,L
127632,T5d,T5d_L,L
127634,T4a,T4a_R,R
127638,T5a,T5a_R,R
127639,T5c,T5c_L,L
127642,T4c,T4c_R,R
127643,T4b,T4b_L,L
127645,T5b,T5b_R,R
127646,T4b,T4b_R,R
127667,T5b,T5b_L,L
127668,T5c,T5c_R,R
127669,T5d,T5d_L,L
127673,T4d,T4d_L,L
127679,T5b,T5b_L,L
127680,T5d,T5d_R,R
127683,T5b,T5b_L,L
127687,T4a,T4a_R,R
127688,T5d,T5d_R,R
127691,T4c,T4c_R,R
127696,T4a,T4a_L,L
127705,T4c,T4c_R,R
127706,T4a,T4a_R,R
127715,T5a,T5a_L,L
127724,T5a,T5a_R,R
127725,T5b,T5b_R,R
127728,T5d,T5d_R,R
127732,T4d,T4d_R,R
127733,T4d,T4d_R,R
127756,T5b,T5b_R,R
127761,T5a,T5a_R,R
127766,T4b,T4b_R,R
127774,T4b,T4b_L,L
127775,T4c,T4c_L,L
127788,T4d,T4d_R,R
127794,T5c,T5c_L,L
127796,T4d,T4d_L,L
127801,T4b,T4b_L,L
127808,T4b,T4b_L,L
127822,T5d,T5d_R,R
127823,T4c,T4c_L,L
127825,T4d,T4d_R,R
127828,T4b,T4b_R,R
127830,T4c,T4c_L,L
127838,T5c,T5c_L,L
127839,T4a,T4a_R,R
127840,T5c,T5c_L,L
127842,T4c,T4c_R,R
127844,T5c,T5c_R,R
127845,T5c,T5c_R,R
127850,T5d,T5d_L,L
127851,T4c,T4c_R,R
127857,T5a,T5a_L,L
127858,T5b,T5b_R,R
127862,T5a,T5a_R,R
127872,T4d,T4d_R,R
127888,T5c,T5c_R,R
127890,T5c,T5c_L,L
127895,T4d,T4d_R,R
127897,T4d,T4d_R,R
127899,T4c,T4c_R,R
127901,T5c,T5c_L,L
127915,T5c,T5c_R,R
127916,T5b,T5b_L,L
127922,T5c,T5c_R,R
127941,T5a,T5a_R,R
127949,T5a,T5a_R,R
127952,T5a,T5a_R,R
127955,T5a,T5a_R,R
127956,T5d,T5d_R,R
127961,T4b,T4b_R,R
127977,T4d,T4d_R,R
127986,T4d,T4d_L,L
127994,T5d,T5d_R,R
127995,T5d,T5d_R,R
127998,T4c,T4c_R,R
128005,T4d,T4d_R,R
128033,T4b,T4b_R,R
128038,T4a,T4a_L,L
128045,T4b,T4b_L,L
128046,T5b,T5b_R,R
128056,T5b,T5b_R,R
128058,T4d,T4d_R,R
128064,T5b,T5b_R,R
128079,T5d,T5d_R,R
128083,T5c,T5c_L,L
128087,T5a,T5a_L,L
128089,T4a,T4a_R,R
128091,T5c,T5c_R,R
128104,T5c,T5c_L,L
128105,T5d,T5d_R,R
128107,T4a,T4a_L,L
128110,T5b,T5b_R,R
128111,T5a,T5a_R,R
128113,T5c,T5c_R,R
128114,T5d,T5d_R,R
128117,T5c,T5c_R,R
128119,T4d,T4d_R,R
128121,T5c,T5c_R,R
128122,T5a,T5a_L,L
128124,T5b,T5b_R,R
128127,T4d,T4d_R,R
128132,T4d,T4d_L,L
128136,T4a,T4a_R,R
128142,T4d,T4d_R,R
128143,T4d,T4d_L,L
128148,T4a,T4a_R,R
128149,T5b,T5b_R,R
128154,T4b,T4b_L,L
128159,T4d,T4d_R,R
128161,T4d,T4d_R,R
128168,T5b,T5b_L,L
128169,T4d,T4d_R,R
128171,T4d,T4d_R,R
128175,T5c,T5c_R,R
128176,T4a,T4a_R,R
128196,T5c,T5c_R,R
128206,T5b,T5b_R,R
128216,T5a,T5a_R,R
128218,T5c,T5c_R,R
128221,T4a,T4a_R,R
128223,T5b,T5b_R,R
128236,T5a,T5a_L,L
128241,T4b,T4b_L,L
128243,T4d,T4d_R,R
128254,T4c,T4c_R,R
128255,T4c,T4c_L,L
128256,T4d,T4d_R,R
128259,T5b,T5b_R,R
128265,T4d,T4d_L,L
128272,T4b,T4b_R,R
128275,T5c,T5c_R,R
128280,T4b,T4b_L,L
128292,T5c,T5c_L,L
128295,T5c,T5c_L,L
128310,T5a,T5a_L,L
128311,T5b,T5b_L,L
128313,T4c,T4c_R,R
128314,T4a,T4a_R,R
128323,T4d,T4d_R,R
128344,T4d,T4d_L,L
128346,T5d,T5d_R,R
128353,T4b,T4b_L,L
128354,T5b,T5b_L,L
128360,T5a,T5a_R,R
128364,T5c,T5c_R,R
128373,T5d,T5d_R,R
128376,T5d,T5d_L,L
128382,T4d,T4d_L,L
128383,T5a,T5a_R,R
128396,T4d,T4d_R,R
128397,T4b,T4b_L,L
128399,T5c,T5c_L,L
128400,T4c,T4c_L,L
128412,T5c,T5c_R,R
128418,T4b,T4b_R,R
128423,T5c,T5c_R,R
128424,T5c,T5c_R,R
128428,T5c,T5c_R,R
128440,T4c,T4c_L,L
128446,T4c,T4c_R,R
128449,T5a,T5a_L,L
128456,T4b,T4b_R,R
128485,T4c,T4c_L,L
128487,T4c,T4c_L,L
128488,T5b,T5b_L,L
128489,T5d,T5d_L,L
128498,T4c,T4c_R,R
128501,T5a,T5a_L,L
128503,T5d,T5d_R,R
128515,T4c,T4c_L,L
128518,T5c,T5c_L,L
128520,T5c,T5c_R,R
128534,T5c,T5c_R,R
128535,T4a,T4a_R,R
128540,T5b,T5b_R,R
128544,T5c,T5c_R,R
128547,T4b,T4b_L,L
128556,T4b,T4b_L,L
128561,T4c,T4c_L,L
128574,T4c,T4c_L,L
128579,T5a,T5a_L,L
128587,T4c,T4c_R,R
128592,T5c,T5c_R,R
128601,T5b,T5b_R,R
128609,T5b,T5b_L,L
128622,T5a,T5a_L,L
128631,T5d,T5d_L,L
128640,T5b,T5b_L,L
128641,T5a,T5a_L,L
128647,T4c,T4c_R,R
128651,T5a,T5a_L,L
128655,T4d,T4d_R,R
128662,T5b,T5b_R,R
128674,T5b,T5b_R,R
128679,T5b,T5b_R,R
128686,T4b,T4b_R,R
128695,T4c,T4c_L,L
128699,T4d,T4d_R,R
128704,T5c,T5c_R,R
128713,T5d,T5d_L,L
128715,T5b,T5b_L,L
128719,T4c,T4c_L,L
128720,T4a,T4a_R,R
128723,T5b,T5b_R,R
128742,T5b,T5b_L,L
128751,T5a,T5a_L,L
128756,T4a,T4a_R,R
128758,T4b,T4b_L,L
128764,T4c,T4c_R,R
128768,T4a,T4a_R,R
128781,T5d,T5d_R,R
128785,T5b,T5b_R,R
128788,T5a,T5a_L,L
128791,T5a,T5a_L,L
128800,T5d,T5d_R,R
128801,T5d,T5d_R,R
128803,T4b,T4b_R,R
128806,T5b,T5b_R,R
128811,T4d,T4d_R,R
128820,T5c,T5c_L,L
128821,T5b,T5b_R,R
128824,T4a,T4a_L,L
128827,T5b,T5b_L,L
128833,T5d,T5d_R,R
128837,T5d,T5d_L,L
128847,T5c,T5c_R,R
128851,T4d,T4d_R,R
128854,T5d,T5d_R,R
128857,T4c,T4c_R,R
128859,T4d,T4d_L,L
128862,T5c,T5c_R,R
128863,T4d,T4d_L,L
128869,T4c,T4c_L,L
128884,T5b,T5b_L,L
128885,T5d,T5d_L,L
128906,T4b,T4b_R,R
128910,T5a,T5a_R,R
128911,T5c,T5c_R,R
128917,T5b,T5b_R,R
128921,T5a,T5a_R,R
128922,T4b,T4b_L,L
128926,T5b,T5b_L,L
128927,T5b,T5b_L,L
128934,T5a,T5a_R,R
128945,T5c,T5c_L,L
128947,T5b,T5b_L,L
128949,T5c,T5c_R,R
128963,T4a,T4a_L,L
128968,T4d,T4d_R,R
128971,T5b,T5b_R,R
128984,T4d,T4d_R,R
128990,T5b,T5b_R,R
128992,T5b,T5b_R,R
128994,T5c,T5c_R,R
129001,T4a,T4a_L,L
129007,T4c,T4c_R,R
129009,T5d,T5d_L,L
129028,T4b,T4b_L,L
129034,T4c,T4c_R,R
129041,T4c,T4c_L,L
129043,T4b,T4b_L,L
129049,T5a,T5a_L,L
129052,T4a,T4a_R,R
129067,T5b,T5b_L,L
129076,T4b,T4b_R,R
129085,T5d,T5d_L,L
129091,T4c,T4c_R,R
129098,T4b,T4b_R,R
129100,T5a,T5a_R,R
129104,T4d,T4d_R,R
129111,T5c,T5c_R,R
129112,T5b,T5b_R,R
129126,T4b,T4b_R,R
129127,T4b,T4b_L,L
129133,T4b,T4b_R,R
129135,T5b,T5b_R,R
129148,T5a,T5a_R,R
129152,T4a,T4a_L,L
129155,T4d,T4d_L,L
129164,T5b,T5b_L,L
129165,T4d,T4d_L,L
129166,T5a,T5a_R,R
129167,T4a,T4a_L,L
129187,T4a,T4a_R,R
129190,T5b,T5b_L,L
129193,T5d,T5d_R,R
129204,T4d,T4d_L,L
129206,T4b,T4b_L,L
129207,T5d,T5d_R,R
129212,T5d,T5d_R,R
129214,T5c,T5c_R,R
129216,T4d,T4d_R,R
129218,T5a,T5a_L,L
129219,T5a,T5a_L,L
129231,T5d,T5d_L,L
129232,T5c,T5c_R,R
129236,T4d,T4d_R,R
129246,T4a,T4a_R,R
129249,T5a,T5a_L,L
129256,T5b,T5b_R,R
129260,T5d,T5d_R,R
129262,T4b,T4b_L,L
129263,T4d,T4d_L,L
129270,T5b,T5b_R,R
129272,T4c,T4c_R,R
129273,T5a,T5a_L,L
129281,T5b,T5b_R,R
129282,T5c,T5c_L,L
129283,T5c,T5c_R,R
129285,T4d,T4d_R,R
129295,T4b,T4b_R,R
129300,T5c,T5c_L,L
129303,T5b,T5b_L,L
129305,T5a,T5a_R,R
129315,T5a,T5a_R,R
129316,T5d,T5d_L,L
129317,T4c,T4c_R,R
129331,T5c,T5c_R,R
129333,T4a,T4a_R,R
129347,T5c,T5c_L,L
129354,T4c,T4c_R,R
129358,T5d,T5d_L,L
129379,T5b,T5b_R,R
129384,T4d,T4d_R,R
129390,T4d,T4d_R,R
129393,T4b,T4b_L,L
129404,T5c,T5c_R,R
129409,T4a,T4a_L,L
129413,T5d,T5d_L,L
129424,T4c,T4c_R,R
129425,T5a,T5a_L,L
129426,T5c,T5c_R,R
129444,T4c,T4c_L,L
129449,T5a,T5a_R,R
129451,T5c,T5c_L,L
129469,T4b,T4b_R,R
129474,T4b,T4b_R,R
129475,T5b,T5b_R,R
129478,T4a,T4a_R,R
129482,T4d,T4d_R,R
129489,T4d,T4d_L,L
129506,T5c,T5c_L,L
129521,T5b,T5b_R,R
129525,T4d,T4d_R,R
129526,T4c,T4c_R,R
129540,T5c,T5c_R,R
129541,T5b,T5b_R,R
129547,T4c,T4c_L,L
129554,T4a,T4a_R,R
129568,T5a,T5a_R,R
129571,T4b,T4b_R,R
129580,T5c,T5c_R,R
129582,T4a,T4a_L,L
129586,T4d,T4d_R,R
129588,T5b,T5b_R,R
129589,T4c,T4c_R,R
129598,T5d,T5d_R,R
129629,T5a,T5a_R,R
129631,T5a,T5a_R,R
129632,T5b,T5b_L,L
129634,T5a,T5a_L,L
129637,T5d,T5d_L,L
129638,T4a,T4a_R,R
129646,T5b,T5b_L,L
129647,T5d,T5d_L,L
129656,T4d,T4d_R,R
129686,T4b,T4b_R,R
129687,LPLC2,LPLC2_L,L
129693,T5b,T5b_L,L
129695,T5b,T5b_R,R
129701,T5b,T5b_R,R
129703,T5c,T5c_R,R
129704,T4a,T4a_L,L
129705,T5c,T5c_L,L
129706,T5a,T5a_L,L
129720,T5d,T5d_R,R
129729,T4a,T4a_R,R
129732,T5d,T5d_L,L
129733,T5b,T5b_R,R
129734,T4a,T4a_R,R
129739,T5d,T5d_L,L
129745,T5a,T5a_L,L
129750,T4c,T4c_L,L
129767,T5d,T5d_R,R
129768,T5b,T5b_R,R
129770,T5d,T5d_R,R
129779,T5a,T5a_R,R
129789,T5a,T5a_R,R
129793,T4c,T4c_L,L
129814,T5b,T5b_L,L
129815,T5d,T5d_L,L
129825,T5c,T5c_R,R
129827,T4a,T4a_L,L
129838,T5a,T5a_R,R
129840,T5b,T5b_R,R
129851,T5a,T5a_L,L
129869,T4c,T4c_R,R
129870,T5b,T5b_R,R
129871,T5b,T5b_R,R
129877,T5b,T5b_R,R
129890,T5c,T5c_R,R
129891,T4a,T4a_R,R
129901,T5d,T5d_L,L
129914,T5c,T5c_R,R
129926,T4c,T4c_R,R
129941,T5c,T5c_R,R
129942,T5c,T5c_R,R
129944,T4d,T4d_R,R
129952,T4b,T4b_R,R
129955,T5a,T5a_L,L
129967,T5d,T5d_R,R
129986,T5d,T5d_L,L
129987,T5a,T5a_L,L
129992,T5a,T5a_R,R
129995,T5c,T5c_L,L
129999,T5c,T5c_L,L
130023,T4d,T4d_L,L
130033,T4a,T4a_L,L
130037,T5b,T5b_L,L
130040,T4d,T4d_R,R
130042,T4c,T4c_R,R
130043,T4c,T4c_R,R
130047,T4a,T4a_R,R
130055,T4a,T4a_R,R
130056,T5a,T5a_L,L
130057,T5d,T5d_R,R
130061,T5d,T5d_L,L
130062,T4c,T4c_R,R
130065,T4d,T4d_L,L
130067,T5b,T5b_R,R
130068,T4a,T4a_L,L
130073,T5c,T5c_L,L
130077,T4c,T4c_R,R
130086,T5a,T5a_R,R
130089,T5c,T5c_L,L
130095,T5d,T5d_L,L
130102,T5c,T5c_L,L
130114,T5b,T5b_R,R
130129,T5c,T5c_R,R
130141,T5d,T5d_L,L
130142,T5d,T5d_R,R
130145,T5d,T5d_R,R
130151,T4d,T4d_L,L
130155,T4d,T4d_R,R
130158,T5c,T5c_L,L
130164,T4d,T4d_R,R
130166,T5a,T5a_R,R
130169,T4d,T4d_L,L
130170,T5c,T5c_L,L
130171,T5d,T5d_R,R
130174,T5a,T5a_R,R
130176,T5b,T5b_R,R
130190,T4d,T4d_R,R
130192,T4b,T4b_R,R
130193,T4c,T4c_R,R
130203,T5c,T5c_R,R
130209,T5c,T5c_R,R
130213,T5c,T5c_L,L
130215,T5d,T5d_R,R
130227,T5d,T5d_R,R
130236,T5b,T5b_L,L
130242,T5c,T5c_R,R
130257,T5a,T5a_R,R
130260,T5a,T5a_L,L
130264,T5a,T5a_R,R
130265,T5a,T5a_R,R
130290,T5d,T5d_L,L
130296,T4a,T4a_L,L
130304,T4c,T4c_R,R
130305,T5c,T5c_R,R
130311,T5b,T5b_R,R
130312,T5b,T5b_R,R
130319,T5d,T5d_R,R
130329,T5d,T5d_R,R
130339,T5c,T5c_R,R
130342,T5d,T5d_R,R
130346,T5b,T5b_L,L
130350,T4a,T4a_L,L
130351,T4a,T4a_R,R
130374,T5c,T5c_R,R
130379,T5c,T5c_L,L
130383,T5b,T5b_R,R
130384,T4b,T4b_L,L
130393,T4c,T4c_L,L
130399,T5d,T5d_R,R
130401,T4d,T4d_L,L
130405,T5c,T5c_L,L
130406,T4b,T4b_R,R
130419,T5c,T5c_R,R
130420,T4d,T4d_R,R
130422,T5b,T5b_R,R
130424,T4c,T4c_R,R
130428,T4b,T4b_L,L
130440,T4c,T4c_R,R
130448,T5d,T5d_R,R
130463,T5b,T5b_L,L
130465,T4d,T4d_R,R
130480,T5a,T5a_R,R
130482,T5c,T5c_L,L
130486,T5c,T5c_L,L
130489,T5a,T5a_L,L
130492,T5c,T5c_L,L
130501,T4c,T4c_L,L
130511,T4b,T4b_R,R
130513,T5a,T5a_R,R
130523,T5a,T5a_R,R
130528,T5d,T5d_R,R
130532,T4c,T4c_R,R
130539,T4b,T4b_R,R
130541,T4c,T4c_R,R
130545,T5b,T5b_L,L
130547,T4d,T4d_R,R
130549,T5d,T5d_R,R
130559,T5d,T5d_L,L
130566,T5b,T5b_L,L
130568,T5c,T5c_R,R
130592,T4d,T4d_L,L
130597,T5d,T5d_L,L
130606,T5b,T5b_R,R
130610,T5a,T5a_L,L
130636,T5d,T5d_R,R
130643,T4d,T4d_L,L
130644,T5a,T5a_R,R
130650,T5d,T5d_R,R
130651,T4a,T4a_R,R
130661,T5d,T5d_R,R
130663,T4c,T4c_R,R
130665,T5a,T5a_L,L
130668,T5a,T5a_L,L
130670,T5a,T5a_L,L
130678,T5d,T5d_L,L
130680,T4a,T4a_R,R
130681,T4a,T4a_L,L
130682,T5c,T5c_L,L
130696,T5c,T5c_R,R
130712,T4a,T4a_R,R
130721,T4a,T4a_R,R
130724,T5d,T5d_L,L
130731,T5d,T5d_R,R
130747,T4b,T4b_R,R
130773,T5b,T5b_R,R
130776,T5c,T5c_R,R
130779,T4b,T4b_L,L
130781,T5a,T5a_R,R
130799,T4a,T4a_R,R
130808,T5b,T5b_R,R
130828,T5c,T5c_R,R
130833,T5c,T5c_L,L
130841,T5c,T5c_R,R
130847,T5d,T5d_R,R
130857,T5c,T5c_L,L
130859,T4c,T4c_R,R
130864,T5b,T5b_R,R
130865,T4c,T4c_R,R
130873,T5a,T5a_R,R
130877,T5b,T5b_L,L
130880,T5d,T5d_R,R
130882,T4c,T4c_R,R
130883,T4a,T4a_R,R
130884,T5a,T5a_L,L
130895,T5b,T5b_R,R
130896,T5d,T5d_R,R
130898,T4c,T4c_L,L
130899,T5c,T5c_R,R
130902,T4a,T4a_R,R
130905,T5d,T5d_R,R
130910,T4d,T4d_R,R
130915,T4a,T4a_L,L
130916,T4a,T4a_R,R
130918,T5d,T5d_L,L
130923,T4b,T4b_L,L
130924,T5d,T5d_L,L
130933,T5b,T5b_R,R
130935,T5c,T5c_R,R
130948,T4b,T4b_L,L
130953,T5c,T5c_R,R
130962,T4a,T4a_L,L
130965,T5c,T5c_L,L
130976,T4b,T4b_R,R
130979,T5d,T5d_R,R
130983,T5d,T5d_L,L
130986,T4b,T4b_R,R
130990,T5d,T5d_L,L
131005,T4d,T4d_R,R
131019,T4a,T4a_R,R
131023,T5a,T5a_L,L
131035,T4b,T4b_L,L
131036,T5d,T5d_R,R
131053,T5c,T5c_L,L
131055,T5b,T5b_L,L
131063,T4c,T4c_L,L
131067,T5d,T5d_R,R
131070,T5a,T5a_R,R
131071,T4b,T4b_R,R
131091,T5d,T5d_L,L
131111,T5c,T5c_R,R
131114,T5b,T5b_R,R
131115,T5a,T5a_R,R
131123,T5b,T5b_R,R
131130,T4c,T4c_R,R
131137,T5b,T5b_R,R
131146,T5d,T5d_R,R
131147,T5b,T5b_R,R
131148,T5c,T5c_R,R
131160,T5b,T5b_R,R
131161,T5a,T5a_R,R
131163,T5d,T5d_L,L
131170,T5b,T5b_L,L
131171,T5c,T5c_L,L
131176,T5d,T5d_L,L
131179,T5d,T5d_R,R
131210,T5a,T5a_R,R
131211,T5c,T5c_L,L
131219,T5b,T5b_R,R
131220,T5c,T5c_R,R
131231,T5c,T5c_L,L
131236,T5d,T5d_R,R
131239,T5c,T5c_L,L
131243,T4c,T4c_L,L
131246,T4d,T4d_L,L
131247,T5c,T5c_L,L
131256,T5c,T5c_L,L
131259,T4c,T4c_R,R
131261,T4c,T4c_R,R
131267,T5c,T5c_R,R
131270,T5a,T5a_R,R
131283,T5a,T5a_R,R
131284,T5d,T5d_L,L
131291,T4b,T4b_L,L
131305,T5a,T5a_L,L
131310,T4b,T4b_R,R
131311,T5b,T5b_R,R
131318,T5c,T5c_R,R
131322,T5a,T5a_R,R
131328,T4c,T4c_R,R
131330,T5d,T5d_L,L
131334,T5a,T5a_R,R
131336,T4a,T4a_L,L
131345,T4a,T4a_L,L
131348,T5b,T5b_L,L
131349,T4b,T4b_L,L
131361,T5c,T5c_R,R
131362,T5b,T5b_L,L
131365,T5c,T5c_R,R
131366,T4d,T4d_R,R
131372,T4d,T4d_L,L
131380,T4d,T4d_R,R
131392,T4b,T4b_R,R
131403,T5b,T5b_L,L
131408,T5d,T5d_L,L
131413,T4d,T4d_R,R
131416,T5b,T5b_R,R
131425,T5a,T5a_R,R
131426,T4a,T4a_R,R
131439,T4b,T4b_L,L
131441,T4a,T4a_R,R
131442,T5b,T5b_R,R
131450,T5c,T5c_R,R
131458,T5a,T5a_L,L
131470,T5a,T5a_R,R
131482,T5c,T5c_R,R
131485,T4d,T4d_R,R
131487,T4c,T4c_L,L
131488,T5d,T5d_R,R
131498,T5a,T5a_R,R
131501,T4b,T4b_R,R
131502,T4d,T4d_R,R
131511,T4d,T4d_R,R
131513,T4c,T4c_L,L
131526,T4b,T4b_L,L
131535,T5c,T5c_L,L
131549,T5c,T5c_R,R
131550,T4a,T4a_L,L
131553,T5d,T5d_R,R
131560,T5d,T5d_L,L
131561,T4a,T4a_L,L
131572,T5a,T5a_L,L
131576,T4c,T4c_R,R
131577,T5d,T5d_R,R
131582,T4b,T4b_R,R
131584,T5a,T5a_R,R
131593,T5c,T5c_L,L
131594,T5d,T5d_R,R
131613,T5b,T5b_R,R
131629,T5d,T5d_L,L
131634,T5b,T5b_L,L
131640,T4b,T4b_R,R
131649,T5d,T5d_R,R
131654,T4b,T4b_R,R
131663,T5c,T5c_R,R
131666,T4d,T4d_R,R
131671,T4c,T4c_L,L
131684,T4c,T4c_R,R
131687,T5c,T5c_R,R
131688,T5d,T5d_L,L
131711,T5d,T5d_L,L
131714,T5a,T5a_L,L
131717,T5b,T5b_L,L
131718,T5d,T5d_R,R
131730,T5c,T5c_L,L
131731,T4a,T4a_L,L
131737,T4b,T4b_R,R
131743,T5b,T5b_L,L
131760,T5a,T5a_L,L
131768,T4d,T4d_R,R
131774,T5a,T5a_L,L
131789,T5b,T5b_L,L
131796,T5b,T5b_L,L
131803,T5c,T5c_R,R
131808,T5d,T5d_R,R
131832,T5c,T5c_L,L
131835,T4d,T4d_L,L
131843,T5d,T5d_R,R
131847,T4c,T4c_R,R
131849,T5a,T5a_L,L
131850,T5b,T5b_L,L
131856,T4a,T4a_R,R
131864,T5c,T5c_R,R
131874,T4b,T4b_R,R
131879,T5b,T5b_R,R
131894,T4c,T4c_R,R
131901,T4c,T4c_R,R
131904,T5b,T5b_R,R
131906,T4d,T4d_R,R
131914,T5d,T5d_R,R
131915,T4c,T4c_L,L
131916,T4c,T4c_R,R
131917,T5a,T5a_R,R
131919,T4c,T4c_L,L
131925,T5c,T5c_L,L
131929,T5c,T5c_R,R
131962,T5d,T5d_R,R
131972,T5d,T5d_R,R
131973,T5b,T5b_L,L
131974,T5b,T5b_R,R
131982,T4a,T4a_L,L
132000,T5a,T5a_R,R
132001,T4a,T4a_R,R
132012,T5d,T5d_L,L
132025,T5d,T5d_R,R
132027,T5b,T5b_R,R
132032,T4d,T4d_R,R
132034,T4a,T4a_L,L
132035,T5a,T5a_R,R
132037,T5c,T5c_L,L
132042,T4a,T4a_R,R
132049,T4a,T4a_R,R
132059,T5c,T5c_L,L
132075,T4b,T4b_L,L
132079,T5b,T5b_R,R
132090,T5a,T5a_R,R
132107,T4d,T4d_L,L
132114,T5d,T5d_R,R
132119,T4d,T4d_L,L
132122,T5a,T5a_L,L
132124,T5c,T5c_R,R
132126,T4d,T4d_L,L
132135,T5d,T5d_R,R
132151,T4c,T4c_R,R
132157,T5a,T5a_R,R
132160,T4c,T4c_L,L
132168,T5a,T5a_R,R
132171,T5a,T5a_L,L
132183,T5d,T5d_R,R
132184,T4d,T4d_R,R
132196,T4c,T4c_L,L
132203,T5d,T5d_R,R
132224,T4b,T4b_L,L
132227,T4d,T4d_L,L
132228,T4d,T4d_L,L
132233,T5a,T5a_L,L
132235,T4b,T4b_R,R
132241,T4a,T4a_L,L
132244,T4b,T4b_R,R
132246,T5a,T5a_R,R
132255,T5c,T5c_L,L
132260,T4c,T4c_L,L
132275,T5c,T5c_R,R
132280,T4c,T4c_R,R
132286,T5c,T5c_L,L
132290,T5a,T5a_R,R
132295,T4c,T4c_R,R
132299,T5d,T5d_R,R
132315,T5b,T5b_R,R
132319,T5c,T5c_R,R
132321,T4c,T4c_L,L
132323,T4a,T4a_R,R
132325,T5c,T5c_L,L
132337,T4d,T4d_L,L
132351,T5d,T5d_R,R
132352,T5d,T5d_R,R
132354,T5b,T5b_R,R
132356,T5d,T5d_R,R
132361,T5c,T5c_R,R
132363,T5c,T5c_R,R
132367,T5a,T5a_L,L
132370,T5d,T5d_R,R
132376,T4b,T4b_R,R
132383,T5d,T5d_L,L
132391,T5a,T5a_R,R
132397,T5d,T5d_R,R
132402,T5c,T5c_R,R
132403,T4a,T4a_R,R
132408,T5c,T5c_L,L
132411,T5d,T5d_L,L
132430,T4c,T4c_R,R
132433,T5a,T5a_L,L
132441,T5c,T5c_L,L
132475,T5a,T5a_L,L
132477,T5b,T5b_R,R
132478,T5a,T5a_L,L
132481,T5b,T5b_R,R
132487,T5a,T5a_R,R
132492,T5a,T5a_R,R
132509,T5c,T5c_R,R
132512,T4c,T4c_L,L
132519,T5a,T5a_R,R
132532,T4d,T4d_R,R
132533,T5b,T5b_R,R
132534,T5a,T5a_L,L
132538,T4d,T4d_L,L
132544,T4c,T4c_R,R
132551,T5d,T5d_R,R
132565,T4d,T4d_R,R
132567,T5c,T5c_R,R
132570,T4c,T4c_R,R
132571,T5a,T5a_R,R
132576,T4d,T4d_L,L
132579,T4a,T4a_R,R
132586,T5a,T5a_R,R
132587,T5a,T5a_L,L
132588,T5d,T5d_R,R
132592,T5c,T5c_L,L
132594,T4d,T4d_R,R
132595,T5c,T5c_R,R
132603,T5d,T5d_R,R
132607,T4c,T4c_L,L
132616,T5c,T5c_R,R
132619,T5d,T5d_R,R
132628,T5c,T5c_L,L
132639,T5a,T5a_R,R
132647,T5c,T5c_R,R
132652,T5d,T5d_L,L
132653,T5d,T5d_R,R
132664,T4c,T4c_L,L
132670,T5a,T5a_R,R
132672,T5c,T5c_R,R
132676,T4b,T4b_L,L
132678,T4b,T4b_L,L
132679,T4b,T4b_R,R
132688,T5d,T5d_L,L
132689,T5c,T5c_R,R
132694,T4c,T4c_L,L
132698,T5c,T5c_L,L
132707,T5d,T5d_L,L
132714,T5b,T5b_L,L
132719,T4d,T4d_L,L
132721,T4c,T4c_L,L
132726,T5d,T5d_R,R
132746,T5d,T5d_L,L
132752,T5d,T5d_R,R
132755,T5b,T5b_L,L
132758,T4a,T4a_L,L
132772,T4a,T4a_L,L
132773,T5b,T5b_R,R
132778,T5a,T5a_R,R
132787,T4c,T4c_L,L
132792,T4b,T4b_L,L
132794,T4d,T4d_R,R
132813,T5c,T5c_R,R
132853,T4d,T4d_L,L
132860,T5b,T5b_L,L
132863,T5a,T5a_L,L
132864,T5c,T5c_R,R
132885,T5d,T5d_L,L
132890,T5d,T5d_L,L
132892,T4b,T4b_L,L
132917,T5c,T5c_R,R
132920,T5d,T5d_R,R
132924,T5c,T5c_R,R
132932,T5d,T5d_L,L
132936,T5c,T5c_L,L
132945,T5d,T5d_R,R
132956,T5a,T5a_L,L
132967,T5b,T5b_R,R
132970,T5d,T5d_R,R
132971,T4d,T4d_R,R
132974,T5a,T5a_L,L
132976,T5c,T5c_R,R
132983,T4a,T4a_L,L
132984,T5c,T5c_L,L
132989,T4d,T4d_R,R
132998,T5d,T5d_L,L
133007,T5d,T5d_R,R
133011,T5d,T5d_R,R
133012,T5a,T5a_L,L
133014,T5b,T5b_R,R
133025,T5b,T5b_R,R
133047,T4b,T4b_R,R
133048,T5c,T5c_L,L
133061,T5c,T5c_R,R
133071,T5b,T5b_L,L
133075,T5a,T5a_R,R
133076,T5c,T5c_L,L
133080,T5b,T5b_R,R
133085,T5b,T5b_L,L
133089,T5b,T5b_L,L
133090,T4d,T4d_L,L
133101,T4c,T4c_R,R
133109,T5b,T5b_R,R
133121,T5d,T5d_L,L
133128,T4a,T4a_R,R
133129,T5c,T5c_R,R
133146,T5b,T5b_L,L
133151,T4c,T4c_R,R
133166,T5c,T5c_R,R
133174,T5a,T5a_L,L
133180,T4c,T4c_L,L
133181,T5d,T5d_R,R
133184,T4d,T4d_L,L
133188,T4d,T4d_R,R
133189,T5c,T5c_R,R
133201,T5a,T5a_R,R
133206,T5d,T5d_R,R
133219,T5b,T5b_L,L
133220,T5c,T5c_R,R
133227,T4a,T4a_L,L
133229,T4d,T4d_R,R
133248,T5c,T5c_L,L
133251,T4b,T4b_R,R
133262,T5b,T5b_R,R
133277,T4b,T4b_R,R
133278,T5d,T5d_R,R
133282,T5a,T5a_R,R
133293,T5c,T5c_R,R
133304,T5b,T5b_R,R
133312,T4c,T4c_R,R
133329,T4d,T4d_L,L
133333,T5d,T5d_R,R
133339,T5d,T5d_L,L
133341,T4d,T4d_L,L
133347,T5b,T5b_R,R
133352,T5d,T5d_R,R
133361,T5d,T5d_R,R
133362,T4d,T4d_L,L
133374,T5d,T5d_L,L
133376,T5b,T5b_R,R
133397,T5c,T5c_R,R
133402,T5c,T5c_L,L
133404,T5b,T5b_L,L
133411,T5d,T5d_R,R
133421,T5c,T5c_L,L
133432,T5a,T5a_R,R
133452,T4c,T4c_L,L
133456,T4a,T4a_L,L
133461,T5a,T5a_R,R
133469,T5d,T5d_R,R
133474,T4d,T4d_R,R
133478,T4b,T4b_R,R
133496,T5b,T5b_R,R
133497,T5c,T5c_R,R
133505,T4d,T4d_R,R
133506,T4a,T4a_L,L
133507,T5d,T5d_L,L
133525,T5b,T5b_L,L
133534,T4d,T4d_R,R
133548,T5c,T5c_L,L
133552,T5a,T5a_R,R
133556,T5a,T5a_R,R
133567,T4d,T4d_R,R
133576,T5d,T5d_L,L
133578,T4c,T4c_R,R
133579,T5c,T5c_L,L
133580,T4c,T4c_R,R
133588,T5b,T5b_L,L
133602,T5b,T5b_R,R
133604,T5b,T5b_R,R
133611,T5a,T5a_R,R
133616,T4c,T4c_R,R
133622,T4a,T4a_R,R
133626,T5a,T5a_R,R
133629,T4d,T4d_R,R
133638,T5d,T5d_L,L
133639,T5c,T5c_R,R
133657,T4a,T4a_L,L
133660,T5c,T5c_R,R
133668,T5c,T5c_R,R
133674,T4d,T4d_L,L
133675,T5d,T5d_R,R
133680,T4a,T4a_L,L
133683,T5c,T5c_R,R
133684,T5d,T5d_R,R
133690,T5d,T5d_L,L
133696,T5d,T5d_R,R
133699,T5b,T5b_L,L
133708,T5a,T5a_R,R
133711,T4c,T4c_L,L
133719,T5d,T5d_L,L
133750,T5a,T5a_L,L
133753,T5a,T5a_R,R
133756,T5c,T5c_R,R
133760,T5c,T5c_L,L
133762,T4b,T4b_R,R
133764,T4d,T4d_R,R
133765,T5d,T5d_R,R
133766,T5b,T5b_R,R
133778,T5c,T5c_R,R
133780,T4d,T4d_R,R
133796,T5d,T5d_L,L
133800,T5d,T5d_L,L
133805,T4d,T4d_R,R
133830,T4a,T4a_R,R
133833,T4c,T4c_L,L
133836,T5d,T5d_L,L
133843,T5c,T5c_L,L
133848,T5d,T5d_R,R
133851,T5c,T5c_R,R
133852,T5d,T5d_R,R
133863,T4b,T4b_R,R
133872,T4a,T4a_L,L
133882,T5d,T5d_R,R
133906,T5b,T5b_R,R
133907,T5b,T5b_R,R
133911,T5a,T5a_L,L
133918,T4b,T4b_R,R
133924,T4c,T4c_R,R
133928,T4c,T4c_L,L
133934,T4a,T4a_L,L
133942,T5d,T5d_L,L
133943,T5d,T5d_L,L
133961,T5c,T5c_L,L
133968,T5d,T5d_R,R
133972,T5d,T5d_R,R
133973,T5d,T5d_R,R
133986,T5d,T5d_L,L
133990,T4c,T4c_R,R
133992,T4d,T4d_R,R
134006,T4b,T4b_R,R
134013,T4c,T4c_L,L
134024,T5b,T5b_L,L
134027,T5c,T5c_L,L
134031,T5d,T5d_L,L
134040,T5b,T5b_L,L
134041,T4d,T4d_L,L
134043,T5d,T5d_R,R
134044,T5d,T5d_R,R
134057,T5b,T5b_L,L
134058,T5c,T5c_R,R
134074,T5c,T5c_L,L
134085,T5b,T5b_R,R
134106,T4b,T4b_L,L
134110,T5a,T5a_R,R
134122,T4d,T4d_R,R
134138,T5d,T5d_R,R
134139,T4c,T4c_R,R
134143,T4b,T4b_R,R
134146,T4a,T4a_L,L
134155,T5a,T5a_L,L
134158,T4a,T4a_R,R
134162,T5b,T5b_R,R
134168,T5a,T5a_R,R
134170,T5a,T5a_L,L
134173,T5b,T5b_R,R
134175,T4d,T4d_R,R
134182,T4a,T4a_R,R
134184,T4a,T4a_R,R
134185,T5b,T5b_L,L
134190,T5b,T5b_R,R
134197,T5d,T5d_R,R
134198,T5d,T5d_R,R
134206,T4c,T4c_R,R
134207,T4b,T4b_R,R
134211,T5d,T5d_R,R
134218,T5a,T5a_L,L
134237,T5a,T5a_R,R
134249,T5d,T5d_R,R
134255,T5c,T5c_L,L
134260,T5c,T5c_L,L
134275,T4c,T4c_L,L
134278,T4a,T4a_L,L
134284,T5c,T5c_R,R
134286,T5a,T5a_R,R
134287,T5c,T5c_R,R
134292,T5b,T5b_R,R
134293,T4c,T4c_R,R
134300,T5b,T5b_R,R
134309,T5c,T5c_L,L
134317,T5c,T5c_R,R
134318,T4c,T4c_R,R
134325,T5c,T5c_R,R
134326,T5b,T5b_L,L
134328,T5d,T5d_L,L
134330,T4d,T4d_R,R
134343,T5b,T5b_R,R
134350,T5d,T5d_R,R
134352,T4d,T4d_R,R
134361,T4d,T4d_R,R
134374,T5c,T5c_R,R
134396,T4c,T4c_R,R
134407,T5b,T5b_R,R
134415,T5a,T5a_R,R
134418,T5c,T5c_R,R
134428,T5d,T5d_R,R
134441,T4d,T4d_R,R
134445,T5b,T5b_L,L
134460,T5d,T5d_L,L
134466,T4d,T4d_R,R
134471,T4c,T4c_L,L
134476,T4c,T4c_R,R
134488,T5d,T5d_L,L
134499,T5d,T5d_L,L
134503,T5a,T5a_L,L
134504,T5a,T5a_L,L
134516,T5c,T5c_L,L
134521,LPLC2,LPLC2_L,L
134535,T4d,T4d_L,L
134568,T5a,T5a_L,L
134574,T5d,T5d_R,R
134579,T5a,T5a_R,R
134580,T5a,T5a_R,R
134587,T5b,T5b_L,L
134605,T5b,T5b_R,R
134613,T4c,T4c_R,R
134619,T5d,T5d_L,L
134621,T5b,T5b_L,L
134627,T5b,T5b_R,R
134629,T5a,T5a_L,L
134633,T5d,T5d_R,R
134636,T5a,T5a_R,R
134638,T5c,T5c_L,L
134641,T5b,T5b_L,L
134661,T5c,T5c_R,R
134663,T4a,T4a_L,L
134680,T5d,T5d_R,R
134689,T5d,T5d_L,L
134695,T5b,T5b_L,L
134698,T5d,T5d_L,L
134703,T4d,T4d_R,R
134705,T5c,T5c_R,R
134708,T4a,T4a_R,R
134735,T5b,T5b_R,R
134738,T4d,T4d_R,R
134755,T5a,T5a_L,L
134758,T5a,T5a_R,R
134764,T5a,T5a_R,R
134766,T4a,T4a_L,L
134767,T4d,T4d_R,R
134772,T5b,T5b_L,L
134780,T4c,T4c_R,R
134788,T5b,T5b_R,R
134808,T5c,T5c_R,R
134829,T5a,T5a_R,R
134830,T5c,T5c_L,L
134836,T5c,T5c_L,L
134841,T4a,T4a_R,R
134845,T5b,T5b_L,L
134849,T5a,T5a_R,R
134853,T5a,T5a_R,R
134860,T5c,T5c_L,L
134864,T4a,T4a_L,L
134874,T5a,T5a_R,R
134880,T4b,T4b_L,L
134890,T4b,T4b_L,L
134894,T4b,T4b_R,R
134896,T5d,T5d_L,L
134897,T4a,T4a_R,R
134898,T4c,T4c_R,R
134908,T4b,T4b_R,R
134909,T5c,T5c_R,R
134925,T4d,T4d_R,R
134930,T5d,T5d_L,L
134934,T5b,T5b_L,L
134935,T5a,T5a_R,R
134937,T4d,T4d_R,R
134938,T5d,T5d_L,L
134950,T5d,T5d_R,R
134956,T5c,T5c_R,R
134972,T5c,T5c_L,L
134973,T5a,T5a_R,R
135003,T5d,T5d_L,L
135005,T5b,T5b_R,R
135008,T4d,T4d_R,R
135009,T5c,T5c_L,L
135012,T5a,T5a_R,R
135014,T4c,T4c_R,R
135019,T4d,T4d_L,L
135020,T4a,T4a_R,R
135023,T5a,T5a_L,L
135032,T5d,T5d_R,R
135035,T5c,T5c_L,L
135036,T5b,T5b_L,L
135040,T4b,T4b_R,R
135048,T4d,T4d_L,L
135062,T5a,T5a_R,R
135083,T4b,T4b_R,R
135088,T5b,T5b_L,L
135090,T4b,T4b_R,R
135101,T5b,T5b_R,R
135105,T5d,T5d_R,R
135118,T5d,T5d_L,L
135119,T5c,T5c_R,R
135145,T5b,T5b_L,L
135149,T5d,T5d_L,L
135152,T5b,T5b_L,L
135154,T4d,T4d_R,R
135160,T5c,T5c_R,R
135164,T5a,T5a_L,L
135169,T5d,T5d_L,L
135170,T5c,T5c_L,L
135174,T4c,T4c_R,R
135175,T4d,T4d_L,L
135181,T5a,T5a_R,R
135182,T4d,T4d_R,R
135185,T5b,T5b_R,R
135202,T5c,T5c_R,R
135204,T5b,T5b_L,L
135233,T5c,T5c_R,R
135240,T4c,T4c_L,L
135253,T5a,T5a_R,R
135280,T5a,T5a_R,R
135281,T4c,T4c_R,R
135288,T4d,T4d_R,R
135292,T4a,T4a_L,L
135318,T5c,T5c_L,L
135319,T5b,T5b_R,R
135336,T4b,T4b_L,L
135343,T5d,T5d_R,R
135355,T5a,T5a_L,L
135357,T4b,T4b_R,R
135358,T5d,T5d_R,R
135367,T4a,T4a_L,L
135382,T5c,T5c_L,L
135384,T4d,T4d_L,L
135388,T5b,T5b_R,R
135390,T5a,T5a_L,L
135393,T5b,T5b_L,L
135397,T4d,T4d_R,R
135399,T5c,T5c_R,R
135406,T4b,T4b_L,L
135424,T5d,T5d_L,L
135430,T5b,T5b_L,L
135433,T5b,T5b_R,R
135444,T5c,T5c_R,R
135445,T4a,T4a_R,R
135448,T5d,T5d_R,R
135451,T5d,T5d_L,L
135452,T5c,T5c_R,R
135460,T5b,T5b_L,L
135462,T5d,T5d_L,L
135474,T5c,T5c_R,R
135475,T5b,T5b_R,R
135479,T5a,T5a_R,R
135481,T5b,T5b_R,R
135483,T4c,T4c_R,R
135486,T5b,T5b_R,R
135492,T4a,T4a_R,R
135496,T5c,T5c_L,L
135499,T5d,T5d_L,L
135502,T5a,T5a_R,R
135525,T5d,T5d_R,R
135530,T5d,T5d_L,L
135539,T4a,T4a_L,L
135546,T5d,T5d_R,R
135547,T5d,T5d_L,L
135549,T4d,T4d_R,R
135551,T5b,T5b_L,L
135564,T5b,T5b_R,R
135565,T5c,T5c_R,R
135582,T5a,T5a_L,L
135601,T5d,T5d_L,L
135611,T4c,T4c_R,R
135619,T5a,T5a_R,R
135625,T5c,T5c_L,L
135631,T4d,T4d_R,R
135635,T4c,T4c_R,R
135636,T5d,T5d_L,L
135648,T5b,T5b_L,L
135659,T5b,T5b_R,R
135678,T4d,T4d_L,L
135680,T4b,T4b_R,R
135685,T4c,T4c_R,R
135701,T5c,T5c_R,R
135706,T5c,T5c_L,L
135708,T4d,T4d_R,R
135713,T5c,T5c_R,R
135722,T5c,T5c_R,R
135725,T5a,T5a_R,R
135730,T5a,T5a_L,L
135736,T5b,T5b_L,L
135740,T4c,T4c_R,R
135746,T5c,T5c_R,R
135758,T4b,T4b_L,L
135760,T5d,T5d_R,R
135761,T4d,T4d_R,R
135766,T5c,T5c_L,L
135767,T5c,T5c_L,L
135798,T5c,T5c_R,R
135813,T5c,T5c_R,R
135815,T5a,T5a_L,L
135817,T5c,T5c_R,R
135837,T5d,T5d_R,R
135840,T5d,T5d_R,R
135851,T5b,T5b_L,L
135852,T5a,T5a_R,R
135860,T4a,T4a_R,R
135869,T5d,T5d_L,L
135870,T5b,T5b_R,R
135881,T4a,T4a_R,R
135886,T4c,T4c_R,R
135887,T5b,T5b_L,L
135900,T4d,T4d_L,L
135916,T5c,T5c_R,R
135926,T5d,T5d_R,R
135933,T5b,T5b_R,R
135937,T5d,T5d_L,L
135942,T4c,T4c_L,L
135954,T5c,T5c_R,R
135956,T5c,T5c_R,R
135959,T5d,T5d_R,R
135961,T5c,T5c_R,R
135969,T5a,T5a_R,R
135971,T4d,T4d_L,L
135977,T4a,T4a_R,R
135983,T5a,T5a_R,R
135989,T5d,T5d_L,L
135992,T4b,T4b_L,L
136003,T5b,T5b_R,R
136005,T4c,T4c_R,R
136007,T5a,T5a_R,R
136013,T5d,T5d_L,L
136015,T5a,T5a_R,R
136018,T5a,T5a_L,L
136023,T5c,T5c_R,R
136025,T4b,T4b_R,R
136029,T4c,T4c_L,L
136047,T5d,T5d_R,R
136053,T5d,T5d_R,R
136056,T5b,T5b_R,R
136059,T5c,T5c_R,R
136060,T5c,T5c_R,R
136068,T5b,T5b_R,R
136081,T4b,T4b_R,R
136082,T5b,T5b_L,L
136102,T5b,T5b_R,R
136104,T5c,T5c_R,R
136123,T5c,T5c_R,R
136129,T5b,T5b_R,R
136132,T5d,T5d_R,R
136136,T5d,T5d_R,R
136139,T5c,T5c_L,L
136143,T4d,T4d_R,R
136148,T5b,T5b_L,L
136149,T5d,T5d_R,R
136154,T5d,T5d_R,R
136169,T5d,T5d_L,L
136173,T4b,T4b_R,R
136178,T4a,T4a_L,L
136184,T5b,T5b_L,L
136185,T4b,T4b_L,L
136201,T5b,T5b_L,L
136207,T5a,T5a_R,R
136212,T4b,T4b_R,R
136224,T4d,T4d_L,L
136225,T5b,T5b_L,L
136235,T5a,T5a_R,R
136239,T5a,T5a_L,L
136241,T5a,T5a_R,R
136248,T4d,T4d_R,R
136264,T4d,T4d_L,L
136271,T5a,T5a_R,R
136280,T5c,T5c_R,R
136299,T5a,T5a_R,R
136318,T5c,T5c_R,R
136322,T5d,T5d_L,L
136330,T4c,T4c_R,R
136338,T5c,T5c_L,L
136352,T4a,T4a_R,R
136353,T5b,T5b_R,R
136355,T4d,T4d_L,L
136356,T5d,T5d_R,R
136363,T5b,T5b_L,L
136364,T5b,T5b_L,L
136374,T4d,T4d_L,L
136375,T4d,T4d_R,R
136379,T4c,T4c_R,R
136385,T5b,T5b_L,L
136420,T4c,T4c_R,R
136432,T5c,T5c_R,R
136441,T4b,T4b_L,L
136460,T5c,T5c_R,R
136471,T5d,T5d_R,R
136481,T5c,T5c_R,R
136482,T5c,T5c_L,L
136491,T4a,T4a_L,L
136492,T5c,T5c_R,R
136503,T4d,T4d_R,R
136507,T4a,T4a_L,L
136512,T5d,T5d_R,R
136516,T5d,T5d_L,L
136526,T5c,T5c_R,R
136532,T5d,T5d_R,R
136536,T4d,T4d_L,L
136549,T4a,T4a_R,R
136554,T5b,T5b_L,L
136556,T5a,T5a_R,R
136562,T4b,T4b_L,L
136564,T4a,T4a_R,R
136577,T4d,T4d_L,L
136579,T5d,T5d_R,R
136589,T5c,T5c_L,L
136595,T5d,T5d_R,R
136596,T5a,T5a_L,L
136599,T4c,T4c_R,R
136601,T4c,T4c_R,R
136609,T5d,T5d_R,R
136611,T4c,T4c_R,R
136620,T5d,T5d_L,L
136622,T5d,T5d_L,L
136624,T5b,T5b_R,R
136635,T5c,T5c_L,L
136644,T4c,T4c_R,R
136661,T5b,T5b_R,R
136662,T5d,T5d_L,L
136670,T5d,T5d_R,R
136674,T5d,T5d_R,R
136678,T5b,T5b_R,R
136681,T4a,T4a_L,L
136706,T5d,T5d_R,R
136707,T4c,T4c_L,L
136717,T5d,T5d_R,R
136724,T5a,T5a_R,R
136735,T4d,T4d_R,R
136751,T4d,T4d_R,R
136755,T5a,T5a_L,L
136777,T4c,T4c_L,L
136789,T4c,T4c_R,R
136802,T5d,T5d_L,L
136817,T5a,T5a_L,L
136820,T5b,T5b_R,R
136827,T5b,T5b_R,R
136832,T5b,T5b_R,R
136840,T5d,T5d_L,L
136846,T5b,T5b_R,R
136851,T5c,T5c_L,L
136860,T4d,T4d_L,L
136863,T5d,T5d_R,R
136869,T4c,T4c_R,R
136871,T4d,T4d_R,R
136879,T5d,T5d_R,R
136885,T4d,T4d_L,L
136888,T5c,T5c_R,R
136891,T4a,T4a_R,R
136901,T5c,T5c_L,L
136933,T4a,T4a_L,L
136952,T5b,T5b_R,R
136962,T4c,T4c_L,L
136967,T5d,T5d_R,R
136974,T4a,T4a_R,R
136989,T5b,T5b_R,R
136995,T5c,T5c_R,R
137006,T5d,T5d_R,R
137009,T5c,T5c_L,L
137025,T5d,T5d_R,R
137052,T4a,T4a_L,L
137060,T5a,T5a_R,R
137063,T5b,T5b_R,R
137068,T5c,T5c_L,L
137074,T5c,T5c_L,L
137075,T5b,T5b_L,L
137082,T4b,T4b_R,R
137099,T5b,T5b_L,L
137104,T5b,T5b_L,L
137107,T4d,T4d_R,R
137111,T5b,T5b_R,R
137118,T4d,T4d_L,L
137121,T5d,T5d_L,L
137124,T5c,T5c_L,L
137146,T4c,T4c_L,L
137186,T5c,T5c_R,R
137189,T5d,T5d_R,R
137197,T5d,T5d_R,R
137214,T5b,T5b_L,L
137219,T5d,T5d_L,L
137223,T5b,T5b_R,R
137230,T4d,T4d_R,R
137236,T5a,T5a_R,R
137241,T4c,T4c_R,R
137247,T5d,T5d_R,R
137252,T5a,T5a_R,R
137277,T5a,T5a_R,R
137286,T4b,T4b_R,R
137310,T4b,T4b_R,R
137318,T5d,T5d_R,R
137323,T5b,T5b_L,L
137324,T5d,T5d_L,L
137332,T5c,T5c_R,R
137337,T5c,T5c_L,L
137341,T5b,T5b_R,R
137351,T4b,T4b_L,L
137353,T5b,T5b_R,R
137354,T4a,T4a_L,L
137359,T5b,T5b_R,R
137362,T5c,T5c_L,L
137363,T4d,T4d_L,L
137369,T5c,T5c_R,R
137389,T5b,T5b_R,R
137411,T5b,T5b_L,L
137413,T5b,T5b_R,R
137414,T5a,T5a_L,L
137418,T4d,T4d_R,R
137437,T4b,T4b_R,R
137448,T5d,T5d_L,L
137449,T4b,T4b_R,R
137451,T4c,T4c_R,R
137452,T5d,T5d_R,R
137460,T5c,T5c_R,R
137462,T4b,T4b_R,R
137466,T5b,T5b_L,L
137471,T4a,T4a_L,L
137482,T5a,T5a_L,L
137485,T5b,T5b_R,R
137496,T5a,T5a_L,L
137502,T5c,T5c_R,R
137504,T4b,T4b_R,R
137508,T4d,T4d_L,L
137526,T4a,T4a_L,L
137536,T4b,T4b_R,R
137548,T5b,T5b_L,L
137569,T5c,T5c_L,L
137582,T5b,T5b_L,L
137591,T5b,T5b_L,L
137594,T5b,T5b_R,R
137608,T4d,T4d_R,R
137615,T4c,T4c_L,L
137618,T5c,T5c_L,L
137619,T5d,T5d_L,L
137635,T5d,T5d_R,R
137639,T5a,T5a_R,R
137640,T4c,T4c_R,R
137641,T5c,T5c_R,R
137644,T5c,T5c_L,L
137666,T5a,T5a_R,R
137674,T5c,T5c_R,R
137679,T5d,T5d_L,L
137688,T5b,T5b_L,L
137711,T5c,T5c_R,R
137712,T5a,T5a_R,R
137725,T4c,T4c_R,R
137735,T5d,T5d_R,R
137738,T5a,T5a_L,L
137741,T4b,T4b_R,R
137742,T5a,T5a_R,R
137749,T4b,T4b_R,R
137755,T4b,T4b_L,L
137759,T5c,T5c_L,L
137764,T5c,T5c_R,R
137780,T5a,T5a_R,R
137782,T4c,T4c_R,R
137785,T5b,T5b_L,L
137817,T4a,T4a_L,L
137818,T5c,T5c_L,L
137819,T4d,T4d_R,R
137820,T5c,T5c_R,R
137822,T5a,T5a_L,L
137824,T5c,T5c_R,R
137840,T5d,T5d_L,L
137849,T5d,T5d_R,R
137889,T5c,T5c_R,R
137895,T5b,T5b_L,L
137904,T5a,T5a_L,L
137938,T5d,T5d_R,R
137944,T5d,T5d_R,R
137966,T5c,T5c_R,R
137973,T5d,T5d_L,L
138028,T5a,T5a_R,R
138035,T5a,T5a_L,L
138046,T5d,T5d_R,R
138047,T5d,T5d_L,L
138048,T4c,T4c_R,R
138070,T4c,T4c_L,L
138079,T5a,T5a_R,R
138081,T5d,T5d_L,L
138094,T5d,T5d_R,R
138109,T4b,T4b_R,R
138113,T4c,T4c_R,R
138114,T4d,T4d_L,L
138125,T4b,T4b_R,R
138126,T5b,T5b_R,R
138131,T5b,T5b_L,L
138148,T5c,T5c_R,R
138149,T5d,T5d_R,R
138172,T5c,T5c_L,L
138173,T4b,T4b_L,L
138189,T5b,T5b_R,R
138194,T5d,T5d_R,R
138214,T4a,T4a_R,R
138217,T5b,T5b_R,R
138218,T5d,T5d_R,R
138239,T4c,T4c_L,L
138253,T5a,T5a_L,L
138262,T5b,T5b_L,L
138263,T4a,T4a_L,L
138266,T5c,T5c_R,R
138271,T4b,T4b_L,L
138272,T5d,T5d_R,R
138278,T5c,T5c_R,R
138279,T5d,T5d_L,L
138283,T5c,T5c_R,R
138302,T5b,T5b_R,R
138306,T5b,T5b_L,L
138314,T5a,T5a_L,L
138317,T4b,T4b_L,L
138322,T4c,T4c_L,L
138323,T5c,T5c_R,R
138329,T5a,T5a_L,L
138340,T5b,T5b_R,R
138343,T5c,T5c_L,L
138358,T5b,T5b_L,L
138362,T5a,T5a_R,R
138364,T4c,T4c_L,L
138365,T5d,T5d_R,R
138370,T5b,T5b_L,L
138375,T4b,T4b_R,R
138382,T5d,T5d_R,R
138387,T5d,T5d_R,R
138390,T4a,T4a_R,R
138391,T4a,T4a_R,R
138398,T5b,T5b_L,L
138407,T5c,T5c_R,R
138409,T4b,T4b_R,R
138422,T4c,T4c_L,L
138424,T5d,T5d_R,R
138448,T5c,T5c_R,R
138479,T5a,T5a_R,R
138485,T4b,T4b_L,L
138498,T5d,T5d_L,L
138503,T5c,T5c_L,L
138508,T4c,T4c_L,L
138536,T5d,T5d_L,L
138538,T5c,T5c_L,L
138541,T5b,T5b_R,R
138544,T4b,T4b_R,R
138550,T5c,T5c_R,R
138567,T5a,T5a_L,L
138587,T5d,T5d_L,L
138607,T5a,T5a_L,L
138639,T4d,T4d_R,R
138643,T5d,T5d_L,L
138665,T4d,T4d_R,R
138667,T5b,T5b_R,R
138672,T5d,T5d_L,L
138675,T4a,T4a_L,L
138679,T5b,T5b_R,R
138684,T4b,T4b_L,L
138688,T4d,T4d_R,R
138689,T5d,T5d_R,R
138693,T4d,T4d_L,L
138700,T4a,T4a_L,L
138710,T4b,T4b_L,L
138728,T5b,T5b_R,R
138740,T5a,T5a_R,R
138753,T5d,T5d_R,R
138756,T4b,T4b_L,L
138763,T5b,T5b_L,L
138770,T5d,T5d_R,R
138771,T5c,T5c_R,R
138800,T4a,T4a_R,R
138824,T5d,T5d_L,L
138825,T5d,T5d_L,L
138840,T4a,T4a_L,L
138844,T4a,T4a_L,L
138848,T4a,T4a_L,L
138849,T5c,T5c_R,R
138855,T5c,T5c_R,R
138862,T4b,T4b_R,R
138868,T5c,T5c_R,R
138874,T5b,T5b_R,R
138877,T4d,T4d_R,R
138888,T4a,T4a_L,L
138907,T4c,T4c_L,L
138919,T5d,T5d_R,R
138944,T5d,T5d_R,R
138962,T5c,T5c_R,R
138964,T5c,T5c_R,R
138971,T5c,T5c_L,L
138978,T5c,T5c_L,L
138980,T4b,T4b_L,L
138983,T5c,T5c_L,L
138989,T5c,T5c_L,L
139012,T5d,T5d_R,R
139014,T5c,T5c_L,L
139049,T4c,T4c_L,L
139052,T5b,T5b_L,L
139069,T5d,T5d_R,R
139101,T5c,T5c_R,R
139112,T4b,T4b_L,L
139124,T5b,T5b_R,R
139129,T5c,T5c_R,R
139135,T4d,T4d_L,L
139142,T4b,T4b_L,L
139147,T5c,T5c_L,L
139168,T5d,T5d_R,R
139174,T4c,T4c_R,R
139175,T5d,T5d_R,R
139183,T5d,T5d_L,L
139200,T5b,T5b_L,L
139208,T5d,T5d_R,R
139222,T5d,T5d_R,R
139269,T5b,T5b_R,R
139275,T5a,T5a_L,L
139284,T5d,T5d_R,R
139288,T5c,T5c_R,R
139297,T5d,T5d_R,R
139329,T5a,T5a_L,L
139336,T4d,T4d_R,R
139370,T4d,T4d_L,L
139385,T5d,T5d_L,L
139401,T4c,T4c_R,R
139444,T5b,T5b_L,L
139445,T5c,T5c_L,L
139455,T5a,T5a_L,L
139462,T4b,T4b_L,L
139467,T5d,T5d_R,R
139469,T5d,T5d_R,R
139476,T5c,T5c_R,R
139482,T5b,T5b_R,R
139484,T4c,T4c_R,R
139492,T5d,T5d_L,L
139500,T5c,T5c_L,L
139535,T5c,T5c_R,R
139539,T4b,T4b_L,L
139549,T5b,T5b_L,L
139566,T5b,T5b_L,L
139567,T4c,T4c_L,L
139570,T5c,T5c_L,L
139575,T5a,T5a_R,R
139578,T5c,T5c_L,L
139588,T5a,T5a_L,L
139595,T5b,T5b_R,R
139606,T4d,T4d_R,R
139611,T5d,T5d_L,L
139617,T4c,T4c_L,L
139639,T4a,T4a_L,L
139650,T5a,T5a_R,R
139658,T4c,T4c_R,R
139666,T5d,T5d_L,L
139668,T5a,T5a_R,R
139687,T4b,T4b_L,L
139693,T5a,T5a_L,L
139716,T4c,T4c_L,L
139722,T5d,T5d_R,R
139726,T5a,T5a_L,L
139731,T4a,T4a_L,L
139774,T5c,T5c_L,L
139789,T5a,T5a_R,R
139791,T5a,T5a_R,R
139798,T4d,T4d_L,L
139812,T4b,T4b_R,R
139819,T5a,T5a_R,R
139841,T5a,T5a_L,L
139867,T4a,T4a_L,L
139920,T5d,T5d_R,R
139924,T4c,T4c_L,L
139928,T4b,T4b_L,L
139950,T5a,T5a_R,R
139964,T5b,T5b_R,R
139968,T5d,T5d_R,R
139969,T4c,T4c_R,R
139979,T4c,T4c_R,R
139984,T5d,T5d_L,L
139991,T5a,T5a_L,L
139992,T4d,T4d_R,R
139993,T4b,T4b_L,L
140001,T5a,T5a_R,R
140008,T4c,T4c_L,L
140009,T4a,T4a_R,R
140011,T5b,T5b_L,L
140014,T5a,T5a_L,L
140019,T5d,T5d_R,R
140033,T4d,T4d_L,L
140059,T4d,T4d_L,L
140061,T5c,T5c_L,L
140068,T4d,T4d_L,L
140079,T5c,T5c_R,R
140080,T5a,T5a_L,L
140102,T5d,T5d_R,R
140103,T5b,T5b_R,R
140109,T5d,T5d_R,R
140123,T4a,T4a_R,R
140142,T5c,T5c_L,L
140159,T5c,T5c_L,L
140186,T5c,T5c_R,R
140189,T5d,T5d_L,L
140199,T5b,T5b_R,R
140207,T5c,T5c_L,L
140211,T5b,T5b_R,R
140215,T4d,T4d_L,L
140226,T5c,T5c_L,L
140244,T4d,T4d_R,R
140247,T4b,T4b_L,L
140248,T4c,T4c_R,R
140251,T4b,T4b_L,L
140269,T5a,T5a_R,R
140273,T5c,T5c_R,R
140292,T5a,T5a_R,R
140293,T5b,T5b_R,R
140294,T4b,T4b_L,L
140301,T5c,T5c_R,R
140305,T5c,T5c_L,L
140311,T5d,T5d_R,R
140325,T4d,T4d_L,L
140328,T5c,T5c_L,L
140335,T5d,T5d_R,R
140359,T5a,T5a_L,L
140367,T4c,T4c_L,L
140382,T5d,T5d_L,L
140388,T5d,T5d_L,L
140409,T5a,T5a_L,L
140410,T5d,T5d_L,L
140416,T5c,T5c_R,R
140420,T4a,T4a_L,L
140424,T4d,T4d_L,L
140427,T4c,T4c_R,R
140440,T4d,T4d_R,R
140446,T5d,T5d_L,L
140453,T5a,T5a_R,R
140462,T4d,T4d_R,R
140480,T5c,T5c_L,L
140485,T4c,T4c_R,R
140486,T4d,T4d_L,L
140490,T5d,T5d_R,R
140493,T5d,T5d_L,L
140502,T4b,T4b_L,L
140518,T5d,T5d_L,L
140526,T4c,T4c_L,L
140529,T5a,T5a_L,L
140531,T5b,T5b_L,L
140532,T5c,T5c_R,R
140549,T5b,T5b_R,R
140556,T5c,T5c_R,R
140557,T5d,T5d_R,R
140594,T5b,T5b_R,R
140604,T4d,T4d_L,L
140640,T5a,T5a_R,R
140647,T5a,T5a_R,R
140655,T4c,T4c_R,R
140665,T5b,T5b_R,R
140687,T5b,T5b_L,L
140699,T5c,T5c_R,R
140701,T4c,T4c_R,R
140704,T5a,T5a_R,R
140712,T4d,T4d_L,L
140731,T5c,T5c_L,L
140743,T4a,T4a_R,R
140754,T4c,T4c_R,R
140763,T5a,T5a_R,R
140771,T5a,T5a_R,R
140775,T5d,T5d_R,R
140786,T5c,T5c_R,R
140799,T5c,T5c_L,L
140822,T4a,T4a_R,R
140826,T5b,T5b_R,R
140853,T5c,T5c_L,L
140863,T5c,T5c_R,R
140866,T5d,T5d_R,R
140882,T5b,T5b_R,R
140886,T5d,T5d_L,L
140938,T5c,T5c_L,L
140960,T4c,T4c_R,R
140968,T4d,T4d_R,R
140969,T5a,T5a_R,R
140988,T4d,T4d_R,R
140996,T5a,T5a_R,R
141012,T4c,T4c_L,L
141022,T5d,T5d_L,L
141026,T5c,T5c_L,L
141029,T5b,T5b_R,R
141041,T5d,T5d_R,R
141050,T4d,T4d_L,L
141051,T5d,T5d_R,R
141054,LPLC4,LPLC4_L,L
141059,T5b,T5b_L,L
141065,T4b,T4b_R,R
141066,T4a,T4a_L,L
141075,T5c,T5c_R,R
141081,T5d,T5d_R,R
141088,T4d,T4d_L,L
141106,T4b,T4b_R,R
141112,T4d,T4d_R,R
141134,T5d,T5d_R,R
141137,T4b,T4b_R,R
141139,T4c,T4c_R,R
141158,T5d,T5d_L,L
141164,T5d,T5d_R,R
141167,T4c,T4c_L,L
141171,T5d,T5d_R,R
141192,T5c,T5c_L,L
141196,T5a,T5a_L,L
141197,T5d,T5d_L,L
141202,T4b,T4b_R,R
141229,T5d,T5d_R,R
141233,T5d,T5d_R,R
141267,T5c,T5c_L,L
141268,T5b,T5b_R,R
141270,T4a,T4a_L,L
141287,T4a,T4a_R,R
141291,T4a,T4a_R,R
141294,T4a,T4a_L,L
141310,T4b,T4b_L,L
141312,T5c,T5c_R,R
141317,T5d,T5d_L,L
141325,T5b,T5b_L,L
141337,T4a,T4a_R,R
141373,T4c,T4c_L,L
141393,T5c,T5c_R,R
141397,T5b,T5b_R,R
141399,T4b,T4b_L,L
141412,T4c,T4c_R,R
141424,T4d,T4d_R,R
141432,T5a,T5a_R,R
141436,T5d,T5d_R,R
141448,T5c,T5c_R,R
141451,T4a,T4a_R,R
141452,T5c,T5c_R,R
141453,T4d,T4d_R,R
141457,T5d,T5d_L,L
141461,T5b,T5b_R,R
141472,T5b,T5b_L,L
141478,T5d,T5d_L,L
141493,T5c,T5c_R,R
141494,T5c,T5c_L,L
141495,T5d,T5d_L,L
141506,T5c,T5c_R,R
141512,T4b,T4b_L,L
141527,T4a,T4a_L,L
141530,T4b,T4b_L,L
141538,T5c,T5c_R,R
141539,T4d,T4d_R,R
141552,T5d,T5d_R,R
141555,T5b,T5b_R,R
141571,T4a,T4a_L,L
141572,T5d,T5d_L,L
141606,T5b,T5b_L,L
141607,T5b,T5b_R,R
141608,T5d,T5d_L,L
141617,T5b,T5b_R,R
141630,T5a,T5a_R,R
141638,T5a,T5a_R,R
141649,T5b,T5b_L,L
141654,T5a,T5a_L,L
141686,T4c,T4c_L,L
141693,T5c,T5c_L,L
141719,T4a,T4a_R,R
141721,T5b,T5b_L,L
141722,T4b,T4b_L,L
141730,T5c,T5c_L,L
141741,T5b,T5b_R,R
141753,T4a,T4a_R,R
141755,T5c,T5c_R,R
141765,T4c,T4c_R,R
141771,T5d,T5d_R,R
141783,T5b,T5b_L,L
141787,T5d,T5d_L,L
141791,T5a,T5a_R,R
141794,T5a,T5a_L,L
141795,T5d,T5d_L,L
141797,T5b,T5b_L,L
141798,T5a,T5a_L,L
141801,T5d,T5d_L,L
141814,T4c,T4c_R,R
141822,T5c,T5c_L,L
141836,T5a,T5a_R,R
141845,T4a,T4a_R,R
141855,T4c,T4c_R,R
141857,T5d,T5d_L,L
141868,T5c,T5c_L,L
141890,T5d,T5d_R,R
141893,T4c,T4c_R,R
141898,T5d,T5d_L,L
141902,T5d,T5d_L,L
141957,T4d,T4d_L,L
141960,T5d,T5d_L,L
141971,T5b,T5b_R,R
141973,T4b,T4b_L,L
141974,T5d,T5d_R,R
141975,T5a,T5a_R,R
141981,T5c,T5c_R,R
141985,T4b,T4b_L,L
142007,T5c,T5c_L,L
142015,T5c,T5c_R,R
142023,T5a,T5a_R,R
142024,T5b,T5b_L,L
142050,T5a,T5a_R,R
142071,T4d,T4d_R,R
142086,T5a,T5a_L,L
142088,T5a,T5a_R,R
142092,T5d,T5d_R,R
142108,T4a,T4a_L,L
142109,T5d,T5d_R,R
142112,T5d,T5d_R,R
142113,T5a,T5a_R,R
142126,T4c,T4c_R,R
142157,T4a,T4a_R,R
142158,T5b,T5b_L,L
142159,T5d,T5d_L,L
142163,T5d,T5d_L,L
142172,T4b,T4b_R,R
142177,T4d,T4d_R,R
142202,T5b,T5b_L,L
142208,T5d,T5d_L,L
142282,T4d,T4d_L,L
142283,T5a,T5a_L,L
142305,T5a,T5a_R,R
142317,T5c,T5c_R,R
142334,T5b,T5b_L,L
142354,T5d,T5d_R,R
142359,T5b,T5b_L,L
142373,T4b,T4b_L,L
142375,T4b,T4b_L,L
142376,T5b,T5b_R,R
142391,T5b,T5b_L,L
142392,T4c,T4c_L,L
142413,T5b,T5b_R,R
142418,T4b,T4b_L,L
142422,T5d,T5d_R,R
142447,T5b,T5b_L,L
142468,T5b,T5b_R,R
142472,T5d,T5d_L,L
142479,T5d,T5d_L,L
142482,T5c,T5c_R,R
142502,T5b,T5b_R,R
142503,T5c,T5c_L,L
142504,T5d,T5d_R,R
142506,T5c,T5c_R,R
142525,T5b,T5b_L,L
142529,T5c,T5c_R,R
142534,T5d,T5d_L,L
142540,T4c,T4c_R,R
142546,T5c,T5c_R,R
142550,T5a,T5a_R,R
142551,T4d,T4d_R,R
142559,T5a,T5a_R,R
142562,T4c,T4c_R,R
142579,T4b,T4b_R,R
142602,T5c,T5c_L,L
142612,T5c,T5c_L,L
142614,T5b,T5b_L,L
142628,T4a,T4a_L,L
142649,T5a,T5a_L,L
142668,T5c,T5c_R,R
142690,T5b,T5b_L,L
142694,T4c,T4c_L,L
142697,T4a,T4a_R,R
142698,T5d,T5d_L,L
142707,T4b,T4b_R,R
142711,T4a,T4a_R,R
142718,T4d,T4d_R,R
142722,T4a,T4a_L,L
142727,T5b,T5b_L,L
142742,T5a,T5a_L,L
142750,T5a,T5a_R,R
142760,T5c,T5c_L,L
142766,T5c,T5c_R,R
142768,T4c,T4c_R,R
142777,T4b,T4b_L,L
142785,T4a,T4a_R,R
142786,T4a,T4a_R,R
142807,T5b,T5b_L,L
142813,T5d,T5d_R,R
142824,T5b,T5b_L,L
142840,T4d,T4d_R,R
142842,T5d,T5d_R,R
142852,T5d,T5d_R,R
142858,T5a,T5a_L,L
142859,T4d,T4d_R,R
142865,T4d,T4d_L,L
142882,T5a,T5a_R,R
142893,T5d,T5d_R,R
142909,T4c,T4c_L,L
142914,T5d,T5d_R,R
142921,T5d,T5d_R,R
142932,T4d,T4d_L,L
142970,T5c,T5c_R,R
142985,T5c,T5c_R,R
143008,T4d,T4d_L,L
143042,T4d,T4d_R,R
143054,T4a,T4a_L,L
143057,T4a,T4a_L,L
143059,T4b,T4b_L,L
143061,T4d,T4d_R,R
143070,T5b,T5b_R,R
143075,T5a,T5a_L,L
143084,T4c,T4c_R,R
143117,T5d,T5d_R,R
143141,T5c,T5c_R,R
143147,T5d,T5d_R,R
143157,T5c,T5c_R,R
143162,T5d,T5d_L,L
143166,T5c,T5c_R,R
143174,T5a,T5a_R,R
143175,T5d,T5d_R,R
143222,T5a,T5a_R,R
143226,T5c,T5c_L,L
143231,T5c,T5c_R,R
143235,T4c,T4c_L,L
143240,T5c,T5c_L,L
143252,T5c,T5c_R,R
143266,T5c,T5c_L,L
143268,T5d,T5d_R,R
143274,T5d,T5d_L,L
143278,T4a,T4a_L,L
143282,T5b,T5b_R,R
143299,T5d,T5d_L,L
143305,T5a,T5a_L,L
143310,T4d,T4d_L,L
143315,T5c,T5c_L,L
143319,T5d,T5d_L,L
143325,T4d,T4d_L,L
143329,T4a,T4a_L,L
143341,T5b,T5b_R,R
143344,T5d,T5d_R,R
143348,T4b,T4b_R,R
143362,T5b,T5b_R,R
143363,T5c,T5c_L,L
143383,T5a,T5a_L,L
143384,T5b,T5b_L,L
143388,T5c,T5c_L,L
143390,T5b,T5b_L,L
143394,T5b,T5b_L,L
143397,T5a,T5a_R,R
143407,T5c,T5c_R,R
143416,T5a,T5a_L,L
143432,T5b,T5b_L,L
143450,T5c,T5c_L,L
143452,T5d,T5d_L,L
143459,T5c,T5c_L,L
143471,T5c,T5c_R,R
143482,T4a,T4a_L,L
143486,T5d,T5d_L,L
143502,T4c,T4c_R,R
143503,T5a,T5a_R,R
143522,T4b,T4b_L,L
143532,T5b,T5b_R,R
143538,T5c,T5c_L,L
143547,T5c,T5c_L,L
143574,T4c,T4c_R,R
143592,T5b,T5b_L,L
143600,T4c,T4c_L,L
143604,T5a,T5a_R,R
143607,T5d,T5d_L,L
143608,T5a,T5a_L,L
143641,T4b,T4b_R,R
143655,T5b,T5b_R,R
143656,T4d,T4d_R,R
143658,T4c,T4c_R,R
143661,T5b,T5b_R,R
143663,T4a,T4a_R,R
143671,T5a,T5a_R,R
143672,T4a,T4a_L,L
143677,T5d,T5d_L,L
143684,T5d,T5d_R,R
143742,T4d,T4d_L,L
143744,T5b,T5b_L,L
143753,T4d,T4d_L,L
143755,T4c,T4c_L,L
143758,T5a,T5a_R,R
143760,T4d,T4d_L,L
143763,T5c,T5c_L,L
143770,T4a,T4a_R,R
143773,T5d,T5d_R,R
143785,T4c,T4c_R,R
143786,T5b,T5b_R,R
143788,T5c,T5c_R,R
143792,T5b,T5b_L,L
143795,T4a,T4a_L,L
143796,T5a,T5a_L,L
143808,T5b,T5b_R,R
143812,T5b,T5b_R,R
143823,T5b,T5b_R,R
143826,T5d,T5d_R,R
143830,T5c,T5c_R,R
143833,T5b,T5b_R,R
143843,T4b,T4b_L,L
143846,T5b,T5b_R,R
143856,T5c,T5c_L,L
143865,T5b,T5b_L,L
143867,T5d,T5d_R,R
143868,T5c,T5c_L,L
143874,T5c,T5c_R,R
143890,T5d,T5d_L,L
143907,T4d,T4d_L,L
143925,T5d,T5d_R,R
143957,T5c,T5c_R,R
143975,T5c,T5c_R,R
143978,T4c,T4c_R,R
143990,T4b,T4b_R,R
143997,T4b,T4b_R,R
143999,T5c,T5c_R,R
144013,T5d,T5d_R,R
144020,T5b,T5b_L,L
144026,T5a,T5a_R,R
144030,T5c,T5c_R,R
144031,T5a,T5a_L,L
144043,T5a,T5a_R,R
144066,T4c,T4c_R,R
144068,T5d,T5d_R,R
144070,T4a,T4a_L,L
144072,T4b,T4b_R,R
144080,T5a,T5a_R,R
144084,T5c,T5c_R,R
144087,T5b,T5b_L,L
144093,T4d,T4d_L,L
144100,T4d,T4d_L,L
144142,T5c,T5c_R,R
144167,T4b,T4b_L,L
144196,T5a,T5a_L,L
144212,T4c,T4c_R,R
144232,T5c,T5c_L,L
144238,T5a,T5a_R,R
144240,T4b,T4b_R,R
144245,T5c,T5c_L,L
144248,T4c,T4c_R,R
144249,T5d,T5d_L,L
144255,T5b,T5b_R,R
144270,T5a,T5a_L,L
144271,T5b,T5b_R,R
144296,T5a,T5a_L,L
144297,T5c,T5c_R,R
144316,T4a,T4a_R,R
144321,T5b,T5b_R,R
144332,T5b,T5b_L,L
144337,T5a,T5a_R,R
144338,T4d,T4d_R,R
144345,T5c,T5c_R,R
144351,T5a,T5a_R,R
144373,T5b,T5b_R,R
144375,T5a,T5a_L,L
144380,T4a,T4a_L,L
144382,T5c,T5c_R,R
144386,T5b,T5b_L,L
144416,T5b,T5b_R,R
144426,T4a,T4a_L,L
144427,T5b,T5b_R,R
144436,T5d,T5d_L,L
144437,T5d,T5d_L,L
144439,T5c,T5c_L,L
144446,T5c,T5c_L,L
144447,T4b,T4b_R,R
144460,T5d,T5d_R,R
144463,T4c,T4c_R,R
144494,T4b,T4b_R,R
144504,T4a,T4a_L,L
144516,T5a,T5a_L,L
144520,T5d,T5d_R,R
144536,T5b,T5b_R,R
144538,T4c,T4c_L,L
144552,T4d,T4d_L,L
144559,T4d,T4d_L,L
144576,T5c,T5c_R,R
144590,T5b,T5b_R,R
144593,T5d,T5d_R,R
144611,T4a,T4a_L,L
144634,T4c,T4c_R,R
144640,T4c,T4c_L,L
144654,T4b,T4b_L,L
144718,T5b,T5b_R,R
144720,T5b,T5b_R,R
144723,T5c,T5c_R,R
144741,T5b,T5b_R,R
144751,T5b,T5b_L,L
144762,T4c,T4c_L,L
144775,T5a,T5a_L,L
144798,T5d,T5d_L,L
144801,T5c,T5c_L,L
144808,T5b,T5b_R,R
144829,T5a,T5a_R,R
144834,T5c,T5c_R,R
144836,T5c,T5c_R,R
144846,T5d,T5d_L,L
144847,T4d,T4d_L,L
144863,T5b,T5b_R,R
144885,T4a,T4a_R,R
144895,T5d,T5d_R,R
144909,T5c,T5c_R,R
144910,T5a,T5a_R,R
144938,T5b,T5b_L,L
144951,T4a,T4a_L,L
144956,T4d,T4d_R,R
144963,T5a,T5a_L,L
144974,T4a,T4a_R,R
144978,T5b,T5b_R,R
144987,T4b,T4b_L,L
145012,T4c,T4c_R,R
145027,T5a,T5a_L,L
145036,T5a,T5a_R,R
145047,T4c,T4c_R,R
145072,T4c,T4c_R,R
145082,T4d,T4d_L,L
145093,T5a,T5a_R,R
145105,T5a,T5a_R,R
145158,T5a,T5a_R,R
145168,T5a,T5a_R,R
145177,T4c,T4c_R,R
145201,T4a,T4a_L,L
145203,T5a,T5a_L,L
145209,T5d,T5d_R,R
145213,T4d,T4d_L,L
145216,T5c,T5c_R,R
145219,T5a,T5a_L,L
145232,T5c,T5c_R,R
145243,T5c,T5c_L,L
145260,T5d,T5d_L,L
145267,T5b,T5b_L,L
145290,T5c,T5c_R,R
145314,T4c,T4c_L,L
145321,T5b,T5b_L,L
145323,T4c,T4c_L,L
145334,T4c,T4c_L,L
145350,T5b,T5b_L,L
145377,T5c,T5c_L,L
145379,T5c,T5c_L,L
145405,T5c,T5c_R,R
145409,T5c,T5c_L,L
145420,T5c,T5c_R,R
145423,T5c,T5c_R,R
145430,T5a,T5a_L,L
145437,T5c,T5c_R,R
145440,T4a,T4a_L,L
145470,T4c,T4c_R,R
145495,T5a,T5a_R,R
145506,T4a,T4a_R,R
145518,T4a,T4a_L,L
145536,T5d,T5d_R,R
145543,T5a,T5a_L,L
145551,T5a,T5a_L,L
145561,T5a,T5a_L,L
145567,T4c,T4c_R,R
145568,T5b,T5b_R,R
145573,T5d,T5d_R,R
145578,T4a,T4a_L,L
145595,T4c,T4c_L,L
145600,T4a,T4a_R,R
145605,T4d,T4d_L,L
145611,T4a,T4a_L,L
145628,T4a,T4a_R,R
145639,T5a,T5a_R,R
145647,T5a,T5a_R,R
145654,T5c,T5c_R,R
145655,T5b,T5b_R,R
145673,T4a,T4a_R,R
145676,T4a,T4a_L,L
145677,T5c,T5c_L,L
145685,T4b,T4b_L,L
145700,T4d,T4d_R,R
145703,T4c,T4c_L,L
145743,T5c,T5c_L,L
145750,T5a,T5a_R,R
145801,T5a,T5a_L,L
145810,T4b,T4b_L,L
145820,T4b,T4b_L,L
145822,T4d,T4d_L,L
145849,T5a,T5a_L,L
145850,T5d,T5d_L,L
145892,T5c,T5c_L,L
145899,T5d,T5d_R,R
145911,T5d,T5d_L,L
145916,T5d,T5d_L,L
145931,T4b,T4b_R,R
145934,T4a,T4a_L,L
145959,T4c,T4c_R,R
146037,T4c,T4c_L,L
146044,T5a,T5a_R,R
146067,T5b,T5b_R,R
146085,T5b,T5b_R,R
146087,T4b,T4b_R,R
146115,T5d,T5d_L,L
146118,T5d,T5d_R,R
146119,T5c,T5c_L,L
146127,T5d,T5d_R,R
146135,T4a,T4a_R,R
146136,T5b,T5b_R,R
146151,T4b,T4b_L,L
146165,T5d,T5d_R,R
146174,T4c,T4c_L,L
146178,T4a,T4a_L,L
146205,T4c,T4c_R,R
146213,T4a,T4a_L,L
146237,T5c,T5c_L,L
146265,T4c,T4c_L,L
146300,T5c,T5c_L,L
146303,T5b,T5b_R,R
146341,T4d,T4d_R,R
146343,T5d,T5d_R,R
146360,T5c,T5c_L,L
146362,T4b,T4b_R,R
146368,T5c,T5c_L,L
146371,T5d,T5d_R,R
146390,T5b,T5b_R,R
146406,T5c,T5c_R,R
146424,T5b,T5b_R,R
146431,T5d,T5d_L,L
146455,T5a,T5a_R,R
146458,T4d,T4d_R,R
146486,T5c,T5c_R,R
146487,T5d,T5d_R,R
146515,T5d,T5d_R,R
146517,T4c,T4c_R,R
146527,T4c,T4c_L,L
146578,T4a,T4a_R,R
146580,T5c,T5c_R,R
146595,T4a,T4a_R,R
146606,T4a,T4a_L,L
146621,T5b,T5b_L,L
146653,T5a,T5a_R,R
146701,T4a,T4a_L,L
146706,T5c,T5c_R,R
146715,T5a,T5a_R,R
146716,T5b,T5b_L,L
146737,T4a,T4a_L,L
146797,T5a,T5a_R,R
146809,T5c,T5c_L,L
146821,T5d,T5d_L,L
146839,T4d,T4d_R,R
146897,T5a,T5a_L,L
146919,T4d,T4d_L,L
146920,T5c,T5c_R,R
146930,T4a,T4a_R,R
146932,T4d,T4d_R,R
146937,T5d,T5d_L,L
146940,T5d,T5d_R,R
146945,T5d,T5d_R,R
146969,T4c,T4c_R,R
146975,T5b,T5b_R,R
146976,T5a,T5a_R,R
146985,T4d,T4d_R,R
146998,T5b,T5b_R,R
147003,T5c,T5c_L,L
147039,T5b,T5b_L,L
147058,T5d,T5d_L,L
147063,T4b,T4b_L,L
147078,T5d,T5d_R,R
147079,T5c,T5c_L,L
147085,T5b,T5b_L,L
147100,T5c,T5c_R,R
147101,T5d,T5d_R,R
147110,T5a,T5a_R,R
147116,T5c,T5c_L,L
147118,T5d,T5d_R,R
147119,T5b,T5b_L,L
147132,T4d,T4d_R,R
147138,T5c,T5c_R,R
147145,T4b,T4b_L,L
147157,T5c,T5c_L,L
147175,T5a,T5a_L,L
147182,T4d,T4d_L,L
147187,T4c,T4c_R,R
147220,T4d,T4d_R,R
147234,T5a,T5a_L,L
147243,T4b,T4b_L,L
147259,T4c,T4c_L,L
147269,T5c,T5c_L,L
147270,T4c,T4c_L,L
147286,T5a,T5a_L,L
147306,T4a,T4a_R,R
147343,T5d,T5d_L,L
147354,T5c,T5c_L,L
147363,T5d,T5d_L,L
147372,T5d,T5d_R,R
147383,T5d,T5d_L,L
147384,T4b,T4b_L,L
147400,T5b,T5b_R,R
147439,T4c,T4c_L,L
147446,T4d,T4d_R,R
147455,T4c,T4c_R,R
147463,T5a,T5a_R,R
147475,T4d,T4d_L,L
147477,T4c,T4c_R,R
147478,T4c,T4c_L,L
147494,T4d,T4d_L,L
147495,T4a,T4a_R,R
147500,T4a,T4a_L,L
147502,T5d,T5d_R,R
147510,T5c,T5c_R,R
147528,T4c,T4c_R,R
147537,T5a,T5a_L,L
147546,T4c,T4c_R,R
147551,T5d,T5d_R,R
147560,T5a,T5a_R,R
147564,T5c,T5c_R,R
147580,T4c,T4c_R,R
147597,T5b,T5b_L,L
147608,T5d,T5d_R,R
147627,T5c,T5c_R,R
147630,T5a,T5a_R,R
147631,T4c,T4c_L,L
147638,T4d,T4d_L,L
147647,T5b,T5b_R,R
147652,T5c,T5c_R,R
147659,T4a,T4a_R,R
147663,T4d,T4d_L,L
147676,T5c,T5c_L,L
147697,T5d,T5d_R,R
147712,T5c,T5c_L,L
147733,T5a,T5a_L,L
147740,T4c,T4c_L,L
147743,T5a,T5a_L,L
147749,T5b,T5b_L,L
147766,T5b,T5b_L,L
147767,T5a,T5a_R,R
147779,T4b,T4b_R,R
147780,T5d,T5d_L,L
147785,T5d,T5d_L,L
147790,T5b,T5b_L,L
147816,T4d,T4d_L,L
147831,T5a,T5a_L,L
147876,T5b,T5b_L,L
147888,T5d,T5d_R,R
147914,T5d,T5d_R,R
147937,T5a,T5a_R,R
147956,T5c,T5c_L,L
147963,T5c,T5c_L,L
147974,T4d,T4d_L,L
148006,T5c,T5c_R,R
148007,T5d,T5d_L,L
148014,T5a,T5a_L,L
148031,T5a,T5a_R,R
148105,T5a,T5a_R,R
148151,T4a,T4a_R,R
148160,T4a,T4a_L,L
148170,T4a,T4a_L,L
148182,T5a,T5a_R,R
148204,T5b,T5b_R,R
148205,T5a,T5a_R,R
148231,T5a,T5a_R,R
148248,T4a,T4a_R,R
148251,T5a,T5a_L,L
148273,T4c,T4c_R,R
148285,T5b,T5b_R,R
148305,T4d,T4d_L,L
148307,T5c,T5c_L,L
148315,T5c,T5c_R,R
148318,T5a,T5a_R,R
148330,T5d,T5d_L,L
148403,T5c,T5c_R,R
148424,T5c,T5c_R,R
148506,T5b,T5b_L,L
148523,T4c,T4c_R,R
148530,T5c,T5c_L,L
148531,T4d,T4d_R,R
148534,T5c,T5c_L,L
148560,T5a,T5a_R,R
148565,T5d,T5d_L,L
148568,T5b,T5b_R,R
148594,T5a,T5a_L,L
148624,T5b,T5b_L,L
148639,T4c,T4c_L,L
148650,T4c,T4c_L,L
148667,T5c,T5c_L,L
148717,T4d,T4d_L,L
148729,T4d,T4d_R,R
148760,T5c,T5c_R,R
148767,T4d,T4d_R,R
148777,T5a,T5a_L,L
148797,T5a,T5a_R,R
148799,T5c,T5c_L,L
148802,T5b,T5b_L,L
148814,T5b,T5b_R,R
148855,T5b,T5b_L,L
148880,T4c,T4c_R,R
148884,T5c,T5c_L,L
148896,T5c,T5c_R,R
148907,T4c,T4c_L,L
148919,T5d,T5d_L,L
148952,T4d,T4d_L,L
148959,T5c,T5c_L,L
148984,T5c,T5c_R,R
148987,T5d,T5d_R,R
149007,T5d,T5d_L,L
149012,T4c,T4c_L,L
149015,T5c,T5c_L,L
149025,T5d,T5d_R,R
149027,T4b,T4b_R,R
149030,T5d,T5d_L,L
149033,T4b,T4b_R,R
149040,T5d,T5d_L,L
149059,T5b,T5b_L,L
149171,T4c,T4c_L,L
149173,T4a,T4a_L,L
149202,T5d,T5d_R,R
149204,T5d,T5d_R,R
149205,T5d,T5d_R,R
149213,T5a,T5a_L,L
149265,T5c,T5c_R,R
149288,T5c,T5c_L,L
149319,T5a,T5a_R,R
149332,T5c,T5c_L,L
149395,T5d,T5d_L,L
149396,T5c,T5c_R,R
149434,T5b,T5b_R,R
149451,T5a,T5a_L,L
149453,T5a,T5a_R,R
149488,T5b,T5b_R,R
149504,T4d,T4d_R,R
149533,T5a,T5a_L,L
149549,T5d,T5d_R,R
149601,T5a,T5a_R,R
149608,T5a,T5a_L,L
149688,T4a,T4a_L,L
149692,T5c,T5c_R,R
149698,T4a,T4a_L,L
149702,T4b,T4b_L,L
149711,T4c,T4c_L,L
149725,T5a,T5a_R,R
149731,T5c,T5c_R,R
149765,T5c,T5c_R,R
149796,T5b,T5b_L,L
149834,T5d,T5d_L,L
149845,T5a,T5a_L,L
149851,T5c,T5c_L,L
149871,T4a,T4a_L,L
149879,T4d,T4d_L,L
149881,T5b,T5b_R,R
149896,T5c,T5c_R,R
149897,T4c,T4c_R,R
149903,T5b,T5b_R,R
149905,T5d,T5d_L,L
149917,T5d,T5d_L,L
149940,T4d,T4d_L,L
149950,T5a,T5a_R,R
149969,T5c,T5c_L,L
149986,T4a,T4a_L,L
149987,T5c,T5c_R,R
149988,T5d,T5d_R,R
150008,T5c,T5c_L,L
150013,T5d,T5d_L,L
150020,T5d,T5d_R,R
150032,T5c,T5c_R,R
150070,T5b,T5b_L,L
150093,T5b,T5b_R,R
150099,T5d,T5d_L,L
150121,T5a,T5a_R,R
150125,T4c,T4c_R,R
150144,T5d,T5d_R,R
150149,T4c,T4c_L,L
150153,T4b,T4b_R,R
150163,T5c,T5c_L,L
150166,T5a,T5a_R,R
150192,T5c,T5c_R,R
150208,T4a,T4a_R,R
150221,T4d,T4d_L,L
150287,T4a,T4a_L,L
150320,T5d,T5d_R,R
150327,T5a,T5a_L,L
150336,T5c,T5c_L,L
150339,T4a,T4a_R,R
150369,T4a,T4a_R,R
150395,T5c,T5c_R,R
150423,T5b,T5b_R,R
150439,T4c,T4c_L,L
150444,T4c,T4c_L,L
150446,T5d,T5d_R,R
150456,T5c,T5c_L,L
150457,T5c,T5c_R,R
150461,T5d,T5d_L,L
150467,T4b,T4b_R,R
150509,T5d,T5d_R,R
150512,T5d,T5d_R,R
150522,T5c,T5c_R,R
150525,T4c,T4c_R,R
150589,T5d,T5d_R,R
150592,T4a,T4a_L,L
150602,T5d,T5d_R,R
150651,T5c,T5c_R,R
150662,T5d,T5d_R,R
150684,T5b,T5b_L,L
150686,T4d,T4d_R,R
150688,T4c,T4c_L,L
150722,T4c,T4c_R,R
150754,T5a,T5a_L,L
150776,T5b,T5b_L,L
150784,T4d,T4d_L,L
150796,T5a,T5a_L,L
150803,T5d,T5d_L,L
150815,T5b,T5b_R,R
150829,T5a,T5a_L,L
150830,T5d,T5d_R,R
150842,T5a,T5a_L,L
150844,T5d,T5d_R,R
150851,T4d,T4d_R,R
150853,T5b,T5b_R,R
150873,T5a,T5a_R,R
150880,T5a,T5a_R,R
150887,T4a,T4a_L,L
150904,T4a,T4a_L,L
150907,T4a,T4a_R,R
150912,T4c,T4c_L,L
150928,T5a,T5a_L,L
150941,T4b,T4b_L,L
150955,T5b,T5b_R,R
150964,T4c,T4c_R,R
150981,T5b,T5b_L,L
150984,T4d,T4d_L,L
151007,T5c,T5c_R,R
151008,T4c,T4c_L,L
151039,T5c,T5c_R,R
151072,T5b,T5b_R,R
151079,T4c,T4c_L,L
151121,T5c,T5c_L,L
151155,T4b,T4b_R,R
151207,T5c,T5c_R,R
151248,T5d,T5d_R,R
151270,T5c,T5c_R,R
151278,T4b,T4b_L,L
151285,T4c,T4c_L,L
151299,T4b,T4b_L,L
151302,T4a,T4a_R,R
151319,T5d,T5d_L,L
151349,T5a,T5a_R,R
151358,T5d,T5d_R,R
151363,T5a,T5a_R,R
151364,T4b,T4b_R,R
151385,T5b,T5b_L,L
151387,T5c,T5c_R,R
151392,T5b,T5b_R,R
151401,T5b,T5b_R,R
151414,T5c,T5c_R,R
151422,T5a,T5a_L,L
151451,T5b,T5b_R,R
151476,T5b,T5b_R,R
151508,T5d,T5d_R,R
151600,T4c,T4c_R,R
151606,T5b,T5b_R,R
151608,T5b,T5b_R,R
151609,T5a,T5a_L,L
151612,T4b,T4b_R,R
151625,T5c,T5c_L,L
151640,T4d,T4d_L,L
151642,T5a,T5a_R,R
151695,T5c,T5c_R,R
151697,T4d,T4d_L,L
151702,T5b,T5b_L,L
151719,T5c,T5c_R,R
151723,T4a,T4a_R,R
151742,T4b,T4b_L,L
151791,T5b,T5b_L,L
151798,T5d,T5d_L,L
151808,T5b,T5b_L,L
151809,T5d,T5d_R,R
151835,T5a,T5a_R,R
151836,T4b,T4b_L,L
151842,T4a,T4a_L,L
151858,T4c,T4c_R,R
151876,T5d,T5d_L,L
151914,T5c,T5c_R,R
151923,T4c,T4c_R,R
151937,T5d,T5d_R,R
151961,T5a,T5a_L,L
151997,T4a,T4a_R,R
152077,T5a,T5a_R,R
152112,T5d,T5d_R,R
152123,T5d,T5d_L,L
152131,T5b,T5b_L,L
152135,T4c,T4c_L,L
152143,T5d,T5d_L,L
152168,T5a,T5a_R,R
152191,T4c,T4c_R,R
152197,T5b,T5b_L,L
152206,T5b,T5b_L,L
152212,T4a,T4a_R,R
152222,T5a,T5a_L,L
152230,T5b,T5b_R,R
152231,T4c,T4c_R,R
152264,T4c,T4c_R,R
152271,T5a,T5a_R,R
152299,T5b,T5b_L,L
152306,T5d,T5d_L,L
152310,T5a,T5a_R,R
152318,T4d,T4d_L,L
152325,T4c,T4c_L,L
152330,T5d,T5d_R,R
152343,T5d,T5d_R,R
152347,T4c,T4c_L,L
152371,T5c,T5c_R,R
152386,T5a,T5a_R,R
152397,T5b,T5b_R,R
152399,T5c,T5c_R,R
152413,T4d,T4d_R,R
152417,T4d,T4d_L,L
152453,T5a,T5a_R,R
152465,T4d,T4d_R,R
152469,T4c,T4c_L,L
152495,T5b,T5b_L,L
152499,T4b,T4b_L,L
152535,T5d,T5d_R,R
152536,T5c,T5c_R,R
152568,T5b,T5b_R,R
152569,T5b,T5b_L,L
152580,T5a,T5a_L,L
152605,T4d,T4d_R,R
152607,T4d,T4d_R,R
152624,T5d,T5d_R,R
152659,T4b,T4b_L,L
152697,T5d,T5d_L,L
152708,T4d,T4d_L,L
152741,T4c,T4c_R,R
152768,T5d,T5d_L,L
152777,T5a,T5a_L,L
152798,T5c,T5c_R,R
152920,T4c,T4c_R,R
152945,T5c,T5c_R,R
152947,T5c,T5c_L,L
152957,T5b,T5b_L,L
153003,T5c,T5c_R,R
153007,T5c,T5c_R,R
153036,T4d,T4d_R,R
153049,T5d,T5d_R,R
153058,T5b,T5b_L,L
153072,T4b,T4b_R,R
153094,T4b,T4b_L,L
153117,T5b,T5b_R,R
153119,T5a,T5a_R,R
153126,T4d,T4d_L,L
153149,T5a,T5a_R,R
153153,T5a,T5a_R,R
153186,T5d,T5d_L,L
153220,T5a,T5a_R,R
153226,T5b,T5b_R,R
153261,T4b,T4b_L,L
153275,T5b,T5b_L,L
153287,T5c,T5c_R,R
153288,T5d,T5d_R,R
153300,T5d,T5d_L,L
153349,T5d,T5d_R,R
153354,T4d,T4d_R,R
153389,T5b,T5b_R,R
153461,T5a,T5a_R,R
153467,T4c,T4c_L,L
153468,T5c,T5c_L,L
153473,T4b,T4b_R,R
153493,T5a,T5a_R,R
153494,T4a,T4a_R,R
153556,T4c,T4c_L,L
153604,T4b,T4b_L,L
153605,T5d,T5d_R,R
153622,T5a,T5a_R,R
153656,T5b,T5b_L,L
153664,T5c,T5c_R,R
153704,T4a,T4a_L,L
153717,T5c,T5c_L,L
153747,T4b,T4b_R,R
153799,T5b,T5b_L,L
153810,T5c,T5c_R,R
153812,T5d,T5d_R,R
153837,T4c,T4c_L,L
153887,T5b,T5b_L,L
153892,T5c,T5c_R,R
153967,T5a,T5a_R,R
153970,T5a,T5a_L,L
153985,T5b,T5b_L,L
153991,T5a,T5a_R,R
153992,T5d,T5d_L,L
154018,T5b,T5b_R,R
154064,T4a,T4a_R,R
154065,T5a,T5a_R,R
154073,T5c,T5c_R,R
154081,T5b,T5b_R,R
154088,T5c,T5c_L,L
154159,T4d,T4d_R,R
154162,T5d,T5d_L,L
154219,T5a,T5a_R,R
154249,T4c,T4c_L,L
154281,T4c,T4c_R,R
154298,T5d,T5d_L,L
154313,T5a,T5a_R,R
154323,T5b,T5b_L,L
154324,T4c,T4c_L,L
154334,T5a,T5a_L,L
154354,T5b,T5b_R,R
154377,T5d,T5d_R,R
154385,T5d,T5d_L,L
154404,T4d,T4d_L,L
154419,T4c,T4c_L,L
154425,T5a,T5a_L,L
154430,T5a,T5a_R,R
154451,T5a,T5a_R,R
154462,T4d,T4d_L,L
154482,T5d,T5d_R,R
154511,T5c,T5c_R,R
154527,T4a,T4a_R,R
154543,T5c,T5c_L,L
154548,T4b,T4b_L,L
154556,T4d,T4d_L,L
154583,T4c,T4c_L,L
154585,T4b,T4b_L,L
154592,T4d,T4d_L,L
154620,T5a,T5a_L,L
154624,T5d,T5d_R,R
154626,T4c,T4c_L,L
154637,T4a,T4a_L,L
154639,T5b,T5b_L,L
154653,T5b,T5b_L,L
154654,T4a,T4a_L,L
154656,T4a,T4a_L,L
154667,T4a,T4a_R,R
154676,T5b,T5b_R,R
154713,T4a,T4a_L,L
154757,T4c,T4c_L,L
154760,T4b,T4b_L,L
154767,T4b,T4b_L,L
154808,T4b,T4b_L,L
154836,T5c,T5c_L,L
154843,T4a,T4a_R,R
154847,T5c,T5c_L,L
154864,T5d,T5d_L,L
154877,T5d,T5d_L,L
154888,T5c,T5c_R,R
154928,T5b,T5b_L,L
154935,T4c,T4c_L,L
154939,T5a,T5a_R,R
154962,T5a,T5a_R,R
155052,T5d,T5d_L,L
155072,T5b,T5b_R,R
155124,T5c,T5c_L,L
155134,T4d,T4d_L,L
155135,T5b,T5b_L,L
155198,T5d,T5d_R,R
155231,T5d,T5d_R,R
155235,T5b,T5b_R,R
155245,T4d,T4d_R,R
155264,T5d,T5d_L,L
155290,T5b,T5b_L,L
155306,T4c,T4c_R,R
155313,T5c,T5c_R,R
155339,T4d,T4d_L,L
155386,T5a,T5a_R,R
155404,T5c,T5c_R,R
155424,T5c,T5c_R,R
155494,T5d,T5d_R,R
155495,T5a,T5a_L,L
155534,T5a,T5a_R,R
155544,T4b,T4b_R,R
155592,T5c,T5c_L,L
155621,T5c,T5c_R,R
155624,T5d,T5d_L,L
155631,T5c,T5c_R,R
155651,T5d,T5d_R,R
155658,T4d,T4d_R,R
155662,T5a,T5a_L,L
155665,T5a,T5a_R,R
155718,T5a,T5a_R,R
155728,T5c,T5c_R,R
155729,T5b,T5b_L,L
155748,T4b,T4b_L,L
155754,T5c,T5c_L,L
155800,T4c,T4c_L,L
155816,T4c,T4c_R,R
155819,T5b,T5b_L,L
155822,T5a,T5a_R,R
155827,T5b,T5b_R,R
155832,T5b,T5b_L,L
155856,T4c,T4c_L,L
155870,T4d,T4d_L,L
155880,T5b,T5b_L,L
155895,T5a,T5a_R,R
155908,T4d,T4d_L,L
155967,T4a,T4a_R,R
155984,T4a,T4a_L,L
156009,T5d,T5d_L,L
156013,T4d,T4d_L,L
156065,T5a,T5a_L,L
156078,T4a,T4a_L,L
156149,T5b,T5b_R,R
156156,T4a,T4a_L,L
156177,T5a,T5a_R,R
156196,T5a,T5a_R,R
156202,T4a,T4a_R,R
156215,T4c,T4c_L,L
156217,T4d,T4d_L,L
156224,T5b,T5b_R,R
156239,T4d,T4d_L,L
156240,T4c,T4c_R,R
156310,T5c,T5c_R,R
156321,T5b,T5b_R,R
156331,T5c,T5c_R,R
156333,T5c,T5c_R,R
156337,T4d,T4d_L,L
156418,T5b,T5b_L,L
156421,T4a,T4a_L,L
156442,T5a,T5a_R,R
156497,T5b,T5b_R,R
156519,T5a,T5a_R,R
156521,T5d,T5d_R,R
156563,T5b,T5b_R,R
156576,T4d,T4d_R,R
156597,T5a,T5a_R,R
156601,T5a,T5a_L,L
156610,T5b,T5b_L,L
156660,T4c,T4c_R,R
156684,T5b,T5b_R,R
156691,T5a,T5a_R,R
156698,T5a,T5a_L,L
156790,T4b,T4b_L,L
156841,T4c,T4c_R,R
156882,T4c,T4c_L,L
156886,T5a,T5a_R,R
156898,T5b,T5b_R,R
156909,T5a,T5a_R,R
156950,T5c,T5c_L,L
156968,T5b,T5b_R,R
157000,T5a,T5a_L,L
157011,T5c,T5c_L,L
157031,T5a,T5a_R,R
157081,T5a,T5a_R,R
157121,T5d,T5d_L,L
157151,T5a,T5a_L,L
157158,T4d,T4d_L,L
157187,T5a,T5a_L,L
157268,T5d,T5d_L,L
157366,T4d,T4d_R,R
157390,T4b,T4b_L,L
157415,T5c,T5c_L,L
157452,T5d,T5d_R,R
157470,T5a,T5a_R,R
157499,T4a,T4a_L,L
157543,T5d,T5d_L,L
157544,T4d,T4d_L,L
157546,T5b,T5b_L,L
157581,T5b,T5b_R,R
157645,T5d,T5d_R,R
157730,T5a,T5a_R,R
157745,T4d,T4d_L,L
157769,T5c,T5c_R,R
157795,T4a,T4a_L,L
157808,T5c,T5c_L,L
157840,T5d,T5d_R,R
157861,T4c,T4c_L,L
157878,T4a,T4a_R,R
157885,T4a,T4a_R,R
157954,T4c,T4c_R,R
157956,T5a,T5a_R,R
157994,T5d,T5d_L,L
158000,T4b,T4b_L,L
158005,T5d,T5d_L,L
158010,T5d,T5d_L,L
158013,T5d,T5d_R,R
158044,T4b,T4b_L,L
158056,T5d,T5d_L,L
158060,T5b,T5b_R,R
158074,T5c,T5c_L,L
158076,T4b,T4b_L,L
158139,T5c,T5c_R,R
158151,T4a,T4a_L,L
158154,T4b,T4b_L,L
158177,T5a,T5a_L,L
158187,T4c,T4c_L,L
158209,T5d,T5d_L,L
158229,T5c,T5c_R,R
158271,T5c,T5c_R,R
158301,T5d,T5d_R,R
158356,T4d,T4d_L,L
158373,T5c,T5c_R,R
158377,T5b,T5b_L,L
158408,T4b,T4b_R,R
158439,T5a,T5a_L,L
158455,T5d,T5d_L,L
158496,T5c,T5c_R,R
158530,T5a,T5a_L,L
158560,T4d,T4d_L,L
158594,T5a,T5a_L,L
158602,T4a,T4a_R,R
158640,T4a,T4a_L,L
158688,T4d,T4d_L,L
158697,T4b,T4b_R,R
158711,T5c,T5c_R,R
158741,T5a,T5a_R,R
158777,T5d,T5d_R,R
158795,T5b,T5b_R,R
158824,T5b,T5b_R,R
158874,T4c,T4c_L,L
158895,T4a,T4a_L,L
158899,T5b,T5b_L,L
158901,T5d,T5d_R,R
158951,T5a,T5a_R,R
158983,T5a,T5a_R,R
159009,T4d,T4d_L,L
159015,T5a,T5a_R,R
159060,T5c,T5c_R,R
159143,T5d,T5d_L,L
159144,T4a,T4a_L,L
159209,T5b,T5b_R,R
159268,T4b,T4b_L,L
159321,T4c,T4c_L,L
159359,T5d,T5d_R,R
159372,T5b,T5b_L,L
159375,T5d,T5d_L,L
159385,T5a,T5a_L,L
159422,T4c,T4c_L,L
159441,T5b,T5b_R,R
159508,T4c,T4c_L,L
159544,T4c,T4c_R,R
159556,T5d,T5d_R,R
159600,T4b,T4b_L,L
159609,T4a,T4a_L,L
159656,T4a,T4a_R,R
159658,T5d,T5d_L,L
159718,T5a,T5a_R,R
159726,T4b,T4b_L,L
159763,T5d,T5d_R,R
159864,T5d,T5d_L,L
159880,T5a,T5a_R,R
159913,T5b,T5b_L,L
159954,T5a,T5a_L,L
159990,T4d,T4d_L,L
160017,T4a,T4a_L,L
160036,T5a,T5a_R,R
160115,T5c,T5c_R,R
160157,T5c,T5c_L,L
160169,T5b,T5b_R,R
160198,T4c,T4c_L,L
160215,T4d,T4d_L,L
160339,T5c,T5c_R,R
160389,T4c,T4c_L,L
160397,T5c,T5c_L,L
160495,T5a,T5a_L,L
160551,T5d,T5d_L,L
160554,T4a,T4a_L,L
160559,T5c,T5c_R,R
160570,T5d,T5d_R,R
160583,T5a,T5a_R,R
160606,T5c,T5c_R,R
160624,T4a,T4a_R,R
160725,T5c,T5c_R,R
160727,T5d,T5d_R,R
160776,T5b,T5b_L,L
160790,T5d,T5d_R,R
160811,T4c,T4c_L,L
160890,T4a,T4a_L,L
160899,T5c,T5c_L,L
160904,T5c,T5c_L,L
160937,T5d,T5d_R,R
161063,T5b,T5b_L,L
161069,T5d,T5d_R,R
161076,T5a,T5a_R,R
161087,T4b,T4b_L,L
161160,T4a,T4a_L,L
161182,T5d,T5d_L,L
161199,T4c,T4c_R,R
161201,T5c,T5c_R,R
161264,T4c,T4c_L,L
161317,T5a,T5a_L,L
161349,T4c,T4c_L,L
161350,T5a,T5a_L,L
161352,T5c,T5c_L,L
161397,T5c,T5c_L,L
161401,T5c,T5c_L,L
161411,T4c,T4c_L,L
161524,T4d,T4d_R,R
161598,T4a,T4a_L,L
161651,T5c,T5c_R,R
161703,T5a,T5a_L,L
161828,T5b,T5b_R,R
161887,T4b,T4b_L,L
161918,T4b,T4b_L,L
161957,T4c,T4c_R,R
162136,LC11,LC11_L,L
162180,T5c,T5c_R,R
162186,T4a,T4a_L,L
162197,T4c,T4c_R,R
162213,T5c,T5c_R,R
162252,T4b,T4b_L,L
162253,T4a,T4a_L,L
162268,T4b,T4b_L,L
162279,T5a,T5a_R,R
162289,T5a,T5a_L,L
162297,T5d,T5d_L,L
162331,T4a,T4a_R,R
162397,T5a,T5a_R,R
162515,T5a,T5a_L,L
162553,T4a,T4a_L,L
162597,T5a,T5a_R,R
162609,T4a,T4a_L,L
162634,T5d,T5d_L,L
162672,T5d,T5d_R,R
162737,T4b,T4b_L,L
162743,T4b,T4b_L,L
162754,T5b,T5b_L,L
162760,T4a,T4a_L,L
162794,T4b,T4b_L,L
162808,T4b,T4b_R,R
162922,T4c,T4c_L,L
162968,T4b,T4b_L,L
162990,T5a,T5a_L,L
163014,T4a,T4a_L,L
163018,T5b,T5b_R,R
163055,T4a,T4a_L,L
163178,T5b,T5b_R,R
163193,T5a,T5a_L,L
163231,T5a,T5a_L,L
163245,T4d,T4d_R,R
163356,T5b,T5b_L,L
163359,T4c,T4c_L,L
163397,T5a,T5a_L,L
163442,T5b,T5b_R,R
163457,T5a,T5a_R,R
163464,T5c,T5c_R,R
163474,T5c,T5c_L,L
163479,T4c,T4c_L,L
163501,T5b,T5b_L,L
163510,T5c,T5c_L,L
163548,T5d,T5d_R,R
163551,T5c,T5c_R,R
163691,T5b,T5b_L,L
163736,T4a,T4a_L,L
163789,T5b,T5b_R,R
163871,T5d,T5d_R,R
163878,T5c,T5c_R,R
163913,T5c,T5c_L,L
163928,T5c,T5c_R,R
163944,T5d,T5d_L,L
163946,T5d,T5d_R,R
163955,T4a,T4a_L,L
164034,T4c,T4c_L,L
164044,T4a,T4a_L,L
164049,T5c,T5c_R,R
164058,T5a,T5a_R,R
164064,T4c,T4c_L,L
164082,T4a,T4a_R,R
164129,T5a,T5a_L,L
164146,T5b,T5b_L,L
164251,T5d,T5d_L,L
164320,T5d,T5d_R,R
164415,T5a,T5a_L,L
164446,T4a,T4a_L,L
164461,T5c,T5c_R,R
164464,T5c,T5c_L,L
164502,T4d,T4d_L,L
164523,T5c,T5c_L,L
164586,T5b,T5b_L,L
164623,T5a,T5a_R,R
164726,T5d,T5d_R,R
164781,T5b,T5b_R,R
164804,T5b,T5b_R,R
164846,T5b,T5b_R,R
164893,T5a,T5a_L,L
164912,T4b,T4b_L,L
164925,T5c,T5c_R,R
164991,T5d,T5d_L,L
165058,T4a,T4a_L,L
165071,T5a,T5a_R,R
165090,T5d,T5d_L,L
165111,T4d,T4d_R,R
165171,T4d,T4d_L,L
165213,T4d,T4d_L,L
165219,T5c,T5c_R,R
165262,T4d,T4d_L,L
165271,T4d,T4d_L,L
165303,T5d,T5d_R,R
165321,T5a,T5a_R,R
165358,T4b,T4b_L,L
165464,T4a,T4a_L,L
165499,T5b,T5b_L,L
165543,T4b,T4b_R,R
165635,T4b,T4b_L,L
165645,T5c,T5c_R,R
165656,T5b,T5b_L,L
165665,T4a,T4a_L,L
165707,T5d,T5d_R,R
165741,T4a,T4a_L,L
165824,T5a,T5a_L,L
165844,T5a,T5a_L,L
165872,T5a,T5a_L,L
165906,T4b,T4b_L,L
165918,T5d,T5d_R,R
165934,T5d,T5d_R,R
165999,T5a,T5a_R,R
166017,T5b,T5b_R,R
166048,T5c,T5c_L,L
166050,T5d,T5d_L,L
166060,T5c,T5c_R,R
166068,T5b,T5b_R,R
166080,T4d,T4d_L,L
166086,T5b,T5b_L,L
166088,T5d,T5d_L,L
166105,T5d,T5d_L,L
166164,T4a,T4a_L,L
166177,T5c,T5c_L,L
166232,T5c,T5c_R,R
166312,T4c,T4c_L,L
166329,T5a,T5a_R,R
166343,T4b,T4b_L,L
166441,T5c,T5c_R,R
166459,T5d,T5d_L,L
166486,T4d,T4d_L,L
166639,T5c,T5c_R,R
166689,T4d,T4d_L,L
166703,T4a,T4a_L,L
166726,T4c,T4c_L,L
166766,T5c,T5c_L,L
166785,T5d,T5d_L,L
166793,T5b,T5b_R,R
166812,T5d,T5d_L,L
166814,T5d,T5d_R,R
166875,T4d,T4d_L,L
166901,T4d,T4d_L,L
167003,T4d,T4d_R,R
167041,T5b,T5b_L,L
167068,T5c,T5c_R,R
167080,T5a,T5a_R,R
167190,T5a,T5a_L,L
167333,T4b,T4b_L,L
167337,T5b,T5b_R,R
167341,T5b,T5b_L,L
167354,T4b,T4b_L,L
167385,T4b,T4b_L,L
167417,T5d,T5d_R,R
167510,T4c,T4c_L,L
167516,T4b,T4b_L,L
167544,T5c,T5c_L,L
167551,T5d,T5d_R,R
167582,T4d,T4d_L,L
167589,T5d,T5d_R,R
167605,T4b,T4b_L,L
167624,T5c,T5c_R,R
167659,T5a,T5a_L,L
167676,T4c,T4c_L,L
167864,T5c,T5c_L,L
167896,T5d,T5d_R,R
167906,T5d,T5d_R,R
168002,T5d,T5d_L,L
168114,T4a,T4a_L,L
168115,T5c,T5c_R,R
168159,T4b,T4b_L,L
168200,T4c,T4c_L,L
168227,T4b,T4b_R,R
168302,T5c,T5c_L,L
168340,T4c,T4c_L,L
168396,T5c,T5c_L,L
168413,T4a,T4a_L,L
168491,T4c,T4c_L,L
168546,T5d,T5d_L,L
168553,T5d,T5d_L,L
168723,T5a,T5a_L,L
168726,T5d,T5d_L,L
168871,T5d,T5d_L,L
168937,T4b,T4b_L,L
168944,T5c,T5c_R,R
168966,T4c,T4c_R,R
169025,T4b,T4b_L,L
169038,T4a,T4a_L,L
169093,T4c,T4c_L,L
169114,T5a,T5a_R,R
169125,T4b,T4b_L,L
169132,T5b,T5b_R,R
169172,T4d,T4d_L,L
169274,T4c,T4c_L,L
169320,T4d,T4d_L,L
169396,T5c,T5c_L,L
169418,T4b,T4b_L,L
169511,T5c,T5c_L,L
169534,T5a,T5a_L,L
169544,T5c,T5c_L,L
169548,T4b,T4b_L,L
169581,T5c,T5c_L,L
169621,T5d,T5d_L,L
169710,T5d,T5d_L,L
169842,T5a,T5a_R,R
169849,T4b,T4b_L,L
169852,T5c,T5c_L,L
169957,T4b,T4b_L,L
170007,T5c,T5c_R,R
170023,T5a,T5a_L,L
170024,T4b,T4b_L,L
170060,T4d,T4d_L,L
170071,T5a,T5a_L,L
170081,T5b,T5b_R,R
170148,T4c,T4c_L,L
170285,T5c,T5c_L,L
170286,T4b,T4b_L,L
170298,T4b,T4b_L,L
170346,T5c,T5c_L,L
170360,T4d,T4d_L,L
170376,T5c,T5c_L,L
170383,T5c,T5c_L,L
170490,T5c,T5c_L,L
170507,T5b,T5b_R,R
170515,T4b,T4b_L,L
170553,T4c,T4c_R,R
170595,T5b,T5b_L,L
170601,T4c,T4c_R,R
170812,T4d,T4d_L,L
170912,T5a,T5a_L,L
170915,T4d,T4d_L,L
170923,T5b,T5b_L,L
170934,T4b,T4b_L,L
170962,T4a,T4a_L,L
170987,T4a,T4a_L,L
171016,T4d,T4d_L,L
171052,T4c,T4c_L,L
171245,T4d,T4d_L,L
171276,T5b,T5b_L,L
171284,T5b,T5b_L,L
171291,T4b,T4b_L,L
171310,T5a,T5a_L,L
171312,T4b,T4b_L,L
171406,T5d,T5d_R,R
171442,T4a,T4a_L,L
171497,T5a,T5a_L,L
171500,T4b,T4b_L,L
171506,T4c,T4c_R,R
171533,T5c,T5c_L,L
171536,T4a,T4a_L,L
171567,T5a,T5a_L,L
171633,T5d,T5d_L,L
171719,T4b,T4b_L,L
171731,T4d,T4d_L,L
171737,T4d,T4d_L,L
171784,T4d,T4d_L,L
171822,T5d,T5d_L,L
171829,T5c,T5c_L,L
171834,T4c,T4c_R,R
171871,T4c,T4c_L,L
171998,T5c,T5c_L,L
172002,T5a,T5a_L,L
172004,T4d,T4d_L,L
172053,T4b,T4b_R,R
172056,T5c,T5c_L,L
172111,T4c,T4c_L,L
172125,T5b,T5b_R,R
172195,T4a,T4a_L,L
172229,T4a,T4a_L,L
172328,T5d,T5d_L,L
172333,T4b,T4b_L,L
172350,T4c,T4c_L,L
172353,T4a,T4a_R,R
172377,T5b,T5b_R,R
172416,T5d,T5d_L,L
172475,T5c,T5c_R,R
172484,T5d,T5d_L,L
172551,T5a,T5a_L,L
172559,T4c,T4c_L,L
172564,T5b,T5b_L,L
172633,T5a,T5a_L,L
172646,T4c,T4c_L,L
172687,T4a,T4a_L,L
172690,T5a,T5a_L,L
172714,T4c,T4c_L,L
172994,T5c,T5c_L,L
173000,T4c,T4c_L,L
173066,T4a,T4a_L,L
173192,T5b,T5b_R,R
173305,T5d,T5d_L,L
173321,T5b,T5b_L,L
173397,T4c,T4c_L,L
173496,T4a,T4a_L,L
173695,T4c,T4c_L,L
173698,T5d,T5d_R,R
173720,T5d,T5d_L,L
173772,T5d,T5d_L,L
173796,T5c,T5c_L,L
173855,T4d,T4d_L,L
173860,T5b,T5b_L,L
174033,T4d,T4d_L,L
174079,T5b,T5b_R,R
174086,T4c,T4c_L,L
174107,T4c,T4c_L,L
174164,T4d,T4d_L,L
174221,T5c,T5c_L,L
174356,T4a,T4a_L,L
174368,T4c,T4c_L,L
174386,T5d,T5d_L,L
174402,T4d,T4d_L,L
174425,T5b,T5b_L,L
174434,T5b,T5b_L,L
174454,T4c,T4c_L,L
174476,T4d,T4d_L,L
174501,T5d,T5d_L,L
174704,T5d,T5d_R,R
174866,T4c,T4c_L,L
174907,T5c,T5c_L,L
174932,T5d,T5d_L,L
174973,T5b,T5b_L,L
174976,T5c,T5c_R,R
175244,T5a,T5a_R,R
175283,T4a,T4a_L,L
175285,T4a,T4a_L,L
175288,T5b,T5b_L,L
175326,T4a,T4a_L,L
175472,T5c,T5c_L,L
175574,T4c,T4c_L,L
175660,T5b,T5b_R,R
175667,T5b,T5b_R,R
176012,T5c,T5c_R,R
176037,T5b,T5b_L,L
176081,T4c,T4c_L,L
176100,T5c,T5c_L,L
176125,T4b,T4b_L,L
176128,T5b,T5b_L,L
176144,T5b,T5b_L,L
176146,T5b,T5b_R,R
176160,T4d,T4d_L,L
176230,T5d,T5d_L,L
176280,T4a,T4a_L,L
176330,T4d,T4d_L,L
176461,T4b,T4b_L,L
176579,T4a,T4a_L,L
176622,T4d,T4d_R,R
176711,T4b,T4b_L,L
176724,T4c,T4c_R,R
176787,T5b,T5b_L,L
176809,T4b,T4b_L,L
177017,T5c,T5c_L,L
177026,T5d,T5d_L,L
177192,T5b,T5b_L,L
177347,T5c,T5c_L,L
177358,T5b,T5b_L,L
177360,T5a,T5a_R,R
177497,T4b,T4b_L,L
177636,T5d,T5d_L,L
177707,T5d,T5d_L,L
177723,T4b,T4b_L,L
177789,T4d,T4d_L,L
177844,T5b,T5b_R,R
178005,T4d,T4d_L,L
178061,T5c,T5c_L,L
178100,T5c,T5c_L,L
178137,T5b,T5b_L,L
178161,T5a,T5a_L,L
178198,T4b,T4b_L,L
178508,T5c,T5c_L,L
178684,T4c,T4c_L,L
178896,T4b,T4b_L,L
178922,T5d,T5d_R,R
179055,T5b,T5b_L,L
179107,T4a,T4a_R,R
179164,T4a,T4a_L,L
179222,T4c,T4c_L,L
179283,T4a,T4a_R,R
179286,T5c,T5c_L,L
179342,T5b,T5b_L,L
179392,T5d,T5d_R,R
179424,T5a,T5a_L,L
179499,T4d,T4d_L,L
179563,T5b,T5b_L,L
179645,T4b,T4b_L,L
179663,T4d,T4d_L,L
179772,T5a,T5a_L,L
179781,T5d,T5d_L,L
179793,T4b,T4b_L,L
179852,T5b,T5b_L,L
180145,T5b,T5b_L,L
180198,T5a,T5a_L,L
180251,T4b,T4b_L,L
180276,T5d,T5d_L,L
180358,T5b,T5b_L,L
180383,T4d,T4d_L,L
180517,T5c,T5c_L,L
180567,T4d,T4d_L,L
180602,T5a,T5a_L,L
180832,T4d,T4d_L,L
180844,T5c,T5c_L,L
180924,T5d,T5d_L,L
180988,T4d,T4d_L,L
180992,T5a,T5a_L,L
181081,T5b,T5b_L,L
181196,T5b,T5b_L,L
181256,T5d,T5d_L,L
181288,T5b,T5b_L,L
181317,T5b,T5b_L,L
181320,T4d,T4d_L,L
181343,T5d,T5d_L,L
181461,T5c,T5c_L,L
181579,T5c,T5c_L,L
181615,T5d,T5d_L,L
181660,T5c,T5c_L,L
181677,T5c,T5c_R,R
181830,T4c,T4c_L,L
181879,T5c,T5c_L,L
181922,T4d,T4d_L,L
181964,T4d,T4d_L,L
182035,T4d,T4d_L,L
182047,T5d,T5d_L,L
182112,T4c,T4c_R,R
182188,T5c,T5c_L,L
182201,T5a,T5a_L,L
182256,T4c,T4c_L,L
182265,T4a,T4a_L,L
182472,T4d,T4d_L,L
182491,T4c,T4c_L,L
182512,T4d,T4d_L,L
182586,T4c,T4c_R,R
182587,T5a,T5a_L,L
182634,T5b,T5b_R,R
182664,T5d,T5d_L,L
182732,T4a,T4a_L,L
182815,T5d,T5d_L,L
182842,T5c,T5c_L,L
182866,T4d,T4d_L,L
182999,T5c,T5c_L,L
183154,T5a,T5a_L,L
183340,T4b,T4b_L,L
183352,T4a,T4a_L,L
183676,T5a,T5a_L,L
183721,T5d,T5d_L,L
183743,T5d,T5d_L,L
183751,T5c,T5c_L,L
183759,T4d,T4d_R,R
183945,T5c,T5c_L,L
184116,T4a,T4a_L,L
184215,T5a,T5a_L,L
184284,T5d,T5d_L,L
184408,T4d,T4d_L,L
184427,T4d,T4d_L,L
184457,T5b,T5b_L,L
184462,T5a,T5a_L,L
184600,T4c,T4c_L,L
184664,T5d,T5d_L,L
184698,T4c,T4c_R,R
184703,T5a,T5a_L,L
184751,T4d,T4d_L,L
184765,T5b,T5b_R,R
184768,T5a,T5a_L,L
184861,T4d,T4d_L,L
184908,T5d,T5d_L,L
185021,T5c,T5c_L,L
185022,T5b,T5b_L,L
185077,T4d,T4d_L,L
185124,T4d,T4d_L,L
185275,T5c,T5c_L,L
185350,T4d,T4d_L,L
185505,T5d,T5d_L,L
185532,T5c,T5c_L,L
185580,T5b,T5b_R,R
185678,T4c,T4c_L,L
185696,T5a,T5a_L,L
185877,T5d,T5d_L,L
185946,T4c,T4c_L,L
185980,T5b,T5b_R,R
185995,T4d,T4d_L,L
186025,T5b,T5b_L,L
186215,T4b,T4b_L,L
186250,T4d,T4d_L,L
186281,T5a,T5a_L,L
186373,T5d,T5d_L,L
186407,T5d,T5d_L,L
186551,T5c,T5c_L,L
186623,T5a,T5a_L,L
186732,T5d,T5d_L,L
186810,T5b,T5b_L,L
186839,T4b,T4b_R,R
186862,T5d,T5d_L,L
186958,T4c,T4c_L,L
186976,T5c,T5c_L,L
187049,T4b,T4b_L,L
187065,T5b,T5b_L,L
187068,T5a,T5a_L,L
187137,T5d,T5d_L,L
187147,T4d,T4d_L,L
187151,T5d,T5d_R,R
187155,T5d,T5d_L,L
187287,T5d,T5d_L,L
187352,T5a,T5a_L,L
187488,T5a,T5a_L,L
187522,T5c,T5c_L,L
187527,T5d,T5d_L,L
187704,T5c,T5c_L,L
187755,T5b,T5b_L,L
187759,T4b,T4b_L,L
187764,T5b,T5b_L,L
187774,T5c,T5c_L,L
187800,T5b,T5b_L,L
187932,T5d,T5d_L,L
187959,T4d,T4d_L,L
187964,T4d,T4d_L,L
187982,T5d,T5d_L,L
188041,T5d,T5d_L,L
188071,T5c,T5c_L,L
188086,T5d,T5d_L,L
188128,T5d,T5d_L,L
188136,T5c,T5c_L,L
188153,T4d,T4d_L,L
188318,T5a,T5a_L,L
188398,T5d,T5d_R,R
188411,T5c,T5c_L,L
188480,T5a,T5a_L,L
188547,T4c,T4c_L,L
188561,T5d,T5d_L,L
188572,T5c,T5c_L,L
188650,T5c,T5c_L,L
188727,T4d,T4d_L,L
188848,T5c,T5c_L,L
188883,T4b,T4b_L,L
188965,T4c,T4c_R,R
189135,T5c,T5c_L,L
189153,T5b,T5b_L,L
189191,T5c,T5c_L,L
189407,T4a,T4a_L,L
189488,T5a,T5a_L,L
189591,T5d,T5d_L,L
189625,T4d,T4d_L,L
189629,T4a,T4a_L,L
189650,T5b,T5b_L,L
189724,T5b,T5b_L,L
189867,T5a,T5a_L,L
189881,T4d,T4d_L,L
189882,T4c,T4c_R,R
189884,T5b,T5b_L,L
190082,T4c,T4c_L,L
190088,T5c,T5c_L,L
190103,T5d,T5d_L,L
190164,T4b,T4b_L,L
190185,T5a,T5a_L,L
190215,T4c,T4c_L,L
190293,T5a,T5a_L,L
190300,T5d,T5d_L,L
190329,T4c,T4c_L,L
190438,T4c,T4c_L,L
190469,T5d,T5d_L,L
190527,T5a,T5a_L,L
190627,T5d,T5d_L,L
190782,T4c,T4c_L,L
190802,T5b,T5b_L,L
190817,T5a,T5a_L,L
191040,T5d,T5d_L,L
191190,T4a,T4a_L,L
191227,T4d,T4d_L,L
191229,T5c,T5c_L,L
191296,T4b,T4b_L,L
191364,T5d,T5d_L,L
191375,T5b,T5b_R,R
191389,T4b,T4b_L,L
191475,T5a,T5a_L,L
191482,T4b,T4b_L,L
191561,T5d,T5d_L,L
191616,T4a,T4a_L,L
191620,T4c,T4c_L,L
191630,T5c,T5c_L,L
191978,T5c,T5c_L,L
192035,T5b,T5b_R,R
192047,T5a,T5a_L,L
192064,T5a,T5a_L,L
192145,T4d,T4d_L,L
192148,T4d,T4d_R,R
192298,T4c,T4c_L,L
192417,T5a,T5a_L,L
192514,T4b,T4b_L,L
192587,T5d,T5d_L,L
192599,T5b,T5b_L,L
192646,T5a,T5a_L,L
192729,T5c,T5c_L,L
192732,T5c,T5c_R,R
192746,T5d,T5d_L,L
192752,T4b,T4b_L,L
192834,T5d,T5d_L,L
192855,T5d,T5d_L,L
192868,T5b,T5b_L,L
192910,T5b,T5b_L,L
192953,T4c,T4c_L,L
193003,T5d,T5d_L,L
193004,T5d,T5d_L,L
193199,T4b,T4b_R,R
193263,T5d,T5d_L,L
193269,T4d,T4d_L,L
193346,T5c,T5c_L,L
193387,T4d,T4d_L,L
193390,T5b,T5b_L,L
193631,T5c,T5c_R,R
193693,T5c,T5c_L,L
193788,T4d,T4d_L,L
193817,T4c,T4c_R,R
193826,T4b,T4b_L,L
193858,T4c,T4c_L,L
193979,T5a,T5a_L,L
194029,T5a,T5a_L,L
194058,T5a,T5a_L,L
194078,T4d,T4d_L,L
194084,T5a,T5a_L,L
194230,T4a,T4a_L,L
194258,T4c,T4c_L,L
194311,T4a,T4a_L,L
194321,T5d,T5d_L,L
194337,T5c,T5c_R,R
194530,T5a,T5a_L,L
194619,T4b,T4b_L,L
194820,T5c,T5c_L,L
194915,T4c,T4c_L,L
195205,T5d,T5d_L,L
195210,T4c,T4c_L,L
195346,T5b,T5b_L,L
195419,T4a,T4a_L,L
195420,T4c,T4c_L,L
195488,T5d,T5d_L,L
195505,T4d,T4d_L,L
195627,T4d,T4d_L,L
195658,T4c,T4c_L,L
195670,T5a,T5a_L,L
195678,T4b,T4b_L,L
195689,T5c,T5c_L,L
195758,T5d,T5d_L,L
195786,T4c,T4c_L,L
195797,T5c,T5c_L,L
195855,T5b,T5b_L,L
195930,T4a,T4a_L,L
195967,T4a,T4a_L,L
196128,T4a,T4a_L,L
196297,T5c,T5c_L,L
196384,T5a,T5a_L,L
196557,T5a,T5a_L,L
196627,T4a,T4a_L,L
196656,T4a,T4a_L,L
196936,T5b,T5b_L,L
197027,T5b,T5b_L,L
197052,T5c,T5c_L,L
197111,T5d,T5d_L,L
197114,T5b,T5b_L,L
197222,T5d,T5d_L,L
197271,T5c,T5c_L,L
197281,T5b,T5b_L,L
197298,T5b,T5b_L,L
197466,T5a,T5a_L,L
197543,T4c,T4c_L,L
197613,T5c,T5c_L,L
197713,T5c,T5c_L,L
197730,T4d,T4d_L,L
197804,T5d,T5d_L,L
197828,T5d,T5d_L,L
197843,T5c,T5c_L,L
197959,T4c,T4c_L,L
197964,T4c,T4c_L,L
198023,T4b,T4b_L,L
198039,T5d,T5d_L,L
198205,T5c,T5c_L,L
198222,T5d,T5d_L,L
198278,T5c,T5c_L,L
198307,T4a,T4a_L,L
198371,T4d,T4d_L,L
198492,T4d,T4d_L,L
198563,T5d,T5d_L,L
198610,T4c,T4c_L,L
198666,T5c,T5c_L,L
198691,T4c,T4c_L,L
198695,T5c,T5c_L,L
198807,T5a,T5a_L,L
198913,T4a,T4a_L,L
198942,T4d,T4d_L,L
198985,T4d,T4d_L,L
199006,T5b,T5b_L,L
199030,T4b,T4b_L,L
199036,T4a,T4a_L,L
199076,T5c,T5c_L,L
199096,T5a,T5a_L,L
199130,T5d,T5d_L,L
199157,T4d,T4d_L,L
199204,T4d,T4d_L,L
199209,T4b,T4b_R,R
199276,T5a,T5a_L,L
199300,T5d,T5d_L,L
199354,T5a,T5a_L,L
199364,T4d,T4d_L,L
199454,T5d,T5d_L,L
199501,T5d,T5d_L,L
199581,T4a,T4a_L,L
199767,T5a,T5a_L,L
199974,T5a,T5a_L,L
199999,T5d,T5d_L,L
200130,T5d,T5d_L,L
200176,T4d,T4d_L,L
200212,T4d,T4d_L,L
200474,T5d,T5d_L,L
200567,T4c,T4c_L,L
200629,T5d,T5d_L,L
200637,T5d,T5d_R,R
200661,T5b,T5b_L,L
200767,T5c,T5c_L,L
201144,T4d,T4d_L,L
201344,T4d,T4d_L,L
201415,T5a,T5a_L,L
201504,T5b,T5b_L,L
201696,T5d,T5d_L,L
201720,T5d,T5d_L,L
201724,T5a,T5a_L,L
201825,T5b,T5b_L,L
201865,T5c,T5c_L,L
201985,T4c,T4c_L,L
202007,T5b,T5b_L,L
202109,T5d,T5d_L,L
202384,T5a,T5a_R,R
202397,T5d,T5d_R,R
202567,T4c,T4c_R,R
202792,T5c,T5c_L,L
202903,T4a,T4a_L,L
203152,T5c,T5c_L,L
203219,T4c,T4c_L,L
203256,T4b,T4b_L,L
203290,T5a,T5a_L,L
203306,T4c,T4c_L,L
203386,T5c,T5c_L,L
203425,T5a,T5a_L,L
203614,T5d,T5d_L,L
203620,T4a,T4a_L,L
203759,T4c,T4c_L,L
203837,T4c,T4c_L,L
203853,T5b,T5b_L,L
204057,T5b,T5b_L,L
204637,T5a,T5a_L,L
204682,T4b,T4b_L,L
204818,T5d,T5d_L,L
204825,T5d,T5d_L,L
204876,T5c,T5c_L,L
204935,T4a,T4a_R,R
204963,T5a,T5a_L,L
205006,T5a,T5a_L,L
205135,T5a,T5a_L,L
205194,T4b,T4b_L,L
205258,T5d,T5d_L,L
205265,T5d,T5d_L,L
205466,T5d,T5d_L,L
205600,T5a,T5a_L,L
205624,T5d,T5d_L,L
206187,T5a,T5a_L,L
206217,T4c,T4c_L,L
206320,T5b,T5b_L,L
206377,T4b,T4b_L,L
206612,T5b,T5b_R,R
206658,T5c,T5c_L,L
206684,T5a,T5a_L,L
206747,T5b,T5b_L,L
206823,T5d,T5d_L,L
206836,T4d,T4d_L,L
206841,T5b,T5b_L,L
206918,T5d,T5d_L,L
207048,T4a,T4a_L,L
207150,T5c,T5c_L,L
207461,T5c,T5c_L,L
207483,T5b,T5b_L,L
207548,T5d,T5d_L,L
207574,T5b,T5b_L,L
207853,T5b,T5b_L,L
207962,T5d,T5d_L,L
208062,T4a,T4a_L,L
208063,T5a,T5a_L,L
208097,T4c,T4c_L,L
208268,T5d,T5d_L,L
208602,T4c,T4c_L,L
208689,T4c,T4c_L,L
208808,T4d,T4d_L,L
209323,T5a,T5a_L,L
209509,T5d,T5d_L,L
209645,T4a,T4a_R,R
209794,T5a,T5a_R,R
209858,T5a,T5a_L,L
210043,T5b,T5b_L,L
210119,T4c,T4c_L,L
210611,T5c,T5c_L,L
210886,T5a,T5a_L,L
210981,T5c,T5c_L,L
211032,T5a,T5a_L,L
211291,T5d,T5d_L,L
211521,T5c,T5c_L,L
211833,T5d,T5d_L,L
212009,T4a,T4a_L,L
212089,T5d,T5d_L,L
212192,T4c,T4c_L,L
212493,T5b,T5b_L,L
212593,T5d,T5d_L,L
212853,T4d,T4d_L,L
212912,T4b,T4b_L,L
212976,T5a,T5a_L,L
213117,T4d,T4d_L,L
213490,T5c,T5c_R,R
213491,T5c,T5c_L,L
213844,T5d,T5d_L,L
213888,T5a,T5a_L,L
214054,T4b,T4b_L,L
214083,T5b,T5b_L,L
214159,T5c,T5c_R,R
214481,T5c,T5c_L,L
214533,T5d,T5d_L,L
214555,T4d,T4d_L,L
214610,T5a,T5a_L,L
214753,T5b,T5b_L,L
214833,T5a,T5a_L,L
214987,T5b,T5b_L,L
215450,T5b,T5b_L,L
215452,T5a,T5a_L,L
215512,T4c,T4c_L,L
215838,T5a,T5a_L,L
216196,T5d,T5d_L,L
216393,T5b,T5b_L,L
216496,T5c,T5c_L,L
216757,T5d,T5d_L,L
216838,T4c,T4c_L,L
217094,T4b,T4b_L,L
217874,T5d,T5d_L,L
218469,T5b,T5b_L,L
218793,T4d,T4d_L,L
219160,T4d,T4d_L,L
219180,T5c,T5c_L,L
219286,T5d,T5d_L,L
219303,T5b,T5b_L,L
219835,T4c,T4c_L,L
220066,T5a,T5a_L,L
220109,T5a,T5a_L,L
220122,T5b,T5b_R,R
220328,T5d,T5d_L,L
221374,T4c,T4c_R,R
221635,T5d,T5d_R,R
222822,T4b,T4b_L,L
222960,T5b,T5b_L,L
223078,T5b,T5b_L,L
223348,T5c,T5c_L,L
223941,T4b,T4b_L,L
224234,T5a,T5a_L,L
224713,T5b,T5b_L,L
224906,T5c,T5c_L,L
226436,T5c,T5c_L,L
227593,T5c,T5c_L,L
228122,T5d,T5d_L,L
229336,T5c,T5c_L,L
229925,T5d,T5d_R,R
230523,T5c,T5c_R,R
233369,T5a,T5a_L,L
236003,T4d,T4d_L,L
236062,T5b,T5b_L,L
237498,T4a,T4a_L,L
239162,T5c,T5c_L,L
240038,T5a,T5a_L,L
241652,T5b,T5b_L,L
244511,T5b,T5b_L,L
245032,T5b,T5b_L,L
245725,T5b,T5b_L,L
245814,T4c,T4c_L,L
246442,T5c,T5c_L,L
248430,T4d,T4d_L,L
248667,T5c,T5c_L,L
249397,T5a,T5a_L,L
250882,T5d,T5d_L,L
259833,T4a,T4a_L,L
266945,T5a,T5a_L,L
267774,T4c,T4c_L,L
270091,T5c,T5c_L,L
272909,T5b,T5b_L,L
282740,T5b,T5b_L,L
287736,T5c,T5c_L,L
293824,T5a,T5a_L,L
327390,T5a,T5a_L,L
462564,T5d,T5d_L,L
473379,T4a,T4a_L,L
511910,T5d,T5d_L,L
511911,T5c,T5c_L,L
511914,LC4,LC4_L,L
511950,T5b,T5b_L,L
512087,LPLC1,LPLC1_L,L
512366,LC4,LC4_L,L
512367,T4d,T4d_L,L
512705,LC4,LC4_L,L
512972,T4b,T4b_L,L
513350,T4b,T4b_L,L
513351,T4c,T4c_L,L
513352,T4d,T4d_L,L
513353,T4b,T4b_L,L
513416,LC11,LC11_L,L
513496,T5b,T5b_L,L
513616,T4d,T4d_L,L
513722,T4b,T4b_L,L
513723,T4a,T4a_L,L
513724,T4a,T4a_L,L
513730,T4b,T4b_L,L
513899,T5c,T5c_L,L
513900,LC11,LC11_L,L
514131,T4b,T4b_L,L
514144,T4b,T4b_L,L
514169,T4c,T4c_L,L
514191,LPLC1,LPLC1_L,L
514203,T5d,T5d_L,L
514472,T4a,T4a_L,L
514508,LC4,LC4_L,L
514670,LPLC2,LPLC2_L,L
514672,T5d,T5d_L,L
514747,LC11,LC11_L,L
514748,LC11,LC11_L,L
514792,LPLC1,LPLC1_L,L
514831,T5b,T5b_L,L
514845,T4c,T4c_L,L
514846,LPLC1,LPLC1_L,L
514869,LC11,LC11_L,L
514956,LC4,LC4_L,L
515270,T5b,T5b_L,L
515428,T4a,T4a_L,L
515476,LC4,LC4_L,L
515686,T4a,T4a_L,L
515900,LC4,LC4_L,L
515901,LPLC4,LPLC4_L,L
515971,LPLC2,LPLC2_L,L
516282,T4a,T4a_L,L
516283,T4c,T4c_L,L
516377,T4c,T4c_L,L
516379,T4b,T4b_L,L
516380,T4a,T4a_L,L
516393,T4a,T4a_L,L
516521,T5d,T5d_L,L
516785,T4c,T4c_L,L
516786,T4a,T4a_L,L
516789,T4b,T4b_L,L
516790,T4d,T4d_L,L
516909,LC4,LC4_L,L
517078,LPLC2,LPLC2_L,L
517079,LPLC2,LPLC2_L,L
517507,LC11,LC11_L,L
517600,LPLC1,LPLC1_L,L
517752,LC4,LC4_L,L
517787,T4c,T4c_L,L
517814,T4a,T4a_L,L
517819,LPLC2,LPLC2_L,L
517857,T4d,T4d_L,L
517886,T4d,T4d_L,L
518009,T4b,T4b_L,L
518016,LC4,LC4_L,L
518028,VS,VS_L,L
518174,T4c,T4c_L,L
518351,T4b,T4b_L,L
518400,T4d,T4d_L,L
518439,LC4,LC4_L,L
518544,LC4,LC4_L,L
518588,LPLC4,LPLC4_L,L
518688,T5b,T5b_L,L
518730,LC4,LC4_L,L
518731,LPLC2,LPLC2_L,L
518794,LPLC1,LPLC1_L,L
518842,T5c,T5c_L,L
518897,T4d,T4d_L,L
518901,T4a,T4a_L,L
518915,LC11,LC11_L,L
518983,LC4,LC4_L,L
519153,LPLC1,LPLC1_L,L
519288,T4b,T4b_L,L
519289,T4a,T4a_L,L
519650,LC4,LC4_L,L
519930,LC11,LC11_L,L
519931,LC4,LC4_L,L
519933,LPLC4,LPLC4_L,L
519958,T4c,T4c_L,L
519959,T5d,T5d_L,L
519961,T4c,T4c_L,L
519964,T5d,T5d_L,L
519966,T5b,T5b_L,L
520078,LPLC1,LPLC1_L,L
520305,T5a,T5a_L,L
520449,LC4,LC4_L,L
520451,LC11,LC11_L,L
520764,LPLC2,LPLC2_L,L
520799,LC11,LC11_L,L
521069,LC11,LC11_L,L
521115,LPLC2,LPLC2_L,L
521368,LC11,LC11_L,L
521506,T4c,T4c_L,L
521572,T4d,T4d_L,L
522299,LC11,LC11_L,L
522462,T4b,T4b_L,L
522463,T4a,T4a_L,L
522464,LPLC4,LPLC4_L,L
522924,T4d,T4d_L,L
522954,VS,VS_L,L
522957,VS,VS_L,L
523617,T4a,T4a_L,L
523661,T5d,T5d_L,L
523732,T5a,T5a_L,L
523869,T4a,T4a_L,L
524089,LPLC4,LPLC4_L,L
524335,T5a,T5a_L,L
524366,LPLC2,LPLC2_L,L
524626,T5d,T5d_L,L
524865,T4a,T4a_L,L
524899,LC4,LC4_L,L
524917,T4a,T4a_L,L
524975,LC11,LC11_L,L
525084,T4a,T4a_L,L
525187,T4d,T4d_L,L
525345,T4d,T4d_L,L
525346,T4c,T4c_L,L
525562,T4a,T4a_L,L
525843,T4c,T4c_L,L
525844,LPLC2,LPLC2_L,L
525903,T5c,T5c_L,L
525971,T5c,T5c_L,L
526044,T5c,T5c_L,L
526045,T5b,T5b_L,L
526286,LC4,LC4_L,L
526534,T4b,T4b_L,L
526535,T4b,T4b_L,L
526746,T4d,T4d_R,R
526759,T5a,T5a_L,L
526794,T4b,T4b_L,L
526803,T4c,T4c_L,L
526804,T5d,T5d_L,L
526825,T4a,T4a_L,L
526999,LPLC1,LPLC1_L,L
527008,T5a,T5a_L,L
527180,LC11,LC11_L,L
527340,T5b,T5b_L,L
527408,LC4,LC4_R,R
527449,T5d,T5d_L,L
527551,T5a,T5a_L,L
528994,T4d,T4d_L,L
528995,T4b,T4b_L,L
529009,T5a,T5a_L,L
529011,T4c,T4c_L,L
529123,T4c,T4c_L,L
529148,T4a,T4a_L,L
529183,T4c,T4c_L,L
529368,T4a,T4a_L,L
529547,T5a,T5a_L,L
529829,T4b,T4b_L,L
529858,T5c,T5c_L,L
530005,T4d,T4d_L,L
530006,T4c,T4c_L,L
530008,T4a,T4a_L,L
530029,LC4,LC4_L,L
530371,T4c,T4c_L,L
530388,T5d,T5d_L,L
530389,T5b,T5b_L,L
530390,T5d,T5d_L,L
530458,T4c,T4c_L,L
530459,T4c,T4c_L,L
530466,T4d,T4d_L,L
530819,T5d,T5d_L,L
530865,T4a,T4a_L,L
531014,LPLC2,LPLC2_L,L
531065,T4b,T4b_L,L
531181,T4d,T4d_L,L
531238,T5c,T5c_L,L
531240,T5d,T5d_L,L
531266,T4c,T4c_L,L
531267,T4b,T4b_L,L
531268,T4c,T4c_L,L
531394,T4c,T4c_L,L
531602,T5a,T5a_L,L
531620,LPLC4,LPLC4_L,L
531691,T5b,T5b_L,L
531692,T5d,T5d_L,L
531763,T4c,T4c_L,L
531797,T4b,T4b_L,L
531798,T4b,T4b_L,L
531799,T4c,T4c_L,L
531883,T5b,T5b_L,L
531898,DNp04,DNp04_L,L
532025,LC11,LC11_L,L
532139,LC11,LC11_L,L
532254,LC4,LC4_L,L
532453,T4c,T4c_L,L
532454,T4b,T4b_L,L
532455,T4d,T4d_L,L
532456,T4a,T4a_L,L
532601,T4d,T4d_L,L
532836,LC11,LC11_L,L
532845,T4a,T4a_L,L
532846,T4c,T4c_L,L
532860,T4c,T4c_L,L
532861,T4a,T4a_L,L
533096,T5c,T5c_L,L
533129,LC4,LC4_L,L
533170,T5b,T5b_L,L
533263,T4b,T4b_L,L
533450,T5a,T5a_L,L
533655,T5b,T5b_L,L
533778,T4d,T4d_L,L
533828,T4a,T4a_L,L
533829,T4a,T4a_L,L
533830,T4a,T4a_L,L
533832,T4d,T4d_L,L
533895,LPLC2,LPLC2_L,L
533921,T5b,T5b_L,L
534071,T4a,T4a_L,L
534115,T5c,T5c_L,L
534119,T4c,T4c_L,L
534200,T4b,T4b_L,L
534204,T4a,T4a_L,L
534206,T4a,T4a_L,L
534245,T5b,T5b_L,L
534261,T5b,T5b_L,L
534262,T5a,T5a_L,L
534356,T4c,T4c_L,L
534432,T4d,T4d_L,L
534519,T5d,T5d_L,L
534630,T4c,T4c_L,L
534660,T5c,T5c_L,L
534743,LPLC1,LPLC1_L,L
534746,T5b,T5b_L,L
534773,T5a,T5a_L,L
534836,T4c,T4c_L,L
534837,T4a,T4a_L,L
534972,T4b,T4b_L,L
534974,T4b,T4b_L,L
535046,T4a,T4a_L,L
535047,T4b,T4b_L,L
535090,T5b,T5b_L,L
535125,LC11,LC11_L,L
535163,T5a,T5a_L,L
535164,T5b,T5b_L,L
535165,T5c,T5c_L,L
535166,T5c,T5c_L,L
535341,LC4,LC4_L,L
535346,T4d,T4d_L,L
535380,T5a,T5a_L,L
535397,LPLC4,LPLC4_L,L
535408,T4c,T4c_L,L
535409,T4b,T4b_L,L
535478,T4d,T4d_L,L
535479,T4c,T4c_L,L
535480,T4a,T4a_L,L
535662,T4d,T4d_L,L
535670,T5a,T5a_L,L
535671,T5a,T5a_L,L
535731,T4d,T4d_L,L
535816,T5c,T5c_L,L
535947,T5c,T5c_L,L
535949,T5d,T5d_L,L
535950,T5a,T5a_L,L
536150,T4b,T4b_L,L
536395,LPLC1,LPLC1_L,L
536444,LPLC2,LPLC2_L,L
536905,T4b,T4b_L,L
537141,T5b,T5b_L,L
537164,T4a,T4a_L,L
537526,T4d,T4d_L,L
537527,T4d,T4d_L,L
537800,T5c,T5c_L,L
537801,T4c,T4c_L,L
537856,T5b,T5b_L,L
537857,T5c,T5c_L,L
537973,T4d,T4d_L,L
537974,T4b,T4b_L,L
537975,T4c,T4c_L,L
538986,T4a,T4a_L,L
538987,T4b,T4b_L,L
538988,T4d,T4d_L,L
539129,T4c,T4c_L,L
539164,T5d,T5d_L,L
539165,T5b,T5b_L,L
539166,T5d,T5d_L,L
539220,T4a,T4a_L,L
539221,T4d,T4d_L,L
539379,T4a,T4a_L,L
539399,T5d,T5d_L,L
539441,T5a,T5a_L,L
539461,T5c,T5c_L,L
539462,T5b,T5b_L,L
539465,T4c,T4c_L,L
539468,T4d,T4d_L,L
539519,T5c,T5c_L,L
539667,T5d,T5d_L,L
539668,T5c,T5c_L,L
539669,T5c,T5c_L,L
539699,T5a,T5a_R,R
539767,T4d,T4d_L,L
539769,T4a,T4a_L,L
539812,T5c,T5c_L,L
539891,T4a,T4a_L,L
539892,T4b,T4b_L,L
539957,T4d,T4d_L,L
539960,T5b,T5b_L,L
539977,T4a,T4a_R,R
539983,T4c,T4c_R,R
540088,T4b,T4b_L,L
540266,VS,VS_L,L
540403,T5c,T5c_L,L
540443,T4a,T4a_L,L
541456,T4d,T4d_L,L
541457,T4d,T4d_L,L
541497,T4c,T4c_L,L
541538,T4a,T4a_L,L
541539,T4a,T4a_L,L
541540,T4c,T4c_L,L
541545,T4d,T4d_L,L
541546,T4d,T4d_L,L
541566,T4b,T4b_L,L
541650,T4c,T4c_L,L
541654,T4a,T4a_L,L
541669,T4b,T4b_L,L
541670,T4b,T4b_L,L
541671,T4c,T4c_L,L
541707,T5b,T5b_L,L
541735,T4d,T4d_L,L
541772,T4c,T4c_L,L
542048,T5a,T5a_L,L
542182,T4c,T4c_L,L
542183,T4c,T4c_L,L
542210,T4c,T4c_L,L
542224,T4c,T4c_L,L
542273,T4c,T4c_L,L
542278,T4a,T4a_L,L
542370,T5a,T5a_L,L
542392,T4c,T4c_L,L
542433,T4a,T4a_L,L
542434,T4b,T4b_L,L
542471,T5b,T5b_L,L
542472,T5a,T5a_L,L
542541,T4d,T4d_R,R
542556,T4c,T4c_L,L
542610,T4d,T4d_L,L
542611,T4b,T4b_L,L
542633,T4a,T4a_L,L
542660,T4c,T4c_L,L
542661,T4b,T4b_L,L
542711,T4a,T4a_L,L
542729,T5c,T5c_L,L
542848,T5a,T5a_L,L
542926,T4c,T4c_L,L
542929,T5a,T5a_L,L
542933,T5d,T5d_L,L
542934,T5d,T5d_L,L
542957,T5a,T5a_L,L
542970,T4c,T4c_L,L
543006,T4d,T4d_L,L
543097,T4c,T4c_L,L
543135,T4b,T4b_L,L
543138,T4a,T4a_L,L
543165,T4d,T4d_L,L
543174,T4d,T4d_L,L
543242,T4c,T4c_L,L
543243,T4d,T4d_L,L
543247,T4c,T4c_L,L
543248,T4c,T4c_L,L
543249,T5c,T5c_L,L
543308,T4a,T4a_L,L
543309,T4b,T4b_L,L
543319,T4a,T4a_L,L
543320,T4b,T4b_L,L
543357,T4d,T4d_L,L
543377,T5a,T5a_L,L
543387,T5c,T5c_L,L
543388,T4b,T4b_L,L
543389,T4d,T4d_L,L
543476,T5a,T5a_R,R
543568,T5c,T5c_L,L
543576,T4d,T4d_L,L
543577,T4d,T4d_L,L
543737,T5a,T5a_L,L
543738,T5a,T5a_L,L
543825,T5c,T5c_L,L
543834,T5c,T5c_L,L
543840,T4d,T4d_L,L
543841,T4a,T4a_L,L
543843,T4d,T4d_L,L
543893,T4d,T4d_L,L
543894,T4a,T4a_L,L
543978,T5c,T5c_L,L
544113,T5a,T5a_L,L
544114,T4c,T4c_L,L
544115,T4b,T4b_L,L
544221,T5a,T5a_L,L
544272,T4d,T4d_L,L
544332,T4a,T4a_L,L
544375,T4d,T4d_L,L
544378,T5d,T5d_L,L
544467,T5d,T5d_L,L
544468,T5c,T5c_L,L
544470,T5a,T5a_L,L
544492,T4c,T4c_L,L
544493,T4a,T4a_L,L
544494,T4a,T4a_L,L
544506,T4d,T4d_L,L
544508,T4a,T4a_L,L
544513,T4a,T4a_L,L
544514,T4c,T4c_L,L
544522,T4d,T4d_L,L
544523,T4b,T4b_L,L
544526,T4a,T4a_L,L
544527,T4b,T4b_L,L
544530,T4c,T4c_L,L
544533,T4a,T4a_L,L
544534,T4d,T4d_L,L
544537,T4c,T4c_L,L
544538,T4d,T4d_L,L
544696,T4d,T4d_L,L
544697,T4b,T4b_L,L
544754,T5d,T5d_L,L
544781,T5d,T5d_L,L
544873,T5c,T5c_R,R
544876,T4a,T4a_L,L
544889,T5c,T5c_L,L
544927,T4d,T4d_L,L
544938,T5a,T5a_L,L
544954,T4d,T4d_L,L
544970,T5d,T5d_L,L
544998,T4b,T4b_L,L
545100,T4d,T4d_L,L
545101,T4a,T4a_L,L
545103,T5b,T5b_R,R
545104,T5d,T5d_L,L
545105,T5a,T5a_L,L
545138,T4a,T4a_L,L
545157,T4c,T4c_L,L
545194,T5b,T5b_R,R
545207,T5b,T5b_L,L
545219,T4a,T4a_L,L
545220,T4c,T4c_L,L
545225,T5b,T5b_L,L
545226,T5c,T5c_L,L
545248,T5a,T5a_L,L
545278,T5b,T5b_L,L
545300,T5a,T5a_L,L
545315,T4d,T4d_L,L
545317,T4a,T4a_L,L
545330,T5d,T5d_L,L
545331,T5c,T5c_L,L
545343,T5b,T5b_L,L
545352,T5b,T5b_L,L
545353,T4a,T4a_L,L
545373,T4b,T4b_L,L
545374,T4c,T4c_L,L
545394,T4b,T4b_L,L
545395,T4d,T4d_L,L
545496,T4a,T4a_L,L
545497,T4d,T4d_L,L
545599,T5b,T5b_L,L
545600,T5b,T5b_L,L
545607,T4c,T4c_L,L
545619,T5c,T5c_L,L
545721,T4a,T4a_L,L
545776,T4a,T4a_L,L
545777,T4c,T4c_L,L
545900,T5c,T5c_L,L
545910,T5c,T5c_L,L
545911,T4a,T4a_L,L
545961,T4d,T4d_L,L
546005,T4b,T4b_L,L
546008,T4d,T4d_L,L
546009,T4c,T4c_L,L
546025,T5c,T5c_L,L
546060,T5c,T5c_L,L
546074,T5d,T5d_L,L
546081,T4a,T4a_L,L
546082,T5b,T5b_L,L
546100,T4c,T4c_L,L
546101,T4c,T4c_L,L
546112,T5c,T5c_R,R
546122,T4c,T4c_L,L
546179,T5b,T5b_L,L
546187,T4c,T4c_L,L
546195,T5b,T5b_L,L
546208,T4c,T4c_L,L
546219,T5a,T5a_L,L
546228,T4d,T4d_L,L
546229,T4b,T4b_L,L
546251,T4a,T4a_L,L
546252,T4a,T4a_L,L
546260,T4a,T4a_R,R
546274,T4c,T4c_L,L
546289,T5a,T5a_L,L
546303,T4d,T4d_L,L
546326,T4c,T4c_L,L
546327,T4b,T4b_L,L
546337,T5a,T5a_L,L
546345,T4c,T4c_L,L
546366,T4a,T4a_L,L
546380,T5b,T5b_L,L
546394,T4c,T4c_L,L
546395,T4a,T4a_L,L
546403,T4a,T4a_L,L
546410,T4a,T4a_L,L
546440,T4b,T4b_L,L
546441,T4c,T4c_L,L
546452,T5d,T5d_L,L
546455,T4d,T4d_L,L
546456,T4d,T4d_L,L
546457,T4d,T4d_L,L
546458,T4d,T4d_L,L
546484,T4d,T4d_L,L
546605,T5a,T5a_L,L
546629,T4c,T4c_L,L
546630,T4b,T4b_L,L
546724,T4c,T4c_L,L
546725,T4b,T4b_L,L
546752,T5a,T5a_L,L
546765,T4b,T4b_L,L
546776,T4d,T4d_L,L
546777,T4c,T4c_L,L
546793,T4d,T4d_L,L
546794,T4b,T4b_L,L
546885,T5b,T5b_L,L
546924,T4a,T4a_L,L
546952,T5d,T5d_L,L
547021,T5d,T5d_L,L
547026,T4a,T4a_L,L
547027,T4c,T4c_L,L
547114,T4b,T4b_L,L
547117,T4a,T4a_L,L
547118,T5a,T5a_L,L
547123,T4c,T4c_L,L
547153,T4c,T4c_L,L
547317,T5c,T5c_L,L
547318,T4d,T4d_L,L
547331,T5c,T5c_L,L
547401,T5d,T5d_L,L
547414,T4c,T4c_L,L
547442,T4d,T4d_L,L
547486,T4c,T4c_L,L
547488,T4d,T4d_L,L
547516,T5c,T5c_L,L
547529,T4a,T4a_L,L
547535,T4d,T4d_L,L
547536,T4c,T4c_L,L
547544,T4d,T4d_L,L
547546,T4d,T4d_L,L
547547,T4c,T4c_L,L
547564,T5d,T5d_L,L
547616,T4b,T4b_L,L
547622,T5a,T5a_L,L
547631,T4c,T4c_L,L
547634,T4a,T4a_L,L
547787,T4a,T4a_L,L
547790,T4a,T4a_L,L
547791,T5c,T5c_L,L
547796,T5d,T5d_L,L
547797,T5a,T5a_L,L
547810,T4c,T4c_L,L
547814,T4a,T4a_L,L
547827,T5a,T5a_L,L
547860,T4b,T4b_L,L
547862,T4c,T4c_L,L
547865,T4d,T4d_L,L
547869,T4b,T4b_L,L
547875,T5d,T5d_L,L
547912,T4a,T4a_R,R
547914,T4d,T4d_L,L
547916,T4d,T4d_L,L
547989,T4a,T4a_L,L
547997,T4c,T4c_L,L
548023,T4a,T4a_L,L
548033,T4c,T4c_L,L
548056,T4c,T4c_L,L
548062,T4b,T4b_L,L
548139,T5d,T5d_L,L
548192,T4d,T4d_L,L
548203,T4c,T4c_L,L
548211,T5b,T5b_L,L
548218,T5b,T5b_L,L
548266,T5b,T5b_L,L
548269,T5c,T5c_L,L
548291,T5a,T5a_L,L
548301,T4a,T4a_L,L
548320,T4a,T4a_L,L
548332,T4c,T4c_L,L
548338,T4a,T4a_L,L
548339,T4c,T4c_L,L
548343,T5d,T5d_L,L
548350,T4b,T4b_L,L
548377,T4c,T4c_L,L
548393,T5d,T5d_L,L
548394,T5c,T5c_L,L
548426,T5a,T5a_L,L
548430,T5d,T5d_L,L
548483,T4b,T4b_L,L
548499,T4d,T4d_L,L
548539,T5c,T5c_L,L
548540,T4c,T4c_L,L
548581,T5a,T5a_L,L
548588,T4c,T4c_L,L
548589,T5b,T5b_L,L
548593,T4d,T4d_L,L
548596,T5d,T5d_L,L
548644,T5a,T5a_L,L
548653,T5d,T5d_L,L
548679,T5c,T5c_L,L
548750,T4a,T4a_L,L
548755,T5a,T5a_L,L
548759,T5c,T5c_L,L
548760,T5a,T5a_L,L
548774,T4c,T4c_L,L
548806,T4a,T4a_L,L
548807,T4a,T4a_L,L
548837,T5c,T5c_L,L
548843,T4a,T4a_L,L
548856,T5b,T5b_L,L
548865,T4b,T4b_L,L
548895,T4c,T4c_L,L
548906,T5c,T5c_L,L
548918,T5c,T5c_L,L
548963,T4a,T4a_L,L
548995,T4c,T4c_L,L
549000,T4d,T4d_L,L
549016,T5a,T5a_L,L
549017,T5b,T5b_L,L
549028,T5a,T5a_L,L
549032,T4d,T4d_L,L
549053,T5d,T5d_L,L
549058,T4b,T4b_L,L
549066,T4a,T4a_L,L
549071,T4b,T4b_L,L
549114,T5c,T5c_L,L
549116,T4c,T4c_L,L
549121,T4a,T4a_L,L
549135,T4c,T4c_L,L
549149,T4c,T4c_L,L
549197,T5b,T5b_L,L
549199,T5a,T5a_L,L
549213,T4a,T4a_L,L
549214,T4b,T4b_L,L
549215,T5b,T5b_L,L
549216,T5a,T5a_L,L
549233,T4c,T4c_L,L
549241,T4b,T4b_L,L
549246,T5c,T5c_L,L
549253,T4a,T4a_L,L
549254,T4d,T4d_L,L
549256,T5c,T5c_L,L
549262,T5b,T5b_L,L
549265,T4b,T4b_L,L
549272,T4b,T4b_L,L
549275,T5d,T5d_L,L
549289,T5a,T5a_L,L
549290,T4a,T4a_L,L
549313,T4a,T4a_L,L
549330,T5a,T5a_L,L
549331,T5c,T5c_L,L
549333,T5d,T5d_L,L
549339,T5c,T5c_L,L
549355,T4d,T4d_L,L
549361,T4d,T4d_L,L
549371,T4d,T4d_L,L
549372,T5c,T5c_L,L
549373,T5d,T5d_L,L
549377,T4c,T4c_L,L
549399,T4b,T4b_L,L
549400,T4a,T4a_L,L
549405,T4b,T4b_L,L
549407,T5c,T5c_L,L
549409,T4b,T4b_L,L
549412,T5c,T5c_L,L
549413,T5d,T5d_L,L
549458,T5b,T5b_L,L
549461,T4b,T4b_L,L
549462,T4b,T4b_L,L
549465,T4b,T4b_L,L
549467,T5d,T5d_L,L
549477,T5a,T5a_L,L
549478,T4b,T4b_L,L
549481,T4d,T4d_L,L
549482,T5c,T5c_L,L
549488,T4c,T4c_L,L
549489,T4c,T4c_L,L
549490,T5a,T5a_L,L
549521,T5a,T5a_L,L
549528,T4d,T4d_L,L
549531,T5c,T5c_L,L
549538,T4b,T4b_L,L
549541,T4d,T4d_L,L
549549,T5b,T5b_L,L
549579,T5c,T5c_L,L
549590,T4c,T4c_L,L
549603,T4a,T4a_L,L
549616,T5b,T5b_L,L
549619,T5c,T5c_L,L
549628,T5c,T5c_L,L
549646,T5c,T5c_L,L
549650,T4a,T4a_L,L
549655,T4b,T4b_L,L
549679,T5a,T5a_L,L
549686,T4b,T4b_L,L
549705,T5b,T5b_L,L
549711,T5d,T5d_L,L
549734,T4a,T4a_L,L
549738,T5c,T5c_L,L
549740,T5c,T5c_L,L
549756,T5d,T5d_L,L
549767,T5c,T5c_L,L
549773,T4d,T4d_L,L
549786,T4c,T4c_L,L
549788,T5a,T5a_L,L
549791,T4b,T4b_L,L
549862,T5d,T5d_L,L
549905,T5b,T5b_L,L
549910,T4c,T4c_L,L
549950,T4c,T4c_L,L
549953,T5c,T5c_L,L
549972,T4c,T4c_L,L
549982,T5d,T5d_L,L
549987,T5c,T5c_L,L
550003,T4a,T4a_L,L
550005,T4b,T4b_L,L
550006,T4d,T4d_L,L
550015,T4d,T4d_L,L
550029,T4c,T4c_L,L
550046,T4b,T4b_L,L
550079,T4c,T4c_L,L
550097,T5c,T5c_L,L
550098,T5d,T5d_L,L
550113,T4a,T4a_L,L
550114,T4d,T4d_L,L
550152,T4a,T4a_L,L
550161,T4c,T4c_L,L
550167,T4a,T4a_L,L
550174,T4c,T4c_L,L
550177,T4c,T4c_L,L
550182,T5a,T5a_L,L
550187,T4b,T4b_L,L
550215,T4b,T4b_L,L
550218,T4c,T4c_L,L
550219,T4b,T4b_L,L
550226,T5d,T5d_L,L
550229,T4a,T4a_L,L
550234,T4a,T4a_L,L
550235,T4b,T4b_L,L
550236,T4c,T4c_L,L
550242,T4b,T4b_L,L
550246,T5c,T5c_L,L
550249,T5b,T5b_L,L
550255,T5d,T5d_L,L
550264,T5d,T5d_L,L
550306,T4b,T4b_L,L
550308,T4c,T4c_L,L
550314,T5b,T5b_L,L
550320,T4d,T4d_L,L
550321,T5c,T5c_L,L
550325,T4c,T4c_L,L
550328,T4a,T4a_L,L
550331,T5b,T5b_L,L
550333,T5b,T5b_L,L
550343,T4b,T4b_L,L
550349,T5b,T5b_L,L
550350,T5d,T5d_L,L
550355,T4a,T4a_L,L
550356,T4d,T4d_L,L
550374,T5a,T5a_L,L
550376,T4b,T4b_L,L
550385,T4d,T4d_L,L
550387,T5b,T5b_L,L
550391,T4c,T4c_L,L
550396,T4d,T4d_L,L
550415,T4b,T4b_L,L
550416,T5b,T5b_L,L
550421,T4b,T4b_L,L
550436,T4a,T4a_L,L
550437,T4d,T4d_L,L
550462,T4c,T4c_L,L
550463,T5d,T5d_L,L
550469,T4c,T4c_L,L
550470,T5d,T5d_L,L
550479,T5c,T5c_L,L
550481,T4b,T4b_L,L
550484,T4d,T4d_L,L
550499,T4b,T4b_L,L
550506,T4b,T4b_L,L
550511,T4a,T4a_L,L
550512,T4d,T4d_L,L
550515,T5a,T5a_L,L
550519,T4a,T4a_L,L
550522,T4b,T4b_L,L
550527,T4c,T4c_L,L
550531,T5a,T5a_L,L
550535,T4c,T4c_L,L
550546,T5c,T5c_L,L
550566,T4a,T4a_L,L
550570,T5c,T5c_L,L
550585,T4d,T4d_L,L
550589,T5d,T5d_L,L
550591,T4d,T4d_L,L
550610,T5a,T5a_L,L
550611,T5d,T5d_L,L
550625,T4b,T4b_L,L
550633,T4a,T4a_L,L
550639,T5a,T5a_L,L
550640,T4c,T4c_L,L
550650,T5a,T5a_L,L
550651,T4c,T4c_L,L
550654,T4c,T4c_L,L
550663,T5d,T5d_L,L
550664,T5c,T5c_L,L
550665,T5b,T5b_L,L
550673,T4c,T4c_L,L
550674,T5c,T5c_L,L
550676,T4d,T4d_L,L
550680,T4d,T4d_L,L
550692,T4c,T4c_L,L
550698,T4a,T4a_L,L
550699,T5a,T5a_L,L
550700,T4d,T4d_L,L
550703,T4b,T4b_L,L
550704,T5c,T5c_L,L
550707,T4d,T4d_L,L
550709,T4c,T4c_L,L
550712,T5a,T5a_L,L
550715,T4c,T4c_L,L
550717,T4c,T4c_L,L
550730,T4c,T4c_L,L
550732,T5c,T5c_L,L
550735,T5b,T5b_L,L
550738,T4d,T4d_L,L
550742,T4d,T4d_L,L
550743,T4a,T4a_L,L
550745,T4d,T4d_L,L
550746,T4a,T4a_L,L
550748,T5c,T5c_L,L
550752,T4a,T4a_L,L
550758,T5a,T5a_L,L
550759,T5d,T5d_L,L
550762,T4c,T4c_L,L
550776,T5d,T5d_L,L
550777,T5c,T5c_L,L
550779,T4d,T4d_L,L
550789,T4a,T4a_L,L
550790,T5b,T5b_L,L
550791,T5a,T5a_L,L
550796,T5c,T5c_L,L
550800,T5b,T5b_L,L
550801,T4b,T4b_L,L
550802,T4b,T4b_L,L
550803,T5a,T5a_L,L
550806,T5c,T5c_L,L
550809,T4d,T4d_L,L
550840,T4d,T4d_L,L
550852,T4c,T4c_L,L
550877,T4d,T4d_L,L
550881,T4a,T4a_L,L
550897,T4a,T4a_L,L
550904,T4a,T4a_L,L
550905,T4d,T4d_L,L
550912,T4b,T4b_L,L
550921,T4c,T4c_L,L
550930,T5d,T5d_L,L
550931,T4b,T4b_L,L
550937,T4c,T4c_L,L
550940,T4a,T4a_L,L
550942,T4b,T4b_L,L
550947,T5a,T5a_L,L
550955,T4a,T4a_L,L
550962,T4a,T4a_L,L
550963,T4b,T4b_L,L
550973,T4d,T4d_L,L
550976,T5b,T5b_L,L
550980,T4a,T4a_L,L
550985,T4b,T4b_L,L
550995,T5d,T5d_L,L
551000,T4d,T4d_L,L
551004,T5c,T5c_L,L
551007,T5b,T5b_L,L
551013,T4b,T4b_L,L
551018,T5a,T5a_L,L
551019,T5d,T5d_L,L
551020,T4a,T4a_L,L
551021,T4b,T4b_L,L
551024,T4c,T4c_L,L
551025,T4a,T4a_L,L
551038,T5c,T5c_L,L
551039,T4b,T4b_L,L
551042,T4d,T4d_L,L
551043,T4d,T4d_L,L
551045,T4a,T4a_L,L
551046,T5c,T5c_L,L
551054,T4b,T4b_L,L
551057,T5d,T5d_L,L
551060,T4a,T4a_L,L
551075,T4d,T4d_L,L
551080,T4d,T4d_L,L
551087,T4a,T4a_L,L
551090,T5d,T5d_L,L
551098,T4d,T4d_L,L
551102,T4d,T4d_L,L
551116,T4a,T4a_L,L
551124,T5a,T5a_L,L
551132,T4b,T4b_L,L
551133,T5a,T5a_L,L
551144,T4c,T4c_L,L
551149,T4c,T4c_L,L
551155,T4a,T4a_L,L
551156,T4a,T4a_L,L
551158,T4d,T4d_L,L
551166,T4a,T4a_L,L
551192,T4b,T4b_L,L
551195,T4d,T4d_L,L
551232,T5b,T5b_L,L
551242,T5b,T5b_L,L
551285,T5b,T5b_L,L
551290,T5d,T5d_L,L
551312,T4c,T4c_L,L
551338,T5d,T5d_L,L
551389,T4a,T4a_L,L
551390,T4d,T4d_L,L
551392,T4b,T4b_L,L
551401,T5b,T5b_L,L
551512,T4d,T4d_L,L
551522,T4d,T4d_L,L
551528,T4d,T4d_L,L
551532,T4a,T4a_L,L
551539,T4c,T4c_L,L
551542,T4c,T4c_L,L
551543,T5a,T5a_L,L
551567,T4a,T4a_L,L
551572,T4a,T4a_L,L
551577,T4b,T4b_L,L
551592,T5a,T5a_L,L
551626,T4d,T4d_L,L
551640,T4b,T4b_L,L
551643,T5b,T5b_L,L
551647,T4a,T4a_L,L
551684,T4b,T4b_L,L
551693,T4a,T4a_L,L
551702,T4c,T4c_L,L
551748,T4a,T4a_L,L
551752,T4a,T4a_L,L
551800,T5b,T5b_L,L
551807,T4c,T4c_L,L
551809,T5c,T5c_L,L
551813,T4c,T4c_L,L
551825,T4c,T4c_L,L
551834,T4d,T4d_L,L
551880,T4b,T4b_L,L
551885,T4c,T4c_L,L
551893,T4c,T4c_L,L
551902,T4c,T4c_L,L
551905,T4c,T4c_L,L
551906,T5d,T5d_L,L
551915,T4c,T4c_L,L
551924,T4b,T4b_L,L
551930,T4a,T4a_L,L
552002,T4a,T4a_L,L
552064,T5c,T5c_L,L
552102,T4d,T4d_L,L
552122,T5b,T5b_L,L
552136,T5d,T5d_L,L
552209,T4d,T4d_L,L
552227,T5b,T5b_L,L
552233,T4c,T4c_L,L
552238,T4b,T4b_L,L
552250,T5d,T5d_L,L
552260,T5c,T5c_L,L
552287,T5c,T5c_L,L
552333,T5c,T5c_L,L
552436,T5d,T5d_L,L
552438,T4a,T4a_L,L
552455,T4c,T4c_L,L
552458,T5a,T5a_L,L
552491,T4b,T4b_L,L
552498,T4b,T4b_L,L
552517,T4d,T4d_L,L
552524,T5c,T5c_L,L
552583,T5c,T5c_L,L
552600,T4d,T4d_L,L
552610,T4b,T4b_L,L
552611,T4c,T4c_L,L
552623,T4b,T4b_L,L
552633,T5b,T5b_L,L
552654,T4b,T4b_L,L
552670,T4a,T4a_L,L
552673,T5a,T5a_L,L
552710,T4c,T4c_L,L
552724,T4b,T4b_L,L
552727,T4c,T4c_L,L
552735,T5d,T5d_L,L
552747,T4b,T4b_L,L
552759,T4c,T4c_L,L
552784,T5b,T5b_L,L
552869,T4c,T4c_L,L
552965,T4d,T4d_L,L
553002,T4a,T4a_L,L
553024,T5b,T5b_L,L
553031,T4d,T4d_L,L
553144,T4b,T4b_L,L
553152,T4a,T4a_L,L
553203,T4c,T4c_L,L
553217,T5d,T5d_L,L
553417,T4b,T4b_L,L
553457,T5b,T5b_L,L
553479,T4c,T4c_L,L
553491,T5b,T5b_L,L
553567,T4d,T4d_L,L
553604,T4a,T4a_L,L
553630,T4a,T4a_L,L
553679,T5a,T5a_L,L
553690,T4b,T4b_L,L
553723,T4b,T4b_L,L
553757,T4a,T4a_L,L
553871,T5a,T5a_L,L
554080,T4d,T4d_L,L
554121,T5b,T5b_L,L
554133,T4d,T4d_L,L
554182,T5a,T5a_L,L
554192,T4a,T4a_R,R
554211,T5c,T5c_R,R
554311,T4d,T4d_R,R
554753,T4b,T4b_R,R
555697,T5b,T5b_R,R
555734,LPLC1,LPLC1_L,L
555932,T4a,T4a_L,L
556439,T4b,T4b_L,L
556440,T4a,T4a_L,L
556556,LPLC4,LPLC4_L,L
556747,T4b,T4b_L,L
557238,T4d,T4d_R,R
557901,T4b,T4b_L,L
559160,T5c,T5c_L,L
561425,T4c,T4c_L,L
561807,T4c,T4c_L,L
562288,T5c,T5c_L,L
562497,T5c,T5c_L,L
562729,T5b,T5b_L,L
562851,T4a,T4a_L,L
563617,T4a,T4a_L,L
563659,T4b,T4b_L,L
563788,T5b,T5b_L,L
564350,T5c,T5c_L,L
564630,T4c,T4c_L,L
565045,T4a,T4a_L,L
565283,T5c,T5c_R,R
565424,T5c,T5c_L,L
565496,T4b,T4b_L,L
565525,T5a,T5a_L,L
565944,T5a,T5a_L,L
565992,T5a,T5a_L,L
566260,T4a,T4a_L,L
566444,T4d,T4d_L,L
566524,T5b,T5b_L,L
566950,T4b,T4b_L,L
567331,T5a,T5a_L,L
567684,T5b,T5b_L,L
567728,T5a,T5a_L,L
568288,T5a,T5a_L,L
569088,T4b,T4b_L,L
569293,T5d,T5d_L,L
570016,T5d,T5d_L,L
570095,T5b,T5b_L,L
570430,T4a,T4a_L,L
570534,T5a,T5a_L,L
571523,T5d,T5d_L,L
572058,T4b,T4b_L,L
572562,T5a,T5a_L,L
572637,T5d,T5d_L,L
573128,T4c,T4c_L,L
573357,T5c,T5c_L,L
575254,T5b,T5b_L,L
575311,T5b,T5b_L,L
575360,T5d,T5d_L,L
575402,T4d,T4d_L,L
575406,T5c,T5c_L,L
575439,T5d,T5d_L,L
575518,T5a,T5a_L,L
575548,T5a,T5a_L,L
575592,T5c,T5c_L,L
575724,T5d,T5d_L,L
575751,T5b,T5b_L,L
575752,T4d,T4d_L,L
575831,T5a,T5a_L,L
575832,T4a,T4a_L,L
575848,T4b,T4b_L,L
575854,T5a,T5a_L,L
575882,T5c,T5c_L,L
576105,T5b,T5b_L,L
579910,T5d,T5d_L,L
580061,T5b,T5b_L,L
580098,T5b,T5b_L,L
580109,T5b,T5b_L,L
580110,T5d,T5d_L,L
580186,T4b,T4b_L,L
580229,T4c,T4c_L,L
580230,T4d,T4d_L,L
580257,T4c,T4c_L,L
580261,T5a,T5a_L,L
580314,T5c,T5c_L,L
580344,T4c,T4c_L,L
580379,T4b,T4b_L,L
580389,T5b,T5b_L,L
580460,T5b,T5b_L,L
580482,T5b,T5b_L,L
580485,T4c,T4c_L,L
580492,T5b,T5b_L,L
580494,T4d,T4d_L,L
580525,T5c,T5c_L,L
580526,T5b,T5b_L,L
580535,T4b,T4b_L,L
580562,T4a,T4a_L,L
580609,T5c,T5c_L,L
580616,T4a,T4a_L,L
580765,T5d,T5d_L,L
580785,T5d,T5d_L,L
580817,T4a,T4a_L,L
580818,T4d,T4d_L,L
580892,T4b,T4b_L,L
580973,T5d,T5d_L,L
580986,T4c,T4c_L,L
580988,T4c,T4c_L,L
580996,T5a,T5a_L,L
581113,T4c,T4c_L,L
581133,T5a,T5a_L,L
581169,T4b,T4b_L,L
581191,T5d,T5d_L,L
581207,T5c,T5c_L,L
581224,T4b,T4b_L,L
581256,T4d,T4d_L,L
581319,T5a,T5a_L,L
581354,T5c,T5c_L,L
581357,T4d,T4d_L,L
581364,T4b,T4b_L,L
581378,T5d,T5d_L,L
581441,T5c,T5c_L,L
581558,T5a,T5a_L,L
588421,T5d,T5d_L,L
590310,T4c,T4c_L,L
591728,T4d,T4d_L,L
591949,T4c,T4c_L,L
592757,T5a,T5a_L,L
593446,T5b,T5b_L,L
900213,T5b,T5b_L,L
900370,T5d,T5d_L,L
901624,T4d,T4d_L,L
915902,T5b,T5b_L,L
916054,T4c,T4c_L,L
923651,T5a,T5a_L,L
926517,T4d,T4d_L,L
932169,T4a,T4a_L,L
932480,T4a,T4a_L,L
953266,T5d,T5d_L,L
954270,T5d,T5d_L,L
